binary,function,tokens,label
arm_stack_safe_0_x86_O0,safe,push_reg mov_reg_reg sub_reg_imm mov_mem_reg mov_reg_mem lea_reg_mem mov_reg_imm mov_reg_reg mov_reg_reg call_strncpy mov_mem_imm nop leave ret,0
arm_stack_safe_0_x86_O0,_start,xor_reg_reg mov_reg_reg pop_reg mov_reg_reg and_reg_imm push_reg push_reg xor_reg_reg xor_reg_reg mov_reg_imm call_indirect hlt,0
arm_stack_safe_0_x86_O0,main,push_reg mov_reg_reg sub_reg_imm mov_mem_reg mov_mem_reg cmp_mem_imm jle_imm mov_reg_mem add_reg_imm mov_reg_mem mov_reg_reg call_internal mov_reg_imm leave ret,0
arm_stack_safe_0_x86_O1,_start,xor_reg_reg mov_reg_reg pop_reg mov_reg_reg and_reg_imm push_reg push_reg xor_reg_reg xor_reg_reg mov_reg_imm call_indirect hlt,0
arm_stack_safe_0_x86_O1,main,mov_reg_imm ret,0
arm_stack_safe_0_x86_O2,_start,xor_reg_reg mov_reg_reg pop_reg mov_reg_reg and_reg_imm push_reg push_reg xor_reg_reg xor_reg_reg mov_reg_imm call_indirect hlt,0
arm_stack_safe_0_x86_O3,_start,xor_reg_reg mov_reg_reg pop_reg mov_reg_reg and_reg_imm push_reg push_reg xor_reg_reg xor_reg_reg mov_reg_imm call_indirect hlt,0
arm_stack_safe_1_x86_O0,safe,push_reg mov_reg_reg sub_reg_imm mov_mem_reg mov_reg_mem lea_reg_mem mov_reg_imm mov_reg_reg mov_reg_reg call_strncpy mov_mem_imm nop leave ret,0
arm_stack_safe_1_x86_O0,_start,xor_reg_reg mov_reg_reg pop_reg mov_reg_reg and_reg_imm push_reg push_reg xor_reg_reg xor_reg_reg mov_reg_imm call_indirect hlt,0
arm_stack_safe_1_x86_O0,main,push_reg mov_reg_reg sub_reg_imm mov_mem_reg mov_mem_reg cmp_mem_imm jle_imm mov_reg_mem add_reg_imm mov_reg_mem mov_reg_reg call_internal mov_reg_imm leave ret,0
arm_stack_safe_1_x86_O1,_start,xor_reg_reg mov_reg_reg pop_reg mov_reg_reg and_reg_imm push_reg push_reg xor_reg_reg xor_reg_reg mov_reg_imm call_indirect hlt,0
arm_stack_safe_1_x86_O1,main,mov_reg_imm ret,0
arm_stack_safe_1_x86_O2,_start,xor_reg_reg mov_reg_reg pop_reg mov_reg_reg and_reg_imm push_reg push_reg xor_reg_reg xor_reg_reg mov_reg_imm call_indirect hlt,0
arm_stack_safe_1_x86_O3,_start,xor_reg_reg mov_reg_reg pop_reg mov_reg_reg and_reg_imm push_reg push_reg xor_reg_reg xor_reg_reg mov_reg_imm call_indirect hlt,0
arm_stack_safe_2_x86_O0,safe,push_reg mov_reg_reg sub_reg_imm mov_mem_reg mov_reg_mem lea_reg_mem mov_reg_imm mov_reg_reg mov_reg_reg call_strncpy mov_mem_imm nop leave ret,0
arm_stack_safe_2_x86_O0,_start,xor_reg_reg mov_reg_reg pop_reg mov_reg_reg and_reg_imm push_reg push_reg xor_reg_reg xor_reg_reg mov_reg_imm call_indirect hlt,0
arm_stack_safe_2_x86_O0,main,push_reg mov_reg_reg sub_reg_imm mov_mem_reg mov_mem_reg cmp_mem_imm jle_imm mov_reg_mem add_reg_imm mov_reg_mem mov_reg_reg call_internal mov_reg_imm leave ret,0
arm_stack_safe_2_x86_O1,_start,xor_reg_reg mov_reg_reg pop_reg mov_reg_reg and_reg_imm push_reg push_reg xor_reg_reg xor_reg_reg mov_reg_imm call_indirect hlt,0
arm_stack_safe_2_x86_O1,main,mov_reg_imm ret,0
arm_stack_safe_2_x86_O2,_start,xor_reg_reg mov_reg_reg pop_reg mov_reg_reg and_reg_imm push_reg push_reg xor_reg_reg xor_reg_reg mov_reg_imm call_indirect hlt,0
arm_stack_safe_2_x86_O3,_start,xor_reg_reg mov_reg_reg pop_reg mov_reg_reg and_reg_imm push_reg push_reg xor_reg_reg xor_reg_reg mov_reg_imm call_indirect hlt,0
arm_stack_safe_3_x86_O0,safe,push_reg mov_reg_reg sub_reg_imm mov_mem_reg mov_reg_mem lea_reg_mem mov_reg_imm mov_reg_reg mov_reg_reg call_strncpy mov_mem_imm nop leave ret,0
arm_stack_safe_3_x86_O0,_start,xor_reg_reg mov_reg_reg pop_reg mov_reg_reg and_reg_imm push_reg push_reg xor_reg_reg xor_reg_reg mov_reg_imm call_indirect hlt,0
arm_stack_safe_3_x86_O0,main,push_reg mov_reg_reg sub_reg_imm mov_mem_reg mov_mem_reg cmp_mem_imm jle_imm mov_reg_mem add_reg_imm mov_reg_mem mov_reg_reg call_internal mov_reg_imm leave ret,0
arm_stack_safe_3_x86_O1,_start,xor_reg_reg mov_reg_reg pop_reg mov_reg_reg and_reg_imm push_reg push_reg xor_reg_reg xor_reg_reg mov_reg_imm call_indirect hlt,0
arm_stack_safe_3_x86_O1,main,mov_reg_imm ret,0
arm_stack_safe_3_x86_O2,_start,xor_reg_reg mov_reg_reg pop_reg mov_reg_reg and_reg_imm push_reg push_reg xor_reg_reg xor_reg_reg mov_reg_imm call_indirect hlt,0
arm_stack_safe_3_x86_O3,_start,xor_reg_reg mov_reg_reg pop_reg mov_reg_reg and_reg_imm push_reg push_reg xor_reg_reg xor_reg_reg mov_reg_imm call_indirect hlt,0
arm_stack_safe_4_x86_O0,safe,push_reg mov_reg_reg sub_reg_imm mov_mem_reg mov_reg_mem lea_reg_mem mov_reg_imm mov_reg_reg mov_reg_reg call_strncpy mov_mem_imm nop leave ret,0
arm_stack_safe_4_x86_O0,_start,xor_reg_reg mov_reg_reg pop_reg mov_reg_reg and_reg_imm push_reg push_reg xor_reg_reg xor_reg_reg mov_reg_imm call_indirect hlt,0
arm_stack_safe_4_x86_O0,main,push_reg mov_reg_reg sub_reg_imm mov_mem_reg mov_mem_reg cmp_mem_imm jle_imm mov_reg_mem add_reg_imm mov_reg_mem mov_reg_reg call_internal mov_reg_imm leave ret,0
arm_stack_safe_4_x86_O1,_start,xor_reg_reg mov_reg_reg pop_reg mov_reg_reg and_reg_imm push_reg push_reg xor_reg_reg xor_reg_reg mov_reg_imm call_indirect hlt,0
arm_stack_safe_4_x86_O1,main,mov_reg_imm ret,0
arm_stack_safe_4_x86_O2,_start,xor_reg_reg mov_reg_reg pop_reg mov_reg_reg and_reg_imm push_reg push_reg xor_reg_reg xor_reg_reg mov_reg_imm call_indirect hlt,0
arm_stack_safe_4_x86_O3,_start,xor_reg_reg mov_reg_reg pop_reg mov_reg_reg and_reg_imm push_reg push_reg xor_reg_reg xor_reg_reg mov_reg_imm call_indirect hlt,0
arm_stack_safe_5_x86_O0,safe,push_reg mov_reg_reg sub_reg_imm mov_mem_reg mov_reg_mem lea_reg_mem mov_reg_imm mov_reg_reg mov_reg_reg call_strncpy mov_mem_imm nop leave ret,0
arm_stack_safe_5_x86_O0,_start,xor_reg_reg mov_reg_reg pop_reg mov_reg_reg and_reg_imm push_reg push_reg xor_reg_reg xor_reg_reg mov_reg_imm call_indirect hlt,0
arm_stack_safe_5_x86_O0,main,push_reg mov_reg_reg sub_reg_imm mov_mem_reg mov_mem_reg cmp_mem_imm jle_imm mov_reg_mem add_reg_imm mov_reg_mem mov_reg_reg call_internal mov_reg_imm leave ret,0
arm_stack_safe_5_x86_O1,_start,xor_reg_reg mov_reg_reg pop_reg mov_reg_reg and_reg_imm push_reg push_reg xor_reg_reg xor_reg_reg mov_reg_imm call_indirect hlt,0
arm_stack_safe_5_x86_O1,main,mov_reg_imm ret,0
arm_stack_safe_5_x86_O2,_start,xor_reg_reg mov_reg_reg pop_reg mov_reg_reg and_reg_imm push_reg push_reg xor_reg_reg xor_reg_reg mov_reg_imm call_indirect hlt,0
arm_stack_safe_5_x86_O3,_start,xor_reg_reg mov_reg_reg pop_reg mov_reg_reg and_reg_imm push_reg push_reg xor_reg_reg xor_reg_reg mov_reg_imm call_indirect hlt,0
arm_stack_safe_6_x86_O0,safe,push_reg mov_reg_reg sub_reg_imm mov_mem_reg mov_reg_mem lea_reg_mem mov_reg_imm mov_reg_reg mov_reg_reg call_strncpy mov_mem_imm nop leave ret,0
arm_stack_safe_6_x86_O0,_start,xor_reg_reg mov_reg_reg pop_reg mov_reg_reg and_reg_imm push_reg push_reg xor_reg_reg xor_reg_reg mov_reg_imm call_indirect hlt,0
arm_stack_safe_6_x86_O0,main,push_reg mov_reg_reg sub_reg_imm mov_mem_reg mov_mem_reg cmp_mem_imm jle_imm mov_reg_mem add_reg_imm mov_reg_mem mov_reg_reg call_internal mov_reg_imm leave ret,0
arm_stack_safe_6_x86_O1,_start,xor_reg_reg mov_reg_reg pop_reg mov_reg_reg and_reg_imm push_reg push_reg xor_reg_reg xor_reg_reg mov_reg_imm call_indirect hlt,0
arm_stack_safe_6_x86_O1,main,mov_reg_imm ret,0
arm_stack_safe_6_x86_O2,_start,xor_reg_reg mov_reg_reg pop_reg mov_reg_reg and_reg_imm push_reg push_reg xor_reg_reg xor_reg_reg mov_reg_imm call_indirect hlt,0
arm_stack_safe_6_x86_O3,_start,xor_reg_reg mov_reg_reg pop_reg mov_reg_reg and_reg_imm push_reg push_reg xor_reg_reg xor_reg_reg mov_reg_imm call_indirect hlt,0
arm_stack_safe_7_x86_O0,safe,push_reg mov_reg_reg sub_reg_imm mov_mem_reg mov_reg_mem lea_reg_mem mov_reg_imm mov_reg_reg mov_reg_reg call_strncpy mov_mem_imm nop leave ret,0
arm_stack_safe_7_x86_O0,_start,xor_reg_reg mov_reg_reg pop_reg mov_reg_reg and_reg_imm push_reg push_reg xor_reg_reg xor_reg_reg mov_reg_imm call_indirect hlt,0
arm_stack_safe_7_x86_O0,main,push_reg mov_reg_reg sub_reg_imm mov_mem_reg mov_mem_reg cmp_mem_imm jle_imm mov_reg_mem add_reg_imm mov_reg_mem mov_reg_reg call_internal mov_reg_imm leave ret,0
arm_stack_safe_7_x86_O1,_start,xor_reg_reg mov_reg_reg pop_reg mov_reg_reg and_reg_imm push_reg push_reg xor_reg_reg xor_reg_reg mov_reg_imm call_indirect hlt,0
arm_stack_safe_7_x86_O1,main,mov_reg_imm ret,0
arm_stack_safe_7_x86_O2,_start,xor_reg_reg mov_reg_reg pop_reg mov_reg_reg and_reg_imm push_reg push_reg xor_reg_reg xor_reg_reg mov_reg_imm call_indirect hlt,0
arm_stack_safe_7_x86_O3,_start,xor_reg_reg mov_reg_reg pop_reg mov_reg_reg and_reg_imm push_reg push_reg xor_reg_reg xor_reg_reg mov_reg_imm call_indirect hlt,0
arm_stack_safe_8_x86_O0,safe,push_reg mov_reg_reg sub_reg_imm mov_mem_reg mov_reg_mem lea_reg_mem mov_reg_imm mov_reg_reg mov_reg_reg call_strncpy mov_mem_imm nop leave ret,0
arm_stack_safe_8_x86_O0,_start,xor_reg_reg mov_reg_reg pop_reg mov_reg_reg and_reg_imm push_reg push_reg xor_reg_reg xor_reg_reg mov_reg_imm call_indirect hlt,0
arm_stack_safe_8_x86_O0,main,push_reg mov_reg_reg sub_reg_imm mov_mem_reg mov_mem_reg cmp_mem_imm jle_imm mov_reg_mem add_reg_imm mov_reg_mem mov_reg_reg call_internal mov_reg_imm leave ret,0
arm_stack_safe_8_x86_O1,_start,xor_reg_reg mov_reg_reg pop_reg mov_reg_reg and_reg_imm push_reg push_reg xor_reg_reg xor_reg_reg mov_reg_imm call_indirect hlt,0
arm_stack_safe_8_x86_O1,main,mov_reg_imm ret,0
arm_stack_safe_8_x86_O2,_start,xor_reg_reg mov_reg_reg pop_reg mov_reg_reg and_reg_imm push_reg push_reg xor_reg_reg xor_reg_reg mov_reg_imm call_indirect hlt,0
arm_stack_safe_8_x86_O3,_start,xor_reg_reg mov_reg_reg pop_reg mov_reg_reg and_reg_imm push_reg push_reg xor_reg_reg xor_reg_reg mov_reg_imm call_indirect hlt,0
arm_stack_safe_9_x86_O0,safe,push_reg mov_reg_reg sub_reg_imm mov_mem_reg mov_reg_mem lea_reg_mem mov_reg_imm mov_reg_reg mov_reg_reg call_strncpy mov_mem_imm nop leave ret,0
arm_stack_safe_9_x86_O0,_start,xor_reg_reg mov_reg_reg pop_reg mov_reg_reg and_reg_imm push_reg push_reg xor_reg_reg xor_reg_reg mov_reg_imm call_indirect hlt,0
arm_stack_safe_9_x86_O0,main,push_reg mov_reg_reg sub_reg_imm mov_mem_reg mov_mem_reg cmp_mem_imm jle_imm mov_reg_mem add_reg_imm mov_reg_mem mov_reg_reg call_internal mov_reg_imm leave ret,0
arm_stack_safe_9_x86_O1,_start,xor_reg_reg mov_reg_reg pop_reg mov_reg_reg and_reg_imm push_reg push_reg xor_reg_reg xor_reg_reg mov_reg_imm call_indirect hlt,0
arm_stack_safe_9_x86_O1,main,mov_reg_imm ret,0
arm_stack_safe_9_x86_O2,_start,xor_reg_reg mov_reg_reg pop_reg mov_reg_reg and_reg_imm push_reg push_reg xor_reg_reg xor_reg_reg mov_reg_imm call_indirect hlt,0
arm_stack_safe_9_x86_O3,_start,xor_reg_reg mov_reg_reg pop_reg mov_reg_reg and_reg_imm push_reg push_reg xor_reg_reg xor_reg_reg mov_reg_imm call_indirect hlt,0
arm_stack_vuln_0_x86_O0,_start,xor_reg_reg mov_reg_reg pop_reg mov_reg_reg and_reg_imm push_reg push_reg xor_reg_reg xor_reg_reg mov_reg_imm call_indirect hlt,0
arm_stack_vuln_0_x86_O0,main,push_reg mov_reg_reg sub_reg_imm mov_mem_reg mov_mem_reg cmp_mem_imm jle_imm mov_reg_mem add_reg_imm mov_reg_mem mov_reg_reg call_internal mov_reg_imm leave ret,0
arm_stack_vuln_0_x86_O0,vulnerable,push_reg mov_reg_reg sub_reg_imm mov_mem_reg mov_reg_mem lea_reg_mem mov_reg_reg mov_reg_reg call_strcpy nop leave ret,1
arm_stack_vuln_0_x86_O1,_start,xor_reg_reg mov_reg_reg pop_reg mov_reg_reg and_reg_imm push_reg push_reg xor_reg_reg xor_reg_reg mov_reg_imm call_indirect hlt,0
arm_stack_vuln_0_x86_O1,main,cmp_reg_imm jg_imm mov_reg_imm ret sub_reg_imm mov_reg_mem call_internal mov_reg_imm add_reg_imm ret,0
arm_stack_vuln_0_x86_O1,vulnerable,sub_reg_imm mov_reg_reg mov_reg_reg call_strcpy add_reg_imm ret,1
arm_stack_vuln_0_x86_O2,_start,xor_reg_reg mov_reg_reg pop_reg mov_reg_reg and_reg_imm push_reg push_reg xor_reg_reg xor_reg_reg mov_reg_imm call_indirect hlt,0
arm_stack_vuln_0_x86_O2,main,cmp_reg_imm jg_imm xor_reg_reg ret sub_reg_imm mov_reg_mem mov_reg_reg call_strcpy xor_reg_reg add_reg_imm ret,0
arm_stack_vuln_0_x86_O2,vulnerable,sub_reg_imm mov_reg_reg mov_reg_reg call_strcpy add_reg_imm ret,1
arm_stack_vuln_0_x86_O3,_start,xor_reg_reg mov_reg_reg pop_reg mov_reg_reg and_reg_imm push_reg push_reg xor_reg_reg xor_reg_reg mov_reg_imm call_indirect hlt,0
arm_stack_vuln_0_x86_O3,main,cmp_reg_imm jg_imm xor_reg_reg ret sub_reg_imm mov_reg_mem mov_reg_reg call_strcpy xor_reg_reg add_reg_imm ret,0
arm_stack_vuln_0_x86_O3,vulnerable,sub_reg_imm mov_reg_reg mov_reg_reg call_strcpy add_reg_imm ret,1
arm_stack_vuln_1_x86_O0,_start,xor_reg_reg mov_reg_reg pop_reg mov_reg_reg and_reg_imm push_reg push_reg xor_reg_reg xor_reg_reg mov_reg_imm call_indirect hlt,0
arm_stack_vuln_1_x86_O0,main,push_reg mov_reg_reg sub_reg_imm mov_mem_reg mov_mem_reg cmp_mem_imm jle_imm mov_reg_mem add_reg_imm mov_reg_mem mov_reg_reg call_internal mov_reg_imm leave ret,0
arm_stack_vuln_1_x86_O0,vulnerable,push_reg mov_reg_reg sub_reg_imm mov_mem_reg mov_reg_mem lea_reg_mem mov_reg_reg mov_reg_reg call_strcpy nop leave ret,1
arm_stack_vuln_1_x86_O1,_start,xor_reg_reg mov_reg_reg pop_reg mov_reg_reg and_reg_imm push_reg push_reg xor_reg_reg xor_reg_reg mov_reg_imm call_indirect hlt,0
arm_stack_vuln_1_x86_O1,main,cmp_reg_imm jg_imm mov_reg_imm ret sub_reg_imm mov_reg_mem call_internal mov_reg_imm add_reg_imm ret,0
arm_stack_vuln_1_x86_O1,vulnerable,sub_reg_imm mov_reg_reg mov_reg_reg call_strcpy add_reg_imm ret,1
arm_stack_vuln_1_x86_O2,_start,xor_reg_reg mov_reg_reg pop_reg mov_reg_reg and_reg_imm push_reg push_reg xor_reg_reg xor_reg_reg mov_reg_imm call_indirect hlt,0
arm_stack_vuln_1_x86_O2,main,cmp_reg_imm jg_imm xor_reg_reg ret sub_reg_imm mov_reg_mem mov_reg_reg call_strcpy xor_reg_reg add_reg_imm ret,0
arm_stack_vuln_1_x86_O2,vulnerable,sub_reg_imm mov_reg_reg mov_reg_reg call_strcpy add_reg_imm ret,1
arm_stack_vuln_1_x86_O3,_start,xor_reg_reg mov_reg_reg pop_reg mov_reg_reg and_reg_imm push_reg push_reg xor_reg_reg xor_reg_reg mov_reg_imm call_indirect hlt,0
arm_stack_vuln_1_x86_O3,main,cmp_reg_imm jg_imm xor_reg_reg ret sub_reg_imm mov_reg_mem mov_reg_reg call_strcpy xor_reg_reg add_reg_imm ret,0
arm_stack_vuln_1_x86_O3,vulnerable,sub_reg_imm mov_reg_reg mov_reg_reg call_strcpy add_reg_imm ret,1
arm_stack_vuln_2_x86_O0,_start,xor_reg_reg mov_reg_reg pop_reg mov_reg_reg and_reg_imm push_reg push_reg xor_reg_reg xor_reg_reg mov_reg_imm call_indirect hlt,0
arm_stack_vuln_2_x86_O0,main,push_reg mov_reg_reg sub_reg_imm mov_mem_reg mov_mem_reg cmp_mem_imm jle_imm mov_reg_mem add_reg_imm mov_reg_mem mov_reg_reg call_internal mov_reg_imm leave ret,0
arm_stack_vuln_2_x86_O0,vulnerable,push_reg mov_reg_reg sub_reg_imm mov_mem_reg mov_reg_mem lea_reg_mem mov_reg_reg mov_reg_reg call_strcpy nop leave ret,1
arm_stack_vuln_2_x86_O1,_start,xor_reg_reg mov_reg_reg pop_reg mov_reg_reg and_reg_imm push_reg push_reg xor_reg_reg xor_reg_reg mov_reg_imm call_indirect hlt,0
arm_stack_vuln_2_x86_O1,main,cmp_reg_imm jg_imm mov_reg_imm ret sub_reg_imm mov_reg_mem call_internal mov_reg_imm add_reg_imm ret,0
arm_stack_vuln_2_x86_O1,vulnerable,sub_reg_imm mov_reg_reg mov_reg_reg call_strcpy add_reg_imm ret,1
arm_stack_vuln_2_x86_O2,_start,xor_reg_reg mov_reg_reg pop_reg mov_reg_reg and_reg_imm push_reg push_reg xor_reg_reg xor_reg_reg mov_reg_imm call_indirect hlt,0
arm_stack_vuln_2_x86_O2,main,cmp_reg_imm jg_imm xor_reg_reg ret sub_reg_imm mov_reg_mem mov_reg_reg call_strcpy xor_reg_reg add_reg_imm ret,0
arm_stack_vuln_2_x86_O2,vulnerable,sub_reg_imm mov_reg_reg mov_reg_reg call_strcpy add_reg_imm ret,1
arm_stack_vuln_2_x86_O3,_start,xor_reg_reg mov_reg_reg pop_reg mov_reg_reg and_reg_imm push_reg push_reg xor_reg_reg xor_reg_reg mov_reg_imm call_indirect hlt,0
arm_stack_vuln_2_x86_O3,main,cmp_reg_imm jg_imm xor_reg_reg ret sub_reg_imm mov_reg_mem mov_reg_reg call_strcpy xor_reg_reg add_reg_imm ret,0
arm_stack_vuln_2_x86_O3,vulnerable,sub_reg_imm mov_reg_reg mov_reg_reg call_strcpy add_reg_imm ret,1
arm_stack_vuln_3_x86_O0,_start,xor_reg_reg mov_reg_reg pop_reg mov_reg_reg and_reg_imm push_reg push_reg xor_reg_reg xor_reg_reg mov_reg_imm call_indirect hlt,0
arm_stack_vuln_3_x86_O0,main,push_reg mov_reg_reg sub_reg_imm mov_mem_reg mov_mem_reg cmp_mem_imm jle_imm mov_reg_mem add_reg_imm mov_reg_mem mov_reg_reg call_internal mov_reg_imm leave ret,0
arm_stack_vuln_3_x86_O0,vulnerable,push_reg mov_reg_reg sub_reg_imm mov_mem_reg mov_reg_mem lea_reg_mem mov_reg_reg mov_reg_reg call_strcpy nop leave ret,1
arm_stack_vuln_3_x86_O1,_start,xor_reg_reg mov_reg_reg pop_reg mov_reg_reg and_reg_imm push_reg push_reg xor_reg_reg xor_reg_reg mov_reg_imm call_indirect hlt,0
arm_stack_vuln_3_x86_O1,main,cmp_reg_imm jg_imm mov_reg_imm ret sub_reg_imm mov_reg_mem call_internal mov_reg_imm add_reg_imm ret,0
arm_stack_vuln_3_x86_O1,vulnerable,sub_reg_imm mov_reg_reg mov_reg_reg call_strcpy add_reg_imm ret,1
arm_stack_vuln_3_x86_O2,_start,xor_reg_reg mov_reg_reg pop_reg mov_reg_reg and_reg_imm push_reg push_reg xor_reg_reg xor_reg_reg mov_reg_imm call_indirect hlt,0
arm_stack_vuln_3_x86_O2,main,cmp_reg_imm jg_imm xor_reg_reg ret sub_reg_imm mov_reg_mem mov_reg_reg call_strcpy xor_reg_reg add_reg_imm ret,0
arm_stack_vuln_3_x86_O2,vulnerable,sub_reg_imm mov_reg_reg mov_reg_reg call_strcpy add_reg_imm ret,1
arm_stack_vuln_3_x86_O3,_start,xor_reg_reg mov_reg_reg pop_reg mov_reg_reg and_reg_imm push_reg push_reg xor_reg_reg xor_reg_reg mov_reg_imm call_indirect hlt,0
arm_stack_vuln_3_x86_O3,main,cmp_reg_imm jg_imm xor_reg_reg ret sub_reg_imm mov_reg_mem mov_reg_reg call_strcpy xor_reg_reg add_reg_imm ret,0
arm_stack_vuln_3_x86_O3,vulnerable,sub_reg_imm mov_reg_reg mov_reg_reg call_strcpy add_reg_imm ret,1
arm_stack_vuln_4_x86_O0,_start,xor_reg_reg mov_reg_reg pop_reg mov_reg_reg and_reg_imm push_reg push_reg xor_reg_reg xor_reg_reg mov_reg_imm call_indirect hlt,0
arm_stack_vuln_4_x86_O0,main,push_reg mov_reg_reg sub_reg_imm mov_mem_reg mov_mem_reg cmp_mem_imm jle_imm mov_reg_mem add_reg_imm mov_reg_mem mov_reg_reg call_internal mov_reg_imm leave ret,0
arm_stack_vuln_4_x86_O0,vulnerable,push_reg mov_reg_reg sub_reg_imm mov_mem_reg mov_reg_mem lea_reg_mem mov_reg_reg mov_reg_reg call_strcpy nop leave ret,1
arm_stack_vuln_4_x86_O1,_start,xor_reg_reg mov_reg_reg pop_reg mov_reg_reg and_reg_imm push_reg push_reg xor_reg_reg xor_reg_reg mov_reg_imm call_indirect hlt,0
arm_stack_vuln_4_x86_O1,main,cmp_reg_imm jg_imm mov_reg_imm ret sub_reg_imm mov_reg_mem call_internal mov_reg_imm add_reg_imm ret,0
arm_stack_vuln_4_x86_O1,vulnerable,sub_reg_imm mov_reg_reg mov_reg_reg call_strcpy add_reg_imm ret,1
arm_stack_vuln_4_x86_O2,_start,xor_reg_reg mov_reg_reg pop_reg mov_reg_reg and_reg_imm push_reg push_reg xor_reg_reg xor_reg_reg mov_reg_imm call_indirect hlt,0
arm_stack_vuln_4_x86_O2,main,cmp_reg_imm jg_imm xor_reg_reg ret sub_reg_imm mov_reg_mem mov_reg_reg call_strcpy xor_reg_reg add_reg_imm ret,0
arm_stack_vuln_4_x86_O2,vulnerable,sub_reg_imm mov_reg_reg mov_reg_reg call_strcpy add_reg_imm ret,1
arm_stack_vuln_4_x86_O3,_start,xor_reg_reg mov_reg_reg pop_reg mov_reg_reg and_reg_imm push_reg push_reg xor_reg_reg xor_reg_reg mov_reg_imm call_indirect hlt,0
arm_stack_vuln_4_x86_O3,main,cmp_reg_imm jg_imm xor_reg_reg ret sub_reg_imm mov_reg_mem mov_reg_reg call_strcpy xor_reg_reg add_reg_imm ret,0
arm_stack_vuln_4_x86_O3,vulnerable,sub_reg_imm mov_reg_reg mov_reg_reg call_strcpy add_reg_imm ret,1
arm_stack_vuln_5_x86_O0,_start,xor_reg_reg mov_reg_reg pop_reg mov_reg_reg and_reg_imm push_reg push_reg xor_reg_reg xor_reg_reg mov_reg_imm call_indirect hlt,0
arm_stack_vuln_5_x86_O0,main,push_reg mov_reg_reg sub_reg_imm mov_mem_reg mov_mem_reg cmp_mem_imm jle_imm mov_reg_mem add_reg_imm mov_reg_mem mov_reg_reg call_internal mov_reg_imm leave ret,0
arm_stack_vuln_5_x86_O0,vulnerable,push_reg mov_reg_reg sub_reg_imm mov_mem_reg mov_reg_mem lea_reg_mem mov_reg_reg mov_reg_reg call_strcpy nop leave ret,1
arm_stack_vuln_5_x86_O1,_start,xor_reg_reg mov_reg_reg pop_reg mov_reg_reg and_reg_imm push_reg push_reg xor_reg_reg xor_reg_reg mov_reg_imm call_indirect hlt,0
arm_stack_vuln_5_x86_O1,main,cmp_reg_imm jg_imm mov_reg_imm ret sub_reg_imm mov_reg_mem call_internal mov_reg_imm add_reg_imm ret,0
arm_stack_vuln_5_x86_O1,vulnerable,sub_reg_imm mov_reg_reg mov_reg_reg call_strcpy add_reg_imm ret,1
arm_stack_vuln_5_x86_O2,_start,xor_reg_reg mov_reg_reg pop_reg mov_reg_reg and_reg_imm push_reg push_reg xor_reg_reg xor_reg_reg mov_reg_imm call_indirect hlt,0
arm_stack_vuln_5_x86_O2,main,cmp_reg_imm jg_imm xor_reg_reg ret sub_reg_imm mov_reg_mem mov_reg_reg call_strcpy xor_reg_reg add_reg_imm ret,0
arm_stack_vuln_5_x86_O2,vulnerable,sub_reg_imm mov_reg_reg mov_reg_reg call_strcpy add_reg_imm ret,1
arm_stack_vuln_5_x86_O3,_start,xor_reg_reg mov_reg_reg pop_reg mov_reg_reg and_reg_imm push_reg push_reg xor_reg_reg xor_reg_reg mov_reg_imm call_indirect hlt,0
arm_stack_vuln_5_x86_O3,main,cmp_reg_imm jg_imm xor_reg_reg ret sub_reg_imm mov_reg_mem mov_reg_reg call_strcpy xor_reg_reg add_reg_imm ret,0
arm_stack_vuln_5_x86_O3,vulnerable,sub_reg_imm mov_reg_reg mov_reg_reg call_strcpy add_reg_imm ret,1
arm_stack_vuln_6_x86_O0,_start,xor_reg_reg mov_reg_reg pop_reg mov_reg_reg and_reg_imm push_reg push_reg xor_reg_reg xor_reg_reg mov_reg_imm call_indirect hlt,0
arm_stack_vuln_6_x86_O0,main,push_reg mov_reg_reg sub_reg_imm mov_mem_reg mov_mem_reg cmp_mem_imm jle_imm mov_reg_mem add_reg_imm mov_reg_mem mov_reg_reg call_internal mov_reg_imm leave ret,0
arm_stack_vuln_6_x86_O0,vulnerable,push_reg mov_reg_reg sub_reg_imm mov_mem_reg mov_reg_mem lea_reg_mem mov_reg_reg mov_reg_reg call_strcpy nop leave ret,1
arm_stack_vuln_6_x86_O1,_start,xor_reg_reg mov_reg_reg pop_reg mov_reg_reg and_reg_imm push_reg push_reg xor_reg_reg xor_reg_reg mov_reg_imm call_indirect hlt,0
arm_stack_vuln_6_x86_O1,main,cmp_reg_imm jg_imm mov_reg_imm ret sub_reg_imm mov_reg_mem call_internal mov_reg_imm add_reg_imm ret,0
arm_stack_vuln_6_x86_O1,vulnerable,sub_reg_imm mov_reg_reg mov_reg_reg call_strcpy add_reg_imm ret,1
arm_stack_vuln_6_x86_O2,_start,xor_reg_reg mov_reg_reg pop_reg mov_reg_reg and_reg_imm push_reg push_reg xor_reg_reg xor_reg_reg mov_reg_imm call_indirect hlt,0
arm_stack_vuln_6_x86_O2,main,cmp_reg_imm jg_imm xor_reg_reg ret sub_reg_imm mov_reg_mem mov_reg_reg call_strcpy xor_reg_reg add_reg_imm ret,0
arm_stack_vuln_6_x86_O2,vulnerable,sub_reg_imm mov_reg_reg mov_reg_reg call_strcpy add_reg_imm ret,1
arm_stack_vuln_6_x86_O3,_start,xor_reg_reg mov_reg_reg pop_reg mov_reg_reg and_reg_imm push_reg push_reg xor_reg_reg xor_reg_reg mov_reg_imm call_indirect hlt,0
arm_stack_vuln_6_x86_O3,main,cmp_reg_imm jg_imm xor_reg_reg ret sub_reg_imm mov_reg_mem mov_reg_reg call_strcpy xor_reg_reg add_reg_imm ret,0
arm_stack_vuln_6_x86_O3,vulnerable,sub_reg_imm mov_reg_reg mov_reg_reg call_strcpy add_reg_imm ret,1
arm_stack_vuln_7_x86_O0,_start,xor_reg_reg mov_reg_reg pop_reg mov_reg_reg and_reg_imm push_reg push_reg xor_reg_reg xor_reg_reg mov_reg_imm call_indirect hlt,0
arm_stack_vuln_7_x86_O0,main,push_reg mov_reg_reg sub_reg_imm mov_mem_reg mov_mem_reg cmp_mem_imm jle_imm mov_reg_mem add_reg_imm mov_reg_mem mov_reg_reg call_internal mov_reg_imm leave ret,0
arm_stack_vuln_7_x86_O0,vulnerable,push_reg mov_reg_reg sub_reg_imm mov_mem_reg mov_reg_mem lea_reg_mem mov_reg_reg mov_reg_reg call_strcpy nop leave ret,1
arm_stack_vuln_7_x86_O1,_start,xor_reg_reg mov_reg_reg pop_reg mov_reg_reg and_reg_imm push_reg push_reg xor_reg_reg xor_reg_reg mov_reg_imm call_indirect hlt,0
arm_stack_vuln_7_x86_O1,main,cmp_reg_imm jg_imm mov_reg_imm ret sub_reg_imm mov_reg_mem call_internal mov_reg_imm add_reg_imm ret,0
arm_stack_vuln_7_x86_O1,vulnerable,sub_reg_imm mov_reg_reg mov_reg_reg call_strcpy add_reg_imm ret,1
arm_stack_vuln_7_x86_O2,_start,xor_reg_reg mov_reg_reg pop_reg mov_reg_reg and_reg_imm push_reg push_reg xor_reg_reg xor_reg_reg mov_reg_imm call_indirect hlt,0
arm_stack_vuln_7_x86_O2,main,cmp_reg_imm jg_imm xor_reg_reg ret sub_reg_imm mov_reg_mem mov_reg_reg call_strcpy xor_reg_reg add_reg_imm ret,0
arm_stack_vuln_7_x86_O2,vulnerable,sub_reg_imm mov_reg_reg mov_reg_reg call_strcpy add_reg_imm ret,1
arm_stack_vuln_7_x86_O3,_start,xor_reg_reg mov_reg_reg pop_reg mov_reg_reg and_reg_imm push_reg push_reg xor_reg_reg xor_reg_reg mov_reg_imm call_indirect hlt,0
arm_stack_vuln_7_x86_O3,main,cmp_reg_imm jg_imm xor_reg_reg ret sub_reg_imm mov_reg_mem mov_reg_reg call_strcpy xor_reg_reg add_reg_imm ret,0
arm_stack_vuln_7_x86_O3,vulnerable,sub_reg_imm mov_reg_reg mov_reg_reg call_strcpy add_reg_imm ret,1
arm_stack_vuln_8_x86_O0,_start,xor_reg_reg mov_reg_reg pop_reg mov_reg_reg and_reg_imm push_reg push_reg xor_reg_reg xor_reg_reg mov_reg_imm call_indirect hlt,0
arm_stack_vuln_8_x86_O0,main,push_reg mov_reg_reg sub_reg_imm mov_mem_reg mov_mem_reg cmp_mem_imm jle_imm mov_reg_mem add_reg_imm mov_reg_mem mov_reg_reg call_internal mov_reg_imm leave ret,0
arm_stack_vuln_8_x86_O0,vulnerable,push_reg mov_reg_reg sub_reg_imm mov_mem_reg mov_reg_mem lea_reg_mem mov_reg_reg mov_reg_reg call_strcpy nop leave ret,1
arm_stack_vuln_8_x86_O1,_start,xor_reg_reg mov_reg_reg pop_reg mov_reg_reg and_reg_imm push_reg push_reg xor_reg_reg xor_reg_reg mov_reg_imm call_indirect hlt,0
arm_stack_vuln_8_x86_O1,main,cmp_reg_imm jg_imm mov_reg_imm ret sub_reg_imm mov_reg_mem call_internal mov_reg_imm add_reg_imm ret,0
arm_stack_vuln_8_x86_O1,vulnerable,sub_reg_imm mov_reg_reg mov_reg_reg call_strcpy add_reg_imm ret,1
arm_stack_vuln_8_x86_O2,_start,xor_reg_reg mov_reg_reg pop_reg mov_reg_reg and_reg_imm push_reg push_reg xor_reg_reg xor_reg_reg mov_reg_imm call_indirect hlt,0
arm_stack_vuln_8_x86_O2,main,cmp_reg_imm jg_imm xor_reg_reg ret sub_reg_imm mov_reg_mem mov_reg_reg call_strcpy xor_reg_reg add_reg_imm ret,0
arm_stack_vuln_8_x86_O2,vulnerable,sub_reg_imm mov_reg_reg mov_reg_reg call_strcpy add_reg_imm ret,1
arm_stack_vuln_8_x86_O3,_start,xor_reg_reg mov_reg_reg pop_reg mov_reg_reg and_reg_imm push_reg push_reg xor_reg_reg xor_reg_reg mov_reg_imm call_indirect hlt,0
arm_stack_vuln_8_x86_O3,main,cmp_reg_imm jg_imm xor_reg_reg ret sub_reg_imm mov_reg_mem mov_reg_reg call_strcpy xor_reg_reg add_reg_imm ret,0
arm_stack_vuln_8_x86_O3,vulnerable,sub_reg_imm mov_reg_reg mov_reg_reg call_strcpy add_reg_imm ret,1
arm_stack_vuln_9_x86_O0,_start,xor_reg_reg mov_reg_reg pop_reg mov_reg_reg and_reg_imm push_reg push_reg xor_reg_reg xor_reg_reg mov_reg_imm call_indirect hlt,0
arm_stack_vuln_9_x86_O0,main,push_reg mov_reg_reg sub_reg_imm mov_mem_reg mov_mem_reg cmp_mem_imm jle_imm mov_reg_mem add_reg_imm mov_reg_mem mov_reg_reg call_internal mov_reg_imm leave ret,0
arm_stack_vuln_9_x86_O0,vulnerable,push_reg mov_reg_reg sub_reg_imm mov_mem_reg mov_reg_mem lea_reg_mem mov_reg_reg mov_reg_reg call_strcpy nop leave ret,1
arm_stack_vuln_9_x86_O1,_start,xor_reg_reg mov_reg_reg pop_reg mov_reg_reg and_reg_imm push_reg push_reg xor_reg_reg xor_reg_reg mov_reg_imm call_indirect hlt,0
arm_stack_vuln_9_x86_O1,main,cmp_reg_imm jg_imm mov_reg_imm ret sub_reg_imm mov_reg_mem call_internal mov_reg_imm add_reg_imm ret,0
arm_stack_vuln_9_x86_O1,vulnerable,sub_reg_imm mov_reg_reg mov_reg_reg call_strcpy add_reg_imm ret,1
arm_stack_vuln_9_x86_O2,_start,xor_reg_reg mov_reg_reg pop_reg mov_reg_reg and_reg_imm push_reg push_reg xor_reg_reg xor_reg_reg mov_reg_imm call_indirect hlt,0
arm_stack_vuln_9_x86_O2,main,cmp_reg_imm jg_imm xor_reg_reg ret sub_reg_imm mov_reg_mem mov_reg_reg call_strcpy xor_reg_reg add_reg_imm ret,0
arm_stack_vuln_9_x86_O2,vulnerable,sub_reg_imm mov_reg_reg mov_reg_reg call_strcpy add_reg_imm ret,1
arm_stack_vuln_9_x86_O3,_start,xor_reg_reg mov_reg_reg pop_reg mov_reg_reg and_reg_imm push_reg push_reg xor_reg_reg xor_reg_reg mov_reg_imm call_indirect hlt,0
arm_stack_vuln_9_x86_O3,main,cmp_reg_imm jg_imm xor_reg_reg ret sub_reg_imm mov_reg_mem mov_reg_reg call_strcpy xor_reg_reg add_reg_imm ret,0
arm_stack_vuln_9_x86_O3,vulnerable,sub_reg_imm mov_reg_reg mov_reg_reg call_strcpy add_reg_imm ret,1
cmd_injection_safe_0_x86_O0,_start,xor_reg_reg mov_reg_reg pop_reg mov_reg_reg and_reg_imm push_reg push_reg xor_reg_reg xor_reg_reg mov_reg_imm call_indirect hlt,0
cmd_injection_safe_0_x86_O0,main,push_reg mov_reg_reg lea_reg_mem mov_reg_reg call_system mov_reg_imm pop_reg ret,0
cmd_injection_safe_0_x86_O1,_start,xor_reg_reg mov_reg_reg pop_reg mov_reg_reg and_reg_imm push_reg push_reg xor_reg_reg xor_reg_reg mov_reg_imm call_indirect hlt,0
cmd_injection_safe_0_x86_O1,main,sub_reg_imm lea_reg_mem call_system mov_reg_imm add_reg_imm ret,0
cmd_injection_safe_0_x86_O2,_start,xor_reg_reg mov_reg_reg pop_reg mov_reg_reg and_reg_imm push_reg push_reg xor_reg_reg xor_reg_reg mov_reg_imm call_indirect hlt,0
cmd_injection_safe_0_x86_O2,main,sub_reg_imm lea_reg_mem call_system xor_reg_reg add_reg_imm ret,0
cmd_injection_safe_0_x86_O3,_start,xor_reg_reg mov_reg_reg pop_reg mov_reg_reg and_reg_imm push_reg push_reg xor_reg_reg xor_reg_reg mov_reg_imm call_indirect hlt,0
cmd_injection_safe_0_x86_O3,main,sub_reg_imm lea_reg_mem call_system xor_reg_reg add_reg_imm ret,0
cmd_injection_safe_1_x86_O0,_start,xor_reg_reg mov_reg_reg pop_reg mov_reg_reg and_reg_imm push_reg push_reg xor_reg_reg xor_reg_reg mov_reg_imm call_indirect hlt,0
cmd_injection_safe_1_x86_O0,main,push_reg mov_reg_reg lea_reg_mem mov_reg_reg call_system mov_reg_imm pop_reg ret,0
cmd_injection_safe_1_x86_O1,_start,xor_reg_reg mov_reg_reg pop_reg mov_reg_reg and_reg_imm push_reg push_reg xor_reg_reg xor_reg_reg mov_reg_imm call_indirect hlt,0
cmd_injection_safe_1_x86_O1,main,sub_reg_imm lea_reg_mem call_system mov_reg_imm add_reg_imm ret,0
cmd_injection_safe_1_x86_O2,_start,xor_reg_reg mov_reg_reg pop_reg mov_reg_reg and_reg_imm push_reg push_reg xor_reg_reg xor_reg_reg mov_reg_imm call_indirect hlt,0
cmd_injection_safe_1_x86_O2,main,sub_reg_imm lea_reg_mem call_system xor_reg_reg add_reg_imm ret,0
cmd_injection_safe_1_x86_O3,_start,xor_reg_reg mov_reg_reg pop_reg mov_reg_reg and_reg_imm push_reg push_reg xor_reg_reg xor_reg_reg mov_reg_imm call_indirect hlt,0
cmd_injection_safe_1_x86_O3,main,sub_reg_imm lea_reg_mem call_system xor_reg_reg add_reg_imm ret,0
cmd_injection_safe_2_x86_O0,_start,xor_reg_reg mov_reg_reg pop_reg mov_reg_reg and_reg_imm push_reg push_reg xor_reg_reg xor_reg_reg mov_reg_imm call_indirect hlt,0
cmd_injection_safe_2_x86_O0,main,push_reg mov_reg_reg lea_reg_mem mov_reg_reg call_system mov_reg_imm pop_reg ret,0
cmd_injection_safe_2_x86_O1,_start,xor_reg_reg mov_reg_reg pop_reg mov_reg_reg and_reg_imm push_reg push_reg xor_reg_reg xor_reg_reg mov_reg_imm call_indirect hlt,0
cmd_injection_safe_2_x86_O1,main,sub_reg_imm lea_reg_mem call_system mov_reg_imm add_reg_imm ret,0
cmd_injection_safe_2_x86_O2,_start,xor_reg_reg mov_reg_reg pop_reg mov_reg_reg and_reg_imm push_reg push_reg xor_reg_reg xor_reg_reg mov_reg_imm call_indirect hlt,0
cmd_injection_safe_2_x86_O2,main,sub_reg_imm lea_reg_mem call_system xor_reg_reg add_reg_imm ret,0
cmd_injection_safe_2_x86_O3,_start,xor_reg_reg mov_reg_reg pop_reg mov_reg_reg and_reg_imm push_reg push_reg xor_reg_reg xor_reg_reg mov_reg_imm call_indirect hlt,0
cmd_injection_safe_2_x86_O3,main,sub_reg_imm lea_reg_mem call_system xor_reg_reg add_reg_imm ret,0
cmd_injection_safe_3_x86_O0,_start,xor_reg_reg mov_reg_reg pop_reg mov_reg_reg and_reg_imm push_reg push_reg xor_reg_reg xor_reg_reg mov_reg_imm call_indirect hlt,0
cmd_injection_safe_3_x86_O0,main,push_reg mov_reg_reg lea_reg_mem mov_reg_reg call_system mov_reg_imm pop_reg ret,0
cmd_injection_safe_3_x86_O1,_start,xor_reg_reg mov_reg_reg pop_reg mov_reg_reg and_reg_imm push_reg push_reg xor_reg_reg xor_reg_reg mov_reg_imm call_indirect hlt,0
cmd_injection_safe_3_x86_O1,main,sub_reg_imm lea_reg_mem call_system mov_reg_imm add_reg_imm ret,0
cmd_injection_safe_3_x86_O2,_start,xor_reg_reg mov_reg_reg pop_reg mov_reg_reg and_reg_imm push_reg push_reg xor_reg_reg xor_reg_reg mov_reg_imm call_indirect hlt,0
cmd_injection_safe_3_x86_O2,main,sub_reg_imm lea_reg_mem call_system xor_reg_reg add_reg_imm ret,0
cmd_injection_safe_3_x86_O3,_start,xor_reg_reg mov_reg_reg pop_reg mov_reg_reg and_reg_imm push_reg push_reg xor_reg_reg xor_reg_reg mov_reg_imm call_indirect hlt,0
cmd_injection_safe_3_x86_O3,main,sub_reg_imm lea_reg_mem call_system xor_reg_reg add_reg_imm ret,0
cmd_injection_safe_4_x86_O0,_start,xor_reg_reg mov_reg_reg pop_reg mov_reg_reg and_reg_imm push_reg push_reg xor_reg_reg xor_reg_reg mov_reg_imm call_indirect hlt,0
cmd_injection_safe_4_x86_O0,main,push_reg mov_reg_reg lea_reg_mem mov_reg_reg call_system mov_reg_imm pop_reg ret,0
cmd_injection_safe_4_x86_O1,_start,xor_reg_reg mov_reg_reg pop_reg mov_reg_reg and_reg_imm push_reg push_reg xor_reg_reg xor_reg_reg mov_reg_imm call_indirect hlt,0
cmd_injection_safe_4_x86_O1,main,sub_reg_imm lea_reg_mem call_system mov_reg_imm add_reg_imm ret,0
cmd_injection_safe_4_x86_O2,_start,xor_reg_reg mov_reg_reg pop_reg mov_reg_reg and_reg_imm push_reg push_reg xor_reg_reg xor_reg_reg mov_reg_imm call_indirect hlt,0
cmd_injection_safe_4_x86_O2,main,sub_reg_imm lea_reg_mem call_system xor_reg_reg add_reg_imm ret,0
cmd_injection_safe_4_x86_O3,_start,xor_reg_reg mov_reg_reg pop_reg mov_reg_reg and_reg_imm push_reg push_reg xor_reg_reg xor_reg_reg mov_reg_imm call_indirect hlt,0
cmd_injection_safe_4_x86_O3,main,sub_reg_imm lea_reg_mem call_system xor_reg_reg add_reg_imm ret,0
cmd_injection_safe_5_x86_O0,_start,xor_reg_reg mov_reg_reg pop_reg mov_reg_reg and_reg_imm push_reg push_reg xor_reg_reg xor_reg_reg mov_reg_imm call_indirect hlt,0
cmd_injection_safe_5_x86_O0,main,push_reg mov_reg_reg lea_reg_mem mov_reg_reg call_system mov_reg_imm pop_reg ret,0
cmd_injection_safe_5_x86_O1,_start,xor_reg_reg mov_reg_reg pop_reg mov_reg_reg and_reg_imm push_reg push_reg xor_reg_reg xor_reg_reg mov_reg_imm call_indirect hlt,0
cmd_injection_safe_5_x86_O1,main,sub_reg_imm lea_reg_mem call_system mov_reg_imm add_reg_imm ret,0
cmd_injection_safe_5_x86_O2,_start,xor_reg_reg mov_reg_reg pop_reg mov_reg_reg and_reg_imm push_reg push_reg xor_reg_reg xor_reg_reg mov_reg_imm call_indirect hlt,0
cmd_injection_safe_5_x86_O2,main,sub_reg_imm lea_reg_mem call_system xor_reg_reg add_reg_imm ret,0
cmd_injection_safe_5_x86_O3,_start,xor_reg_reg mov_reg_reg pop_reg mov_reg_reg and_reg_imm push_reg push_reg xor_reg_reg xor_reg_reg mov_reg_imm call_indirect hlt,0
cmd_injection_safe_5_x86_O3,main,sub_reg_imm lea_reg_mem call_system xor_reg_reg add_reg_imm ret,0
cmd_injection_safe_6_x86_O0,_start,xor_reg_reg mov_reg_reg pop_reg mov_reg_reg and_reg_imm push_reg push_reg xor_reg_reg xor_reg_reg mov_reg_imm call_indirect hlt,0
cmd_injection_safe_6_x86_O0,main,push_reg mov_reg_reg lea_reg_mem mov_reg_reg call_system mov_reg_imm pop_reg ret,0
cmd_injection_safe_6_x86_O1,_start,xor_reg_reg mov_reg_reg pop_reg mov_reg_reg and_reg_imm push_reg push_reg xor_reg_reg xor_reg_reg mov_reg_imm call_indirect hlt,0
cmd_injection_safe_6_x86_O1,main,sub_reg_imm lea_reg_mem call_system mov_reg_imm add_reg_imm ret,0
cmd_injection_safe_6_x86_O2,_start,xor_reg_reg mov_reg_reg pop_reg mov_reg_reg and_reg_imm push_reg push_reg xor_reg_reg xor_reg_reg mov_reg_imm call_indirect hlt,0
cmd_injection_safe_6_x86_O2,main,sub_reg_imm lea_reg_mem call_system xor_reg_reg add_reg_imm ret,0
cmd_injection_safe_6_x86_O3,_start,xor_reg_reg mov_reg_reg pop_reg mov_reg_reg and_reg_imm push_reg push_reg xor_reg_reg xor_reg_reg mov_reg_imm call_indirect hlt,0
cmd_injection_safe_6_x86_O3,main,sub_reg_imm lea_reg_mem call_system xor_reg_reg add_reg_imm ret,0
cmd_injection_safe_7_x86_O0,_start,xor_reg_reg mov_reg_reg pop_reg mov_reg_reg and_reg_imm push_reg push_reg xor_reg_reg xor_reg_reg mov_reg_imm call_indirect hlt,0
cmd_injection_safe_7_x86_O0,main,push_reg mov_reg_reg lea_reg_mem mov_reg_reg call_system mov_reg_imm pop_reg ret,0
cmd_injection_safe_7_x86_O1,_start,xor_reg_reg mov_reg_reg pop_reg mov_reg_reg and_reg_imm push_reg push_reg xor_reg_reg xor_reg_reg mov_reg_imm call_indirect hlt,0
cmd_injection_safe_7_x86_O1,main,sub_reg_imm lea_reg_mem call_system mov_reg_imm add_reg_imm ret,0
cmd_injection_safe_7_x86_O2,_start,xor_reg_reg mov_reg_reg pop_reg mov_reg_reg and_reg_imm push_reg push_reg xor_reg_reg xor_reg_reg mov_reg_imm call_indirect hlt,0
cmd_injection_safe_7_x86_O2,main,sub_reg_imm lea_reg_mem call_system xor_reg_reg add_reg_imm ret,0
cmd_injection_safe_7_x86_O3,_start,xor_reg_reg mov_reg_reg pop_reg mov_reg_reg and_reg_imm push_reg push_reg xor_reg_reg xor_reg_reg mov_reg_imm call_indirect hlt,0
cmd_injection_safe_7_x86_O3,main,sub_reg_imm lea_reg_mem call_system xor_reg_reg add_reg_imm ret,0
cmd_injection_safe_8_x86_O0,_start,xor_reg_reg mov_reg_reg pop_reg mov_reg_reg and_reg_imm push_reg push_reg xor_reg_reg xor_reg_reg mov_reg_imm call_indirect hlt,0
cmd_injection_safe_8_x86_O0,main,push_reg mov_reg_reg lea_reg_mem mov_reg_reg call_system mov_reg_imm pop_reg ret,0
cmd_injection_safe_8_x86_O1,_start,xor_reg_reg mov_reg_reg pop_reg mov_reg_reg and_reg_imm push_reg push_reg xor_reg_reg xor_reg_reg mov_reg_imm call_indirect hlt,0
cmd_injection_safe_8_x86_O1,main,sub_reg_imm lea_reg_mem call_system mov_reg_imm add_reg_imm ret,0
cmd_injection_safe_8_x86_O2,_start,xor_reg_reg mov_reg_reg pop_reg mov_reg_reg and_reg_imm push_reg push_reg xor_reg_reg xor_reg_reg mov_reg_imm call_indirect hlt,0
cmd_injection_safe_8_x86_O2,main,sub_reg_imm lea_reg_mem call_system xor_reg_reg add_reg_imm ret,0
cmd_injection_safe_8_x86_O3,_start,xor_reg_reg mov_reg_reg pop_reg mov_reg_reg and_reg_imm push_reg push_reg xor_reg_reg xor_reg_reg mov_reg_imm call_indirect hlt,0
cmd_injection_safe_8_x86_O3,main,sub_reg_imm lea_reg_mem call_system xor_reg_reg add_reg_imm ret,0
cmd_injection_safe_9_x86_O0,_start,xor_reg_reg mov_reg_reg pop_reg mov_reg_reg and_reg_imm push_reg push_reg xor_reg_reg xor_reg_reg mov_reg_imm call_indirect hlt,0
cmd_injection_safe_9_x86_O0,main,push_reg mov_reg_reg lea_reg_mem mov_reg_reg call_system mov_reg_imm pop_reg ret,0
cmd_injection_safe_9_x86_O1,_start,xor_reg_reg mov_reg_reg pop_reg mov_reg_reg and_reg_imm push_reg push_reg xor_reg_reg xor_reg_reg mov_reg_imm call_indirect hlt,0
cmd_injection_safe_9_x86_O1,main,sub_reg_imm lea_reg_mem call_system mov_reg_imm add_reg_imm ret,0
cmd_injection_safe_9_x86_O2,_start,xor_reg_reg mov_reg_reg pop_reg mov_reg_reg and_reg_imm push_reg push_reg xor_reg_reg xor_reg_reg mov_reg_imm call_indirect hlt,0
cmd_injection_safe_9_x86_O2,main,sub_reg_imm lea_reg_mem call_system xor_reg_reg add_reg_imm ret,0
cmd_injection_safe_9_x86_O3,_start,xor_reg_reg mov_reg_reg pop_reg mov_reg_reg and_reg_imm push_reg push_reg xor_reg_reg xor_reg_reg mov_reg_imm call_indirect hlt,0
cmd_injection_safe_9_x86_O3,main,sub_reg_imm lea_reg_mem call_system xor_reg_reg add_reg_imm ret,0
cmd_injection_vuln_0_x86_O0,_start,xor_reg_reg mov_reg_reg pop_reg mov_reg_reg and_reg_imm push_reg push_reg xor_reg_reg xor_reg_reg mov_reg_imm call_indirect hlt,0
cmd_injection_vuln_0_x86_O0,main,push_reg mov_reg_reg sub_reg_imm mov_mem_reg mov_mem_reg cmp_mem_imm jle_imm mov_reg_mem add_reg_imm mov_reg_mem mov_reg_reg call_system mov_reg_imm leave ret,0
cmd_injection_vuln_0_x86_O1,_start,xor_reg_reg mov_reg_reg pop_reg mov_reg_reg and_reg_imm push_reg push_reg xor_reg_reg xor_reg_reg mov_reg_imm call_indirect hlt,0
cmd_injection_vuln_0_x86_O1,main,cmp_reg_imm jg_imm mov_reg_imm ret sub_reg_imm mov_reg_mem call_system mov_reg_imm add_reg_imm ret,0
cmd_injection_vuln_0_x86_O2,_start,xor_reg_reg mov_reg_reg pop_reg mov_reg_reg and_reg_imm push_reg push_reg xor_reg_reg xor_reg_reg mov_reg_imm call_indirect hlt,0
cmd_injection_vuln_0_x86_O2,main,cmp_reg_imm jg_imm xor_reg_reg ret push_reg mov_reg_mem call_system xor_reg_reg pop_reg ret,0
cmd_injection_vuln_0_x86_O3,_start,xor_reg_reg mov_reg_reg pop_reg mov_reg_reg and_reg_imm push_reg push_reg xor_reg_reg xor_reg_reg mov_reg_imm call_indirect hlt,0
cmd_injection_vuln_0_x86_O3,main,cmp_reg_imm jg_imm xor_reg_reg ret push_reg mov_reg_mem call_system xor_reg_reg pop_reg ret,0
cmd_injection_vuln_1_x86_O0,_start,xor_reg_reg mov_reg_reg pop_reg mov_reg_reg and_reg_imm push_reg push_reg xor_reg_reg xor_reg_reg mov_reg_imm call_indirect hlt,0
cmd_injection_vuln_1_x86_O0,main,push_reg mov_reg_reg sub_reg_imm mov_mem_reg mov_mem_reg cmp_mem_imm jle_imm mov_reg_mem add_reg_imm mov_reg_mem mov_reg_reg call_system mov_reg_imm leave ret,0
cmd_injection_vuln_1_x86_O1,_start,xor_reg_reg mov_reg_reg pop_reg mov_reg_reg and_reg_imm push_reg push_reg xor_reg_reg xor_reg_reg mov_reg_imm call_indirect hlt,0
cmd_injection_vuln_1_x86_O1,main,cmp_reg_imm jg_imm mov_reg_imm ret sub_reg_imm mov_reg_mem call_system mov_reg_imm add_reg_imm ret,0
cmd_injection_vuln_1_x86_O2,_start,xor_reg_reg mov_reg_reg pop_reg mov_reg_reg and_reg_imm push_reg push_reg xor_reg_reg xor_reg_reg mov_reg_imm call_indirect hlt,0
cmd_injection_vuln_1_x86_O2,main,cmp_reg_imm jg_imm xor_reg_reg ret push_reg mov_reg_mem call_system xor_reg_reg pop_reg ret,0
cmd_injection_vuln_1_x86_O3,_start,xor_reg_reg mov_reg_reg pop_reg mov_reg_reg and_reg_imm push_reg push_reg xor_reg_reg xor_reg_reg mov_reg_imm call_indirect hlt,0
cmd_injection_vuln_1_x86_O3,main,cmp_reg_imm jg_imm xor_reg_reg ret push_reg mov_reg_mem call_system xor_reg_reg pop_reg ret,0
cmd_injection_vuln_2_x86_O0,_start,xor_reg_reg mov_reg_reg pop_reg mov_reg_reg and_reg_imm push_reg push_reg xor_reg_reg xor_reg_reg mov_reg_imm call_indirect hlt,0
cmd_injection_vuln_2_x86_O0,main,push_reg mov_reg_reg sub_reg_imm mov_mem_reg mov_mem_reg cmp_mem_imm jle_imm mov_reg_mem add_reg_imm mov_reg_mem mov_reg_reg call_system mov_reg_imm leave ret,0
cmd_injection_vuln_2_x86_O1,_start,xor_reg_reg mov_reg_reg pop_reg mov_reg_reg and_reg_imm push_reg push_reg xor_reg_reg xor_reg_reg mov_reg_imm call_indirect hlt,0
cmd_injection_vuln_2_x86_O1,main,cmp_reg_imm jg_imm mov_reg_imm ret sub_reg_imm mov_reg_mem call_system mov_reg_imm add_reg_imm ret,0
cmd_injection_vuln_2_x86_O2,_start,xor_reg_reg mov_reg_reg pop_reg mov_reg_reg and_reg_imm push_reg push_reg xor_reg_reg xor_reg_reg mov_reg_imm call_indirect hlt,0
cmd_injection_vuln_2_x86_O2,main,cmp_reg_imm jg_imm xor_reg_reg ret push_reg mov_reg_mem call_system xor_reg_reg pop_reg ret,0
cmd_injection_vuln_2_x86_O3,_start,xor_reg_reg mov_reg_reg pop_reg mov_reg_reg and_reg_imm push_reg push_reg xor_reg_reg xor_reg_reg mov_reg_imm call_indirect hlt,0
cmd_injection_vuln_2_x86_O3,main,cmp_reg_imm jg_imm xor_reg_reg ret push_reg mov_reg_mem call_system xor_reg_reg pop_reg ret,0
cmd_injection_vuln_3_x86_O0,_start,xor_reg_reg mov_reg_reg pop_reg mov_reg_reg and_reg_imm push_reg push_reg xor_reg_reg xor_reg_reg mov_reg_imm call_indirect hlt,0
cmd_injection_vuln_3_x86_O0,main,push_reg mov_reg_reg sub_reg_imm mov_mem_reg mov_mem_reg cmp_mem_imm jle_imm mov_reg_mem add_reg_imm mov_reg_mem mov_reg_reg call_system mov_reg_imm leave ret,0
cmd_injection_vuln_3_x86_O1,_start,xor_reg_reg mov_reg_reg pop_reg mov_reg_reg and_reg_imm push_reg push_reg xor_reg_reg xor_reg_reg mov_reg_imm call_indirect hlt,0
cmd_injection_vuln_3_x86_O1,main,cmp_reg_imm jg_imm mov_reg_imm ret sub_reg_imm mov_reg_mem call_system mov_reg_imm add_reg_imm ret,0
cmd_injection_vuln_3_x86_O2,_start,xor_reg_reg mov_reg_reg pop_reg mov_reg_reg and_reg_imm push_reg push_reg xor_reg_reg xor_reg_reg mov_reg_imm call_indirect hlt,0
cmd_injection_vuln_3_x86_O2,main,cmp_reg_imm jg_imm xor_reg_reg ret push_reg mov_reg_mem call_system xor_reg_reg pop_reg ret,0
cmd_injection_vuln_3_x86_O3,_start,xor_reg_reg mov_reg_reg pop_reg mov_reg_reg and_reg_imm push_reg push_reg xor_reg_reg xor_reg_reg mov_reg_imm call_indirect hlt,0
cmd_injection_vuln_3_x86_O3,main,cmp_reg_imm jg_imm xor_reg_reg ret push_reg mov_reg_mem call_system xor_reg_reg pop_reg ret,0
cmd_injection_vuln_4_x86_O0,_start,xor_reg_reg mov_reg_reg pop_reg mov_reg_reg and_reg_imm push_reg push_reg xor_reg_reg xor_reg_reg mov_reg_imm call_indirect hlt,0
cmd_injection_vuln_4_x86_O0,main,push_reg mov_reg_reg sub_reg_imm mov_mem_reg mov_mem_reg cmp_mem_imm jle_imm mov_reg_mem add_reg_imm mov_reg_mem mov_reg_reg call_system mov_reg_imm leave ret,0
cmd_injection_vuln_4_x86_O1,_start,xor_reg_reg mov_reg_reg pop_reg mov_reg_reg and_reg_imm push_reg push_reg xor_reg_reg xor_reg_reg mov_reg_imm call_indirect hlt,0
cmd_injection_vuln_4_x86_O1,main,cmp_reg_imm jg_imm mov_reg_imm ret sub_reg_imm mov_reg_mem call_system mov_reg_imm add_reg_imm ret,0
cmd_injection_vuln_4_x86_O2,_start,xor_reg_reg mov_reg_reg pop_reg mov_reg_reg and_reg_imm push_reg push_reg xor_reg_reg xor_reg_reg mov_reg_imm call_indirect hlt,0
cmd_injection_vuln_4_x86_O2,main,cmp_reg_imm jg_imm xor_reg_reg ret push_reg mov_reg_mem call_system xor_reg_reg pop_reg ret,0
cmd_injection_vuln_4_x86_O3,_start,xor_reg_reg mov_reg_reg pop_reg mov_reg_reg and_reg_imm push_reg push_reg xor_reg_reg xor_reg_reg mov_reg_imm call_indirect hlt,0
cmd_injection_vuln_4_x86_O3,main,cmp_reg_imm jg_imm xor_reg_reg ret push_reg mov_reg_mem call_system xor_reg_reg pop_reg ret,0
cmd_injection_vuln_5_x86_O0,_start,xor_reg_reg mov_reg_reg pop_reg mov_reg_reg and_reg_imm push_reg push_reg xor_reg_reg xor_reg_reg mov_reg_imm call_indirect hlt,0
cmd_injection_vuln_5_x86_O0,main,push_reg mov_reg_reg sub_reg_imm mov_mem_reg mov_mem_reg cmp_mem_imm jle_imm mov_reg_mem add_reg_imm mov_reg_mem mov_reg_reg call_system mov_reg_imm leave ret,0
cmd_injection_vuln_5_x86_O1,_start,xor_reg_reg mov_reg_reg pop_reg mov_reg_reg and_reg_imm push_reg push_reg xor_reg_reg xor_reg_reg mov_reg_imm call_indirect hlt,0
cmd_injection_vuln_5_x86_O1,main,cmp_reg_imm jg_imm mov_reg_imm ret sub_reg_imm mov_reg_mem call_system mov_reg_imm add_reg_imm ret,0
cmd_injection_vuln_5_x86_O2,_start,xor_reg_reg mov_reg_reg pop_reg mov_reg_reg and_reg_imm push_reg push_reg xor_reg_reg xor_reg_reg mov_reg_imm call_indirect hlt,0
cmd_injection_vuln_5_x86_O2,main,cmp_reg_imm jg_imm xor_reg_reg ret push_reg mov_reg_mem call_system xor_reg_reg pop_reg ret,0
cmd_injection_vuln_5_x86_O3,_start,xor_reg_reg mov_reg_reg pop_reg mov_reg_reg and_reg_imm push_reg push_reg xor_reg_reg xor_reg_reg mov_reg_imm call_indirect hlt,0
cmd_injection_vuln_5_x86_O3,main,cmp_reg_imm jg_imm xor_reg_reg ret push_reg mov_reg_mem call_system xor_reg_reg pop_reg ret,0
cmd_injection_vuln_6_x86_O0,_start,xor_reg_reg mov_reg_reg pop_reg mov_reg_reg and_reg_imm push_reg push_reg xor_reg_reg xor_reg_reg mov_reg_imm call_indirect hlt,0
cmd_injection_vuln_6_x86_O0,main,push_reg mov_reg_reg sub_reg_imm mov_mem_reg mov_mem_reg cmp_mem_imm jle_imm mov_reg_mem add_reg_imm mov_reg_mem mov_reg_reg call_system mov_reg_imm leave ret,0
cmd_injection_vuln_6_x86_O1,_start,xor_reg_reg mov_reg_reg pop_reg mov_reg_reg and_reg_imm push_reg push_reg xor_reg_reg xor_reg_reg mov_reg_imm call_indirect hlt,0
cmd_injection_vuln_6_x86_O1,main,cmp_reg_imm jg_imm mov_reg_imm ret sub_reg_imm mov_reg_mem call_system mov_reg_imm add_reg_imm ret,0
cmd_injection_vuln_6_x86_O2,_start,xor_reg_reg mov_reg_reg pop_reg mov_reg_reg and_reg_imm push_reg push_reg xor_reg_reg xor_reg_reg mov_reg_imm call_indirect hlt,0
cmd_injection_vuln_6_x86_O2,main,cmp_reg_imm jg_imm xor_reg_reg ret push_reg mov_reg_mem call_system xor_reg_reg pop_reg ret,0
cmd_injection_vuln_6_x86_O3,_start,xor_reg_reg mov_reg_reg pop_reg mov_reg_reg and_reg_imm push_reg push_reg xor_reg_reg xor_reg_reg mov_reg_imm call_indirect hlt,0
cmd_injection_vuln_6_x86_O3,main,cmp_reg_imm jg_imm xor_reg_reg ret push_reg mov_reg_mem call_system xor_reg_reg pop_reg ret,0
cmd_injection_vuln_7_x86_O0,_start,xor_reg_reg mov_reg_reg pop_reg mov_reg_reg and_reg_imm push_reg push_reg xor_reg_reg xor_reg_reg mov_reg_imm call_indirect hlt,0
cmd_injection_vuln_7_x86_O0,main,push_reg mov_reg_reg sub_reg_imm mov_mem_reg mov_mem_reg cmp_mem_imm jle_imm mov_reg_mem add_reg_imm mov_reg_mem mov_reg_reg call_system mov_reg_imm leave ret,0
cmd_injection_vuln_7_x86_O1,_start,xor_reg_reg mov_reg_reg pop_reg mov_reg_reg and_reg_imm push_reg push_reg xor_reg_reg xor_reg_reg mov_reg_imm call_indirect hlt,0
cmd_injection_vuln_7_x86_O1,main,cmp_reg_imm jg_imm mov_reg_imm ret sub_reg_imm mov_reg_mem call_system mov_reg_imm add_reg_imm ret,0
cmd_injection_vuln_7_x86_O2,_start,xor_reg_reg mov_reg_reg pop_reg mov_reg_reg and_reg_imm push_reg push_reg xor_reg_reg xor_reg_reg mov_reg_imm call_indirect hlt,0
cmd_injection_vuln_7_x86_O2,main,cmp_reg_imm jg_imm xor_reg_reg ret push_reg mov_reg_mem call_system xor_reg_reg pop_reg ret,0
cmd_injection_vuln_7_x86_O3,_start,xor_reg_reg mov_reg_reg pop_reg mov_reg_reg and_reg_imm push_reg push_reg xor_reg_reg xor_reg_reg mov_reg_imm call_indirect hlt,0
cmd_injection_vuln_7_x86_O3,main,cmp_reg_imm jg_imm xor_reg_reg ret push_reg mov_reg_mem call_system xor_reg_reg pop_reg ret,0
cmd_injection_vuln_8_x86_O0,_start,xor_reg_reg mov_reg_reg pop_reg mov_reg_reg and_reg_imm push_reg push_reg xor_reg_reg xor_reg_reg mov_reg_imm call_indirect hlt,0
cmd_injection_vuln_8_x86_O0,main,push_reg mov_reg_reg sub_reg_imm mov_mem_reg mov_mem_reg cmp_mem_imm jle_imm mov_reg_mem add_reg_imm mov_reg_mem mov_reg_reg call_system mov_reg_imm leave ret,0
cmd_injection_vuln_8_x86_O1,_start,xor_reg_reg mov_reg_reg pop_reg mov_reg_reg and_reg_imm push_reg push_reg xor_reg_reg xor_reg_reg mov_reg_imm call_indirect hlt,0
cmd_injection_vuln_8_x86_O1,main,cmp_reg_imm jg_imm mov_reg_imm ret sub_reg_imm mov_reg_mem call_system mov_reg_imm add_reg_imm ret,0
cmd_injection_vuln_8_x86_O2,_start,xor_reg_reg mov_reg_reg pop_reg mov_reg_reg and_reg_imm push_reg push_reg xor_reg_reg xor_reg_reg mov_reg_imm call_indirect hlt,0
cmd_injection_vuln_8_x86_O2,main,cmp_reg_imm jg_imm xor_reg_reg ret push_reg mov_reg_mem call_system xor_reg_reg pop_reg ret,0
cmd_injection_vuln_8_x86_O3,_start,xor_reg_reg mov_reg_reg pop_reg mov_reg_reg and_reg_imm push_reg push_reg xor_reg_reg xor_reg_reg mov_reg_imm call_indirect hlt,0
cmd_injection_vuln_8_x86_O3,main,cmp_reg_imm jg_imm xor_reg_reg ret push_reg mov_reg_mem call_system xor_reg_reg pop_reg ret,0
cmd_injection_vuln_9_x86_O0,_start,xor_reg_reg mov_reg_reg pop_reg mov_reg_reg and_reg_imm push_reg push_reg xor_reg_reg xor_reg_reg mov_reg_imm call_indirect hlt,0
cmd_injection_vuln_9_x86_O0,main,push_reg mov_reg_reg sub_reg_imm mov_mem_reg mov_mem_reg cmp_mem_imm jle_imm mov_reg_mem add_reg_imm mov_reg_mem mov_reg_reg call_system mov_reg_imm leave ret,0
cmd_injection_vuln_9_x86_O1,_start,xor_reg_reg mov_reg_reg pop_reg mov_reg_reg and_reg_imm push_reg push_reg xor_reg_reg xor_reg_reg mov_reg_imm call_indirect hlt,0
cmd_injection_vuln_9_x86_O1,main,cmp_reg_imm jg_imm mov_reg_imm ret sub_reg_imm mov_reg_mem call_system mov_reg_imm add_reg_imm ret,0
cmd_injection_vuln_9_x86_O2,_start,xor_reg_reg mov_reg_reg pop_reg mov_reg_reg and_reg_imm push_reg push_reg xor_reg_reg xor_reg_reg mov_reg_imm call_indirect hlt,0
cmd_injection_vuln_9_x86_O2,main,cmp_reg_imm jg_imm xor_reg_reg ret push_reg mov_reg_mem call_system xor_reg_reg pop_reg ret,0
cmd_injection_vuln_9_x86_O3,_start,xor_reg_reg mov_reg_reg pop_reg mov_reg_reg and_reg_imm push_reg push_reg xor_reg_reg xor_reg_reg mov_reg_imm call_indirect hlt,0
cmd_injection_vuln_9_x86_O3,main,cmp_reg_imm jg_imm xor_reg_reg ret push_reg mov_reg_mem call_system xor_reg_reg pop_reg ret,0
control_flow_flatten_safe_0_x86_O0,safe,push_reg mov_reg_reg sub_reg_imm mov_mem_reg mov_mem_imm cmp_mem_imm je_imm cmp_mem_imm jg_imm cmp_mem_imm je_imm cmp_mem_imm je_imm jmp_imm mov_mem_imm jmp_imm mov_reg_mem lea_reg_mem mov_reg_imm mov_reg_reg mov_reg_reg call_strncpy mov_mem_imm mov_mem_imm jmp_imm lea_reg_mem lea_reg_mem mov_reg_reg mov_reg_reg mov_reg_imm call_printf jmp_imm jmp_imm leave ret,0
control_flow_flatten_safe_0_x86_O0,_start,xor_reg_reg mov_reg_reg pop_reg mov_reg_reg and_reg_imm push_reg push_reg xor_reg_reg xor_reg_reg mov_reg_imm call_indirect hlt,0
control_flow_flatten_safe_0_x86_O0,main,push_reg mov_reg_reg sub_reg_imm mov_mem_reg mov_mem_reg cmp_mem_imm jle_imm mov_reg_mem add_reg_imm mov_reg_mem mov_reg_reg call_internal mov_reg_imm leave ret,0
control_flow_flatten_safe_0_x86_O1,safe,push_reg sub_reg_imm mov_reg_reg mov_reg_imm mov_reg_imm jmp_imm nop_mem mov_reg_reg cmp_reg_imm jne_imm mov_reg_imm mov_reg_reg call_strncpy mov_mem_imm mov_reg_reg lea_reg_mem mov_reg_imm call_printf add_reg_imm pop_reg ret,0
control_flow_flatten_safe_0_x86_O1,_start,xor_reg_reg mov_reg_reg pop_reg mov_reg_reg and_reg_imm push_reg push_reg xor_reg_reg xor_reg_reg mov_reg_imm call_indirect hlt,0
control_flow_flatten_safe_0_x86_O1,main,cmp_reg_imm jg_imm mov_reg_imm ret sub_reg_imm mov_reg_mem call_internal mov_reg_imm add_reg_imm ret,0
control_flow_flatten_safe_0_x86_O2,safe,sub_reg_imm mov_reg_reg mov_reg_imm mov_reg_reg call_strncpy mov_reg_reg xor_reg_reg mov_mem_imm lea_reg_mem call_printf add_reg_imm ret,0
control_flow_flatten_safe_0_x86_O2,_start,xor_reg_reg mov_reg_reg pop_reg mov_reg_reg and_reg_imm push_reg push_reg xor_reg_reg xor_reg_reg mov_reg_imm call_indirect hlt,0
control_flow_flatten_safe_0_x86_O2,main,cmp_reg_imm jg_imm xor_reg_reg ret push_reg mov_reg_mem call_internal xor_reg_reg pop_reg ret,0
control_flow_flatten_safe_0_x86_O3,safe,sub_reg_imm mov_reg_reg mov_reg_imm mov_reg_reg call_strncpy mov_reg_reg xor_reg_reg mov_mem_imm lea_reg_mem call_printf add_reg_imm ret,0
control_flow_flatten_safe_0_x86_O3,_start,xor_reg_reg mov_reg_reg pop_reg mov_reg_reg and_reg_imm push_reg push_reg xor_reg_reg xor_reg_reg mov_reg_imm call_indirect hlt,0
control_flow_flatten_safe_0_x86_O3,main,cmp_reg_imm jg_imm xor_reg_reg ret push_reg mov_reg_mem call_internal xor_reg_reg pop_reg ret,0
control_flow_flatten_safe_1_x86_O0,safe,push_reg mov_reg_reg sub_reg_imm mov_mem_reg mov_mem_imm cmp_mem_imm je_imm cmp_mem_imm jg_imm cmp_mem_imm je_imm cmp_mem_imm je_imm jmp_imm mov_mem_imm jmp_imm mov_reg_mem lea_reg_mem mov_reg_imm mov_reg_reg mov_reg_reg call_strncpy mov_mem_imm mov_mem_imm jmp_imm lea_reg_mem lea_reg_mem mov_reg_reg mov_reg_reg mov_reg_imm call_printf jmp_imm jmp_imm leave ret,0
control_flow_flatten_safe_1_x86_O0,_start,xor_reg_reg mov_reg_reg pop_reg mov_reg_reg and_reg_imm push_reg push_reg xor_reg_reg xor_reg_reg mov_reg_imm call_indirect hlt,0
control_flow_flatten_safe_1_x86_O0,main,push_reg mov_reg_reg sub_reg_imm mov_mem_reg mov_mem_reg cmp_mem_imm jle_imm mov_reg_mem add_reg_imm mov_reg_mem mov_reg_reg call_internal mov_reg_imm leave ret,0
control_flow_flatten_safe_1_x86_O1,safe,push_reg sub_reg_imm mov_reg_reg mov_reg_imm mov_reg_imm jmp_imm nop_mem mov_reg_reg cmp_reg_imm jne_imm mov_reg_imm mov_reg_reg call_strncpy mov_mem_imm mov_reg_reg lea_reg_mem mov_reg_imm call_printf add_reg_imm pop_reg ret,0
control_flow_flatten_safe_1_x86_O1,_start,xor_reg_reg mov_reg_reg pop_reg mov_reg_reg and_reg_imm push_reg push_reg xor_reg_reg xor_reg_reg mov_reg_imm call_indirect hlt,0
control_flow_flatten_safe_1_x86_O1,main,cmp_reg_imm jg_imm mov_reg_imm ret sub_reg_imm mov_reg_mem call_internal mov_reg_imm add_reg_imm ret,0
control_flow_flatten_safe_1_x86_O2,safe,sub_reg_imm mov_reg_reg mov_reg_imm mov_reg_reg call_strncpy mov_reg_reg xor_reg_reg mov_mem_imm lea_reg_mem call_printf add_reg_imm ret,0
control_flow_flatten_safe_1_x86_O2,_start,xor_reg_reg mov_reg_reg pop_reg mov_reg_reg and_reg_imm push_reg push_reg xor_reg_reg xor_reg_reg mov_reg_imm call_indirect hlt,0
control_flow_flatten_safe_1_x86_O2,main,cmp_reg_imm jg_imm xor_reg_reg ret push_reg mov_reg_mem call_internal xor_reg_reg pop_reg ret,0
control_flow_flatten_safe_1_x86_O3,safe,sub_reg_imm mov_reg_reg mov_reg_imm mov_reg_reg call_strncpy mov_reg_reg xor_reg_reg mov_mem_imm lea_reg_mem call_printf add_reg_imm ret,0
control_flow_flatten_safe_1_x86_O3,_start,xor_reg_reg mov_reg_reg pop_reg mov_reg_reg and_reg_imm push_reg push_reg xor_reg_reg xor_reg_reg mov_reg_imm call_indirect hlt,0
control_flow_flatten_safe_1_x86_O3,main,cmp_reg_imm jg_imm xor_reg_reg ret push_reg mov_reg_mem call_internal xor_reg_reg pop_reg ret,0
control_flow_flatten_safe_2_x86_O0,safe,push_reg mov_reg_reg sub_reg_imm mov_mem_reg mov_mem_imm cmp_mem_imm je_imm cmp_mem_imm jg_imm cmp_mem_imm je_imm cmp_mem_imm je_imm jmp_imm mov_mem_imm jmp_imm mov_reg_mem lea_reg_mem mov_reg_imm mov_reg_reg mov_reg_reg call_strncpy mov_mem_imm mov_mem_imm jmp_imm lea_reg_mem lea_reg_mem mov_reg_reg mov_reg_reg mov_reg_imm call_printf jmp_imm jmp_imm leave ret,0
control_flow_flatten_safe_2_x86_O0,_start,xor_reg_reg mov_reg_reg pop_reg mov_reg_reg and_reg_imm push_reg push_reg xor_reg_reg xor_reg_reg mov_reg_imm call_indirect hlt,0
control_flow_flatten_safe_2_x86_O0,main,push_reg mov_reg_reg sub_reg_imm mov_mem_reg mov_mem_reg cmp_mem_imm jle_imm mov_reg_mem add_reg_imm mov_reg_mem mov_reg_reg call_internal mov_reg_imm leave ret,0
control_flow_flatten_safe_2_x86_O1,safe,push_reg sub_reg_imm mov_reg_reg mov_reg_imm mov_reg_imm jmp_imm nop_mem mov_reg_reg cmp_reg_imm jne_imm mov_reg_imm mov_reg_reg call_strncpy mov_mem_imm mov_reg_reg lea_reg_mem mov_reg_imm call_printf add_reg_imm pop_reg ret,0
control_flow_flatten_safe_2_x86_O1,_start,xor_reg_reg mov_reg_reg pop_reg mov_reg_reg and_reg_imm push_reg push_reg xor_reg_reg xor_reg_reg mov_reg_imm call_indirect hlt,0
control_flow_flatten_safe_2_x86_O1,main,cmp_reg_imm jg_imm mov_reg_imm ret sub_reg_imm mov_reg_mem call_internal mov_reg_imm add_reg_imm ret,0
control_flow_flatten_safe_2_x86_O2,safe,sub_reg_imm mov_reg_reg mov_reg_imm mov_reg_reg call_strncpy mov_reg_reg xor_reg_reg mov_mem_imm lea_reg_mem call_printf add_reg_imm ret,0
control_flow_flatten_safe_2_x86_O2,_start,xor_reg_reg mov_reg_reg pop_reg mov_reg_reg and_reg_imm push_reg push_reg xor_reg_reg xor_reg_reg mov_reg_imm call_indirect hlt,0
control_flow_flatten_safe_2_x86_O2,main,cmp_reg_imm jg_imm xor_reg_reg ret push_reg mov_reg_mem call_internal xor_reg_reg pop_reg ret,0
control_flow_flatten_safe_2_x86_O3,safe,sub_reg_imm mov_reg_reg mov_reg_imm mov_reg_reg call_strncpy mov_reg_reg xor_reg_reg mov_mem_imm lea_reg_mem call_printf add_reg_imm ret,0
control_flow_flatten_safe_2_x86_O3,_start,xor_reg_reg mov_reg_reg pop_reg mov_reg_reg and_reg_imm push_reg push_reg xor_reg_reg xor_reg_reg mov_reg_imm call_indirect hlt,0
control_flow_flatten_safe_2_x86_O3,main,cmp_reg_imm jg_imm xor_reg_reg ret push_reg mov_reg_mem call_internal xor_reg_reg pop_reg ret,0
control_flow_flatten_safe_3_x86_O0,safe,push_reg mov_reg_reg sub_reg_imm mov_mem_reg mov_mem_imm cmp_mem_imm je_imm cmp_mem_imm jg_imm cmp_mem_imm je_imm cmp_mem_imm je_imm jmp_imm mov_mem_imm jmp_imm mov_reg_mem lea_reg_mem mov_reg_imm mov_reg_reg mov_reg_reg call_strncpy mov_mem_imm mov_mem_imm jmp_imm lea_reg_mem lea_reg_mem mov_reg_reg mov_reg_reg mov_reg_imm call_printf jmp_imm jmp_imm leave ret,0
control_flow_flatten_safe_3_x86_O0,_start,xor_reg_reg mov_reg_reg pop_reg mov_reg_reg and_reg_imm push_reg push_reg xor_reg_reg xor_reg_reg mov_reg_imm call_indirect hlt,0
control_flow_flatten_safe_3_x86_O0,main,push_reg mov_reg_reg sub_reg_imm mov_mem_reg mov_mem_reg cmp_mem_imm jle_imm mov_reg_mem add_reg_imm mov_reg_mem mov_reg_reg call_internal mov_reg_imm leave ret,0
control_flow_flatten_safe_3_x86_O1,safe,push_reg sub_reg_imm mov_reg_reg mov_reg_imm mov_reg_imm jmp_imm nop_mem mov_reg_reg cmp_reg_imm jne_imm mov_reg_imm mov_reg_reg call_strncpy mov_mem_imm mov_reg_reg lea_reg_mem mov_reg_imm call_printf add_reg_imm pop_reg ret,0
control_flow_flatten_safe_3_x86_O1,_start,xor_reg_reg mov_reg_reg pop_reg mov_reg_reg and_reg_imm push_reg push_reg xor_reg_reg xor_reg_reg mov_reg_imm call_indirect hlt,0
control_flow_flatten_safe_3_x86_O1,main,cmp_reg_imm jg_imm mov_reg_imm ret sub_reg_imm mov_reg_mem call_internal mov_reg_imm add_reg_imm ret,0
control_flow_flatten_safe_3_x86_O2,safe,sub_reg_imm mov_reg_reg mov_reg_imm mov_reg_reg call_strncpy mov_reg_reg xor_reg_reg mov_mem_imm lea_reg_mem call_printf add_reg_imm ret,0
control_flow_flatten_safe_3_x86_O2,_start,xor_reg_reg mov_reg_reg pop_reg mov_reg_reg and_reg_imm push_reg push_reg xor_reg_reg xor_reg_reg mov_reg_imm call_indirect hlt,0
control_flow_flatten_safe_3_x86_O2,main,cmp_reg_imm jg_imm xor_reg_reg ret push_reg mov_reg_mem call_internal xor_reg_reg pop_reg ret,0
control_flow_flatten_safe_3_x86_O3,safe,sub_reg_imm mov_reg_reg mov_reg_imm mov_reg_reg call_strncpy mov_reg_reg xor_reg_reg mov_mem_imm lea_reg_mem call_printf add_reg_imm ret,0
control_flow_flatten_safe_3_x86_O3,_start,xor_reg_reg mov_reg_reg pop_reg mov_reg_reg and_reg_imm push_reg push_reg xor_reg_reg xor_reg_reg mov_reg_imm call_indirect hlt,0
control_flow_flatten_safe_3_x86_O3,main,cmp_reg_imm jg_imm xor_reg_reg ret push_reg mov_reg_mem call_internal xor_reg_reg pop_reg ret,0
control_flow_flatten_safe_4_x86_O0,safe,push_reg mov_reg_reg sub_reg_imm mov_mem_reg mov_mem_imm cmp_mem_imm je_imm cmp_mem_imm jg_imm cmp_mem_imm je_imm cmp_mem_imm je_imm jmp_imm mov_mem_imm jmp_imm mov_reg_mem lea_reg_mem mov_reg_imm mov_reg_reg mov_reg_reg call_strncpy mov_mem_imm mov_mem_imm jmp_imm lea_reg_mem lea_reg_mem mov_reg_reg mov_reg_reg mov_reg_imm call_printf jmp_imm jmp_imm leave ret,0
control_flow_flatten_safe_4_x86_O0,_start,xor_reg_reg mov_reg_reg pop_reg mov_reg_reg and_reg_imm push_reg push_reg xor_reg_reg xor_reg_reg mov_reg_imm call_indirect hlt,0
control_flow_flatten_safe_4_x86_O0,main,push_reg mov_reg_reg sub_reg_imm mov_mem_reg mov_mem_reg cmp_mem_imm jle_imm mov_reg_mem add_reg_imm mov_reg_mem mov_reg_reg call_internal mov_reg_imm leave ret,0
control_flow_flatten_safe_4_x86_O1,safe,push_reg sub_reg_imm mov_reg_reg mov_reg_imm mov_reg_imm jmp_imm nop_mem mov_reg_reg cmp_reg_imm jne_imm mov_reg_imm mov_reg_reg call_strncpy mov_mem_imm mov_reg_reg lea_reg_mem mov_reg_imm call_printf add_reg_imm pop_reg ret,0
control_flow_flatten_safe_4_x86_O1,_start,xor_reg_reg mov_reg_reg pop_reg mov_reg_reg and_reg_imm push_reg push_reg xor_reg_reg xor_reg_reg mov_reg_imm call_indirect hlt,0
control_flow_flatten_safe_4_x86_O1,main,cmp_reg_imm jg_imm mov_reg_imm ret sub_reg_imm mov_reg_mem call_internal mov_reg_imm add_reg_imm ret,0
control_flow_flatten_safe_4_x86_O2,safe,sub_reg_imm mov_reg_reg mov_reg_imm mov_reg_reg call_strncpy mov_reg_reg xor_reg_reg mov_mem_imm lea_reg_mem call_printf add_reg_imm ret,0
control_flow_flatten_safe_4_x86_O2,_start,xor_reg_reg mov_reg_reg pop_reg mov_reg_reg and_reg_imm push_reg push_reg xor_reg_reg xor_reg_reg mov_reg_imm call_indirect hlt,0
control_flow_flatten_safe_4_x86_O2,main,cmp_reg_imm jg_imm xor_reg_reg ret push_reg mov_reg_mem call_internal xor_reg_reg pop_reg ret,0
control_flow_flatten_safe_4_x86_O3,safe,sub_reg_imm mov_reg_reg mov_reg_imm mov_reg_reg call_strncpy mov_reg_reg xor_reg_reg mov_mem_imm lea_reg_mem call_printf add_reg_imm ret,0
control_flow_flatten_safe_4_x86_O3,_start,xor_reg_reg mov_reg_reg pop_reg mov_reg_reg and_reg_imm push_reg push_reg xor_reg_reg xor_reg_reg mov_reg_imm call_indirect hlt,0
control_flow_flatten_safe_4_x86_O3,main,cmp_reg_imm jg_imm xor_reg_reg ret push_reg mov_reg_mem call_internal xor_reg_reg pop_reg ret,0
control_flow_flatten_safe_5_x86_O0,safe,push_reg mov_reg_reg sub_reg_imm mov_mem_reg mov_mem_imm cmp_mem_imm je_imm cmp_mem_imm jg_imm cmp_mem_imm je_imm cmp_mem_imm je_imm jmp_imm mov_mem_imm jmp_imm mov_reg_mem lea_reg_mem mov_reg_imm mov_reg_reg mov_reg_reg call_strncpy mov_mem_imm mov_mem_imm jmp_imm lea_reg_mem lea_reg_mem mov_reg_reg mov_reg_reg mov_reg_imm call_printf jmp_imm jmp_imm leave ret,0
control_flow_flatten_safe_5_x86_O0,_start,xor_reg_reg mov_reg_reg pop_reg mov_reg_reg and_reg_imm push_reg push_reg xor_reg_reg xor_reg_reg mov_reg_imm call_indirect hlt,0
control_flow_flatten_safe_5_x86_O0,main,push_reg mov_reg_reg sub_reg_imm mov_mem_reg mov_mem_reg cmp_mem_imm jle_imm mov_reg_mem add_reg_imm mov_reg_mem mov_reg_reg call_internal mov_reg_imm leave ret,0
control_flow_flatten_safe_5_x86_O1,safe,push_reg sub_reg_imm mov_reg_reg mov_reg_imm mov_reg_imm jmp_imm nop_mem mov_reg_reg cmp_reg_imm jne_imm mov_reg_imm mov_reg_reg call_strncpy mov_mem_imm mov_reg_reg lea_reg_mem mov_reg_imm call_printf add_reg_imm pop_reg ret,0
control_flow_flatten_safe_5_x86_O1,_start,xor_reg_reg mov_reg_reg pop_reg mov_reg_reg and_reg_imm push_reg push_reg xor_reg_reg xor_reg_reg mov_reg_imm call_indirect hlt,0
control_flow_flatten_safe_5_x86_O1,main,cmp_reg_imm jg_imm mov_reg_imm ret sub_reg_imm mov_reg_mem call_internal mov_reg_imm add_reg_imm ret,0
control_flow_flatten_safe_5_x86_O2,safe,sub_reg_imm mov_reg_reg mov_reg_imm mov_reg_reg call_strncpy mov_reg_reg xor_reg_reg mov_mem_imm lea_reg_mem call_printf add_reg_imm ret,0
control_flow_flatten_safe_5_x86_O2,_start,xor_reg_reg mov_reg_reg pop_reg mov_reg_reg and_reg_imm push_reg push_reg xor_reg_reg xor_reg_reg mov_reg_imm call_indirect hlt,0
control_flow_flatten_safe_5_x86_O2,main,cmp_reg_imm jg_imm xor_reg_reg ret push_reg mov_reg_mem call_internal xor_reg_reg pop_reg ret,0
control_flow_flatten_safe_5_x86_O3,safe,sub_reg_imm mov_reg_reg mov_reg_imm mov_reg_reg call_strncpy mov_reg_reg xor_reg_reg mov_mem_imm lea_reg_mem call_printf add_reg_imm ret,0
control_flow_flatten_safe_5_x86_O3,_start,xor_reg_reg mov_reg_reg pop_reg mov_reg_reg and_reg_imm push_reg push_reg xor_reg_reg xor_reg_reg mov_reg_imm call_indirect hlt,0
control_flow_flatten_safe_5_x86_O3,main,cmp_reg_imm jg_imm xor_reg_reg ret push_reg mov_reg_mem call_internal xor_reg_reg pop_reg ret,0
control_flow_flatten_safe_6_x86_O0,safe,push_reg mov_reg_reg sub_reg_imm mov_mem_reg mov_mem_imm cmp_mem_imm je_imm cmp_mem_imm jg_imm cmp_mem_imm je_imm cmp_mem_imm je_imm jmp_imm mov_mem_imm jmp_imm mov_reg_mem lea_reg_mem mov_reg_imm mov_reg_reg mov_reg_reg call_strncpy mov_mem_imm mov_mem_imm jmp_imm lea_reg_mem lea_reg_mem mov_reg_reg mov_reg_reg mov_reg_imm call_printf jmp_imm jmp_imm leave ret,0
control_flow_flatten_safe_6_x86_O0,_start,xor_reg_reg mov_reg_reg pop_reg mov_reg_reg and_reg_imm push_reg push_reg xor_reg_reg xor_reg_reg mov_reg_imm call_indirect hlt,0
control_flow_flatten_safe_6_x86_O0,main,push_reg mov_reg_reg sub_reg_imm mov_mem_reg mov_mem_reg cmp_mem_imm jle_imm mov_reg_mem add_reg_imm mov_reg_mem mov_reg_reg call_internal mov_reg_imm leave ret,0
control_flow_flatten_safe_6_x86_O1,safe,push_reg sub_reg_imm mov_reg_reg mov_reg_imm mov_reg_imm jmp_imm nop_mem mov_reg_reg cmp_reg_imm jne_imm mov_reg_imm mov_reg_reg call_strncpy mov_mem_imm mov_reg_reg lea_reg_mem mov_reg_imm call_printf add_reg_imm pop_reg ret,0
control_flow_flatten_safe_6_x86_O1,_start,xor_reg_reg mov_reg_reg pop_reg mov_reg_reg and_reg_imm push_reg push_reg xor_reg_reg xor_reg_reg mov_reg_imm call_indirect hlt,0
control_flow_flatten_safe_6_x86_O1,main,cmp_reg_imm jg_imm mov_reg_imm ret sub_reg_imm mov_reg_mem call_internal mov_reg_imm add_reg_imm ret,0
control_flow_flatten_safe_6_x86_O2,safe,sub_reg_imm mov_reg_reg mov_reg_imm mov_reg_reg call_strncpy mov_reg_reg xor_reg_reg mov_mem_imm lea_reg_mem call_printf add_reg_imm ret,0
control_flow_flatten_safe_6_x86_O2,_start,xor_reg_reg mov_reg_reg pop_reg mov_reg_reg and_reg_imm push_reg push_reg xor_reg_reg xor_reg_reg mov_reg_imm call_indirect hlt,0
control_flow_flatten_safe_6_x86_O2,main,cmp_reg_imm jg_imm xor_reg_reg ret push_reg mov_reg_mem call_internal xor_reg_reg pop_reg ret,0
control_flow_flatten_safe_6_x86_O3,safe,sub_reg_imm mov_reg_reg mov_reg_imm mov_reg_reg call_strncpy mov_reg_reg xor_reg_reg mov_mem_imm lea_reg_mem call_printf add_reg_imm ret,0
control_flow_flatten_safe_6_x86_O3,_start,xor_reg_reg mov_reg_reg pop_reg mov_reg_reg and_reg_imm push_reg push_reg xor_reg_reg xor_reg_reg mov_reg_imm call_indirect hlt,0
control_flow_flatten_safe_6_x86_O3,main,cmp_reg_imm jg_imm xor_reg_reg ret push_reg mov_reg_mem call_internal xor_reg_reg pop_reg ret,0
control_flow_flatten_safe_7_x86_O0,safe,push_reg mov_reg_reg sub_reg_imm mov_mem_reg mov_mem_imm cmp_mem_imm je_imm cmp_mem_imm jg_imm cmp_mem_imm je_imm cmp_mem_imm je_imm jmp_imm mov_mem_imm jmp_imm mov_reg_mem lea_reg_mem mov_reg_imm mov_reg_reg mov_reg_reg call_strncpy mov_mem_imm mov_mem_imm jmp_imm lea_reg_mem lea_reg_mem mov_reg_reg mov_reg_reg mov_reg_imm call_printf jmp_imm jmp_imm leave ret,0
control_flow_flatten_safe_7_x86_O0,_start,xor_reg_reg mov_reg_reg pop_reg mov_reg_reg and_reg_imm push_reg push_reg xor_reg_reg xor_reg_reg mov_reg_imm call_indirect hlt,0
control_flow_flatten_safe_7_x86_O0,main,push_reg mov_reg_reg sub_reg_imm mov_mem_reg mov_mem_reg cmp_mem_imm jle_imm mov_reg_mem add_reg_imm mov_reg_mem mov_reg_reg call_internal mov_reg_imm leave ret,0
control_flow_flatten_safe_7_x86_O1,safe,push_reg sub_reg_imm mov_reg_reg mov_reg_imm mov_reg_imm jmp_imm nop_mem mov_reg_reg cmp_reg_imm jne_imm mov_reg_imm mov_reg_reg call_strncpy mov_mem_imm mov_reg_reg lea_reg_mem mov_reg_imm call_printf add_reg_imm pop_reg ret,0
control_flow_flatten_safe_7_x86_O1,_start,xor_reg_reg mov_reg_reg pop_reg mov_reg_reg and_reg_imm push_reg push_reg xor_reg_reg xor_reg_reg mov_reg_imm call_indirect hlt,0
control_flow_flatten_safe_7_x86_O1,main,cmp_reg_imm jg_imm mov_reg_imm ret sub_reg_imm mov_reg_mem call_internal mov_reg_imm add_reg_imm ret,0
control_flow_flatten_safe_7_x86_O2,safe,sub_reg_imm mov_reg_reg mov_reg_imm mov_reg_reg call_strncpy mov_reg_reg xor_reg_reg mov_mem_imm lea_reg_mem call_printf add_reg_imm ret,0
control_flow_flatten_safe_7_x86_O2,_start,xor_reg_reg mov_reg_reg pop_reg mov_reg_reg and_reg_imm push_reg push_reg xor_reg_reg xor_reg_reg mov_reg_imm call_indirect hlt,0
control_flow_flatten_safe_7_x86_O2,main,cmp_reg_imm jg_imm xor_reg_reg ret push_reg mov_reg_mem call_internal xor_reg_reg pop_reg ret,0
control_flow_flatten_safe_7_x86_O3,safe,sub_reg_imm mov_reg_reg mov_reg_imm mov_reg_reg call_strncpy mov_reg_reg xor_reg_reg mov_mem_imm lea_reg_mem call_printf add_reg_imm ret,0
control_flow_flatten_safe_7_x86_O3,_start,xor_reg_reg mov_reg_reg pop_reg mov_reg_reg and_reg_imm push_reg push_reg xor_reg_reg xor_reg_reg mov_reg_imm call_indirect hlt,0
control_flow_flatten_safe_7_x86_O3,main,cmp_reg_imm jg_imm xor_reg_reg ret push_reg mov_reg_mem call_internal xor_reg_reg pop_reg ret,0
control_flow_flatten_safe_8_x86_O0,safe,push_reg mov_reg_reg sub_reg_imm mov_mem_reg mov_mem_imm cmp_mem_imm je_imm cmp_mem_imm jg_imm cmp_mem_imm je_imm cmp_mem_imm je_imm jmp_imm mov_mem_imm jmp_imm mov_reg_mem lea_reg_mem mov_reg_imm mov_reg_reg mov_reg_reg call_strncpy mov_mem_imm mov_mem_imm jmp_imm lea_reg_mem lea_reg_mem mov_reg_reg mov_reg_reg mov_reg_imm call_printf jmp_imm jmp_imm leave ret,0
control_flow_flatten_safe_8_x86_O0,_start,xor_reg_reg mov_reg_reg pop_reg mov_reg_reg and_reg_imm push_reg push_reg xor_reg_reg xor_reg_reg mov_reg_imm call_indirect hlt,0
control_flow_flatten_safe_8_x86_O0,main,push_reg mov_reg_reg sub_reg_imm mov_mem_reg mov_mem_reg cmp_mem_imm jle_imm mov_reg_mem add_reg_imm mov_reg_mem mov_reg_reg call_internal mov_reg_imm leave ret,0
control_flow_flatten_safe_8_x86_O1,safe,push_reg sub_reg_imm mov_reg_reg mov_reg_imm mov_reg_imm jmp_imm nop_mem mov_reg_reg cmp_reg_imm jne_imm mov_reg_imm mov_reg_reg call_strncpy mov_mem_imm mov_reg_reg lea_reg_mem mov_reg_imm call_printf add_reg_imm pop_reg ret,0
control_flow_flatten_safe_8_x86_O1,_start,xor_reg_reg mov_reg_reg pop_reg mov_reg_reg and_reg_imm push_reg push_reg xor_reg_reg xor_reg_reg mov_reg_imm call_indirect hlt,0
control_flow_flatten_safe_8_x86_O1,main,cmp_reg_imm jg_imm mov_reg_imm ret sub_reg_imm mov_reg_mem call_internal mov_reg_imm add_reg_imm ret,0
control_flow_flatten_safe_8_x86_O2,safe,sub_reg_imm mov_reg_reg mov_reg_imm mov_reg_reg call_strncpy mov_reg_reg xor_reg_reg mov_mem_imm lea_reg_mem call_printf add_reg_imm ret,0
control_flow_flatten_safe_8_x86_O2,_start,xor_reg_reg mov_reg_reg pop_reg mov_reg_reg and_reg_imm push_reg push_reg xor_reg_reg xor_reg_reg mov_reg_imm call_indirect hlt,0
control_flow_flatten_safe_8_x86_O2,main,cmp_reg_imm jg_imm xor_reg_reg ret push_reg mov_reg_mem call_internal xor_reg_reg pop_reg ret,0
control_flow_flatten_safe_8_x86_O3,safe,sub_reg_imm mov_reg_reg mov_reg_imm mov_reg_reg call_strncpy mov_reg_reg xor_reg_reg mov_mem_imm lea_reg_mem call_printf add_reg_imm ret,0
control_flow_flatten_safe_8_x86_O3,_start,xor_reg_reg mov_reg_reg pop_reg mov_reg_reg and_reg_imm push_reg push_reg xor_reg_reg xor_reg_reg mov_reg_imm call_indirect hlt,0
control_flow_flatten_safe_8_x86_O3,main,cmp_reg_imm jg_imm xor_reg_reg ret push_reg mov_reg_mem call_internal xor_reg_reg pop_reg ret,0
control_flow_flatten_safe_9_x86_O0,safe,push_reg mov_reg_reg sub_reg_imm mov_mem_reg mov_mem_imm cmp_mem_imm je_imm cmp_mem_imm jg_imm cmp_mem_imm je_imm cmp_mem_imm je_imm jmp_imm mov_mem_imm jmp_imm mov_reg_mem lea_reg_mem mov_reg_imm mov_reg_reg mov_reg_reg call_strncpy mov_mem_imm mov_mem_imm jmp_imm lea_reg_mem lea_reg_mem mov_reg_reg mov_reg_reg mov_reg_imm call_printf jmp_imm jmp_imm leave ret,0
control_flow_flatten_safe_9_x86_O0,_start,xor_reg_reg mov_reg_reg pop_reg mov_reg_reg and_reg_imm push_reg push_reg xor_reg_reg xor_reg_reg mov_reg_imm call_indirect hlt,0
control_flow_flatten_safe_9_x86_O0,main,push_reg mov_reg_reg sub_reg_imm mov_mem_reg mov_mem_reg cmp_mem_imm jle_imm mov_reg_mem add_reg_imm mov_reg_mem mov_reg_reg call_internal mov_reg_imm leave ret,0
control_flow_flatten_safe_9_x86_O1,safe,push_reg sub_reg_imm mov_reg_reg mov_reg_imm mov_reg_imm jmp_imm nop_mem mov_reg_reg cmp_reg_imm jne_imm mov_reg_imm mov_reg_reg call_strncpy mov_mem_imm mov_reg_reg lea_reg_mem mov_reg_imm call_printf add_reg_imm pop_reg ret,0
control_flow_flatten_safe_9_x86_O1,_start,xor_reg_reg mov_reg_reg pop_reg mov_reg_reg and_reg_imm push_reg push_reg xor_reg_reg xor_reg_reg mov_reg_imm call_indirect hlt,0
control_flow_flatten_safe_9_x86_O1,main,cmp_reg_imm jg_imm mov_reg_imm ret sub_reg_imm mov_reg_mem call_internal mov_reg_imm add_reg_imm ret,0
control_flow_flatten_safe_9_x86_O2,safe,sub_reg_imm mov_reg_reg mov_reg_imm mov_reg_reg call_strncpy mov_reg_reg xor_reg_reg mov_mem_imm lea_reg_mem call_printf add_reg_imm ret,0
control_flow_flatten_safe_9_x86_O2,_start,xor_reg_reg mov_reg_reg pop_reg mov_reg_reg and_reg_imm push_reg push_reg xor_reg_reg xor_reg_reg mov_reg_imm call_indirect hlt,0
control_flow_flatten_safe_9_x86_O2,main,cmp_reg_imm jg_imm xor_reg_reg ret push_reg mov_reg_mem call_internal xor_reg_reg pop_reg ret,0
control_flow_flatten_safe_9_x86_O3,safe,sub_reg_imm mov_reg_reg mov_reg_imm mov_reg_reg call_strncpy mov_reg_reg xor_reg_reg mov_mem_imm lea_reg_mem call_printf add_reg_imm ret,0
control_flow_flatten_safe_9_x86_O3,_start,xor_reg_reg mov_reg_reg pop_reg mov_reg_reg and_reg_imm push_reg push_reg xor_reg_reg xor_reg_reg mov_reg_imm call_indirect hlt,0
control_flow_flatten_safe_9_x86_O3,main,cmp_reg_imm jg_imm xor_reg_reg ret push_reg mov_reg_mem call_internal xor_reg_reg pop_reg ret,0
control_flow_flatten_vuln_0_x86_O0,_start,xor_reg_reg mov_reg_reg pop_reg mov_reg_reg and_reg_imm push_reg push_reg xor_reg_reg xor_reg_reg mov_reg_imm call_indirect hlt,0
control_flow_flatten_vuln_0_x86_O0,main,push_reg mov_reg_reg sub_reg_imm mov_mem_reg mov_mem_reg cmp_mem_imm jle_imm mov_reg_mem add_reg_imm mov_reg_mem mov_reg_reg call_internal mov_reg_imm leave ret,0
control_flow_flatten_vuln_0_x86_O0,vulnerable,push_reg mov_reg_reg sub_reg_imm mov_mem_reg mov_mem_imm cmp_mem_imm je_imm cmp_mem_imm jg_imm cmp_mem_imm je_imm cmp_mem_imm je_imm jmp_imm mov_mem_imm jmp_imm mov_reg_mem lea_reg_mem mov_reg_reg mov_reg_reg call_strcpy mov_mem_imm jmp_imm lea_reg_mem lea_reg_mem mov_reg_reg mov_reg_reg mov_reg_imm call_printf jmp_imm jmp_imm leave ret,1
control_flow_flatten_vuln_0_x86_O1,_start,xor_reg_reg mov_reg_reg pop_reg mov_reg_reg and_reg_imm push_reg push_reg xor_reg_reg xor_reg_reg mov_reg_imm call_indirect hlt,0
control_flow_flatten_vuln_0_x86_O1,main,cmp_reg_imm jg_imm mov_reg_imm ret sub_reg_imm mov_reg_mem call_internal mov_reg_imm add_reg_imm ret,0
control_flow_flatten_vuln_0_x86_O1,vulnerable,push_reg sub_reg_imm mov_reg_reg mov_reg_imm mov_reg_imm jmp_imm nop_mem mov_reg_reg cmp_reg_imm jne_imm mov_reg_reg call_strcpy mov_reg_reg lea_reg_mem mov_reg_imm call_printf add_reg_imm pop_reg ret,1
control_flow_flatten_vuln_0_x86_O2,_start,xor_reg_reg mov_reg_reg pop_reg mov_reg_reg and_reg_imm push_reg push_reg xor_reg_reg xor_reg_reg mov_reg_imm call_indirect hlt,0
control_flow_flatten_vuln_0_x86_O2,main,cmp_reg_imm jg_imm xor_reg_reg ret push_reg mov_reg_mem call_internal xor_reg_reg pop_reg ret,0
control_flow_flatten_vuln_0_x86_O2,vulnerable,sub_reg_imm mov_reg_reg mov_reg_reg call_strcpy mov_reg_reg lea_reg_mem xor_reg_reg call_printf add_reg_imm ret,1
control_flow_flatten_vuln_0_x86_O3,_start,xor_reg_reg mov_reg_reg pop_reg mov_reg_reg and_reg_imm push_reg push_reg xor_reg_reg xor_reg_reg mov_reg_imm call_indirect hlt,0
control_flow_flatten_vuln_0_x86_O3,main,cmp_reg_imm jg_imm xor_reg_reg ret push_reg mov_reg_mem call_internal xor_reg_reg pop_reg ret,0
control_flow_flatten_vuln_0_x86_O3,vulnerable,sub_reg_imm mov_reg_reg mov_reg_reg call_strcpy mov_reg_reg lea_reg_mem xor_reg_reg call_printf add_reg_imm ret,1
control_flow_flatten_vuln_1_x86_O0,_start,xor_reg_reg mov_reg_reg pop_reg mov_reg_reg and_reg_imm push_reg push_reg xor_reg_reg xor_reg_reg mov_reg_imm call_indirect hlt,0
control_flow_flatten_vuln_1_x86_O0,main,push_reg mov_reg_reg sub_reg_imm mov_mem_reg mov_mem_reg cmp_mem_imm jle_imm mov_reg_mem add_reg_imm mov_reg_mem mov_reg_reg call_internal mov_reg_imm leave ret,0
control_flow_flatten_vuln_1_x86_O0,vulnerable,push_reg mov_reg_reg sub_reg_imm mov_mem_reg mov_mem_imm cmp_mem_imm je_imm cmp_mem_imm jg_imm cmp_mem_imm je_imm cmp_mem_imm je_imm jmp_imm mov_mem_imm jmp_imm mov_reg_mem lea_reg_mem mov_reg_reg mov_reg_reg call_strcpy mov_mem_imm jmp_imm lea_reg_mem lea_reg_mem mov_reg_reg mov_reg_reg mov_reg_imm call_printf jmp_imm jmp_imm leave ret,1
control_flow_flatten_vuln_1_x86_O1,_start,xor_reg_reg mov_reg_reg pop_reg mov_reg_reg and_reg_imm push_reg push_reg xor_reg_reg xor_reg_reg mov_reg_imm call_indirect hlt,0
control_flow_flatten_vuln_1_x86_O1,main,cmp_reg_imm jg_imm mov_reg_imm ret sub_reg_imm mov_reg_mem call_internal mov_reg_imm add_reg_imm ret,0
control_flow_flatten_vuln_1_x86_O1,vulnerable,push_reg sub_reg_imm mov_reg_reg mov_reg_imm mov_reg_imm jmp_imm nop_mem mov_reg_reg cmp_reg_imm jne_imm mov_reg_reg call_strcpy mov_reg_reg lea_reg_mem mov_reg_imm call_printf add_reg_imm pop_reg ret,1
control_flow_flatten_vuln_1_x86_O2,_start,xor_reg_reg mov_reg_reg pop_reg mov_reg_reg and_reg_imm push_reg push_reg xor_reg_reg xor_reg_reg mov_reg_imm call_indirect hlt,0
control_flow_flatten_vuln_1_x86_O2,main,cmp_reg_imm jg_imm xor_reg_reg ret push_reg mov_reg_mem call_internal xor_reg_reg pop_reg ret,0
control_flow_flatten_vuln_1_x86_O2,vulnerable,sub_reg_imm mov_reg_reg mov_reg_reg call_strcpy mov_reg_reg lea_reg_mem xor_reg_reg call_printf add_reg_imm ret,1
control_flow_flatten_vuln_1_x86_O3,_start,xor_reg_reg mov_reg_reg pop_reg mov_reg_reg and_reg_imm push_reg push_reg xor_reg_reg xor_reg_reg mov_reg_imm call_indirect hlt,0
control_flow_flatten_vuln_1_x86_O3,main,cmp_reg_imm jg_imm xor_reg_reg ret push_reg mov_reg_mem call_internal xor_reg_reg pop_reg ret,0
control_flow_flatten_vuln_1_x86_O3,vulnerable,sub_reg_imm mov_reg_reg mov_reg_reg call_strcpy mov_reg_reg lea_reg_mem xor_reg_reg call_printf add_reg_imm ret,1
control_flow_flatten_vuln_2_x86_O0,_start,xor_reg_reg mov_reg_reg pop_reg mov_reg_reg and_reg_imm push_reg push_reg xor_reg_reg xor_reg_reg mov_reg_imm call_indirect hlt,0
control_flow_flatten_vuln_2_x86_O0,main,push_reg mov_reg_reg sub_reg_imm mov_mem_reg mov_mem_reg cmp_mem_imm jle_imm mov_reg_mem add_reg_imm mov_reg_mem mov_reg_reg call_internal mov_reg_imm leave ret,0
control_flow_flatten_vuln_2_x86_O0,vulnerable,push_reg mov_reg_reg sub_reg_imm mov_mem_reg mov_mem_imm cmp_mem_imm je_imm cmp_mem_imm jg_imm cmp_mem_imm je_imm cmp_mem_imm je_imm jmp_imm mov_mem_imm jmp_imm mov_reg_mem lea_reg_mem mov_reg_reg mov_reg_reg call_strcpy mov_mem_imm jmp_imm lea_reg_mem lea_reg_mem mov_reg_reg mov_reg_reg mov_reg_imm call_printf jmp_imm jmp_imm leave ret,1
control_flow_flatten_vuln_2_x86_O1,_start,xor_reg_reg mov_reg_reg pop_reg mov_reg_reg and_reg_imm push_reg push_reg xor_reg_reg xor_reg_reg mov_reg_imm call_indirect hlt,0
control_flow_flatten_vuln_2_x86_O1,main,cmp_reg_imm jg_imm mov_reg_imm ret sub_reg_imm mov_reg_mem call_internal mov_reg_imm add_reg_imm ret,0
control_flow_flatten_vuln_2_x86_O1,vulnerable,push_reg sub_reg_imm mov_reg_reg mov_reg_imm mov_reg_imm jmp_imm nop_mem mov_reg_reg cmp_reg_imm jne_imm mov_reg_reg call_strcpy mov_reg_reg lea_reg_mem mov_reg_imm call_printf add_reg_imm pop_reg ret,1
control_flow_flatten_vuln_2_x86_O2,_start,xor_reg_reg mov_reg_reg pop_reg mov_reg_reg and_reg_imm push_reg push_reg xor_reg_reg xor_reg_reg mov_reg_imm call_indirect hlt,0
control_flow_flatten_vuln_2_x86_O2,main,cmp_reg_imm jg_imm xor_reg_reg ret push_reg mov_reg_mem call_internal xor_reg_reg pop_reg ret,0
control_flow_flatten_vuln_2_x86_O2,vulnerable,sub_reg_imm mov_reg_reg mov_reg_reg call_strcpy mov_reg_reg lea_reg_mem xor_reg_reg call_printf add_reg_imm ret,1
control_flow_flatten_vuln_2_x86_O3,_start,xor_reg_reg mov_reg_reg pop_reg mov_reg_reg and_reg_imm push_reg push_reg xor_reg_reg xor_reg_reg mov_reg_imm call_indirect hlt,0
control_flow_flatten_vuln_2_x86_O3,main,cmp_reg_imm jg_imm xor_reg_reg ret push_reg mov_reg_mem call_internal xor_reg_reg pop_reg ret,0
control_flow_flatten_vuln_2_x86_O3,vulnerable,sub_reg_imm mov_reg_reg mov_reg_reg call_strcpy mov_reg_reg lea_reg_mem xor_reg_reg call_printf add_reg_imm ret,1
control_flow_flatten_vuln_3_x86_O0,_start,xor_reg_reg mov_reg_reg pop_reg mov_reg_reg and_reg_imm push_reg push_reg xor_reg_reg xor_reg_reg mov_reg_imm call_indirect hlt,0
control_flow_flatten_vuln_3_x86_O0,main,push_reg mov_reg_reg sub_reg_imm mov_mem_reg mov_mem_reg cmp_mem_imm jle_imm mov_reg_mem add_reg_imm mov_reg_mem mov_reg_reg call_internal mov_reg_imm leave ret,0
control_flow_flatten_vuln_3_x86_O0,vulnerable,push_reg mov_reg_reg sub_reg_imm mov_mem_reg mov_mem_imm cmp_mem_imm je_imm cmp_mem_imm jg_imm cmp_mem_imm je_imm cmp_mem_imm je_imm jmp_imm mov_mem_imm jmp_imm mov_reg_mem lea_reg_mem mov_reg_reg mov_reg_reg call_strcpy mov_mem_imm jmp_imm lea_reg_mem lea_reg_mem mov_reg_reg mov_reg_reg mov_reg_imm call_printf jmp_imm jmp_imm leave ret,1
control_flow_flatten_vuln_3_x86_O1,_start,xor_reg_reg mov_reg_reg pop_reg mov_reg_reg and_reg_imm push_reg push_reg xor_reg_reg xor_reg_reg mov_reg_imm call_indirect hlt,0
control_flow_flatten_vuln_3_x86_O1,main,cmp_reg_imm jg_imm mov_reg_imm ret sub_reg_imm mov_reg_mem call_internal mov_reg_imm add_reg_imm ret,0
control_flow_flatten_vuln_3_x86_O1,vulnerable,push_reg sub_reg_imm mov_reg_reg mov_reg_imm mov_reg_imm jmp_imm nop_mem mov_reg_reg cmp_reg_imm jne_imm mov_reg_reg call_strcpy mov_reg_reg lea_reg_mem mov_reg_imm call_printf add_reg_imm pop_reg ret,1
control_flow_flatten_vuln_3_x86_O2,_start,xor_reg_reg mov_reg_reg pop_reg mov_reg_reg and_reg_imm push_reg push_reg xor_reg_reg xor_reg_reg mov_reg_imm call_indirect hlt,0
control_flow_flatten_vuln_3_x86_O2,main,cmp_reg_imm jg_imm xor_reg_reg ret push_reg mov_reg_mem call_internal xor_reg_reg pop_reg ret,0
control_flow_flatten_vuln_3_x86_O2,vulnerable,sub_reg_imm mov_reg_reg mov_reg_reg call_strcpy mov_reg_reg lea_reg_mem xor_reg_reg call_printf add_reg_imm ret,1
control_flow_flatten_vuln_3_x86_O3,_start,xor_reg_reg mov_reg_reg pop_reg mov_reg_reg and_reg_imm push_reg push_reg xor_reg_reg xor_reg_reg mov_reg_imm call_indirect hlt,0
control_flow_flatten_vuln_3_x86_O3,main,cmp_reg_imm jg_imm xor_reg_reg ret push_reg mov_reg_mem call_internal xor_reg_reg pop_reg ret,0
control_flow_flatten_vuln_3_x86_O3,vulnerable,sub_reg_imm mov_reg_reg mov_reg_reg call_strcpy mov_reg_reg lea_reg_mem xor_reg_reg call_printf add_reg_imm ret,1
control_flow_flatten_vuln_4_x86_O0,_start,xor_reg_reg mov_reg_reg pop_reg mov_reg_reg and_reg_imm push_reg push_reg xor_reg_reg xor_reg_reg mov_reg_imm call_indirect hlt,0
control_flow_flatten_vuln_4_x86_O0,main,push_reg mov_reg_reg sub_reg_imm mov_mem_reg mov_mem_reg cmp_mem_imm jle_imm mov_reg_mem add_reg_imm mov_reg_mem mov_reg_reg call_internal mov_reg_imm leave ret,0
control_flow_flatten_vuln_4_x86_O0,vulnerable,push_reg mov_reg_reg sub_reg_imm mov_mem_reg mov_mem_imm cmp_mem_imm je_imm cmp_mem_imm jg_imm cmp_mem_imm je_imm cmp_mem_imm je_imm jmp_imm mov_mem_imm jmp_imm mov_reg_mem lea_reg_mem mov_reg_reg mov_reg_reg call_strcpy mov_mem_imm jmp_imm lea_reg_mem lea_reg_mem mov_reg_reg mov_reg_reg mov_reg_imm call_printf jmp_imm jmp_imm leave ret,1
control_flow_flatten_vuln_4_x86_O1,_start,xor_reg_reg mov_reg_reg pop_reg mov_reg_reg and_reg_imm push_reg push_reg xor_reg_reg xor_reg_reg mov_reg_imm call_indirect hlt,0
control_flow_flatten_vuln_4_x86_O1,main,cmp_reg_imm jg_imm mov_reg_imm ret sub_reg_imm mov_reg_mem call_internal mov_reg_imm add_reg_imm ret,0
control_flow_flatten_vuln_4_x86_O1,vulnerable,push_reg sub_reg_imm mov_reg_reg mov_reg_imm mov_reg_imm jmp_imm nop_mem mov_reg_reg cmp_reg_imm jne_imm mov_reg_reg call_strcpy mov_reg_reg lea_reg_mem mov_reg_imm call_printf add_reg_imm pop_reg ret,1
control_flow_flatten_vuln_4_x86_O2,_start,xor_reg_reg mov_reg_reg pop_reg mov_reg_reg and_reg_imm push_reg push_reg xor_reg_reg xor_reg_reg mov_reg_imm call_indirect hlt,0
control_flow_flatten_vuln_4_x86_O2,main,cmp_reg_imm jg_imm xor_reg_reg ret push_reg mov_reg_mem call_internal xor_reg_reg pop_reg ret,0
control_flow_flatten_vuln_4_x86_O2,vulnerable,sub_reg_imm mov_reg_reg mov_reg_reg call_strcpy mov_reg_reg lea_reg_mem xor_reg_reg call_printf add_reg_imm ret,1
control_flow_flatten_vuln_4_x86_O3,_start,xor_reg_reg mov_reg_reg pop_reg mov_reg_reg and_reg_imm push_reg push_reg xor_reg_reg xor_reg_reg mov_reg_imm call_indirect hlt,0
control_flow_flatten_vuln_4_x86_O3,main,cmp_reg_imm jg_imm xor_reg_reg ret push_reg mov_reg_mem call_internal xor_reg_reg pop_reg ret,0
control_flow_flatten_vuln_4_x86_O3,vulnerable,sub_reg_imm mov_reg_reg mov_reg_reg call_strcpy mov_reg_reg lea_reg_mem xor_reg_reg call_printf add_reg_imm ret,1
control_flow_flatten_vuln_5_x86_O0,_start,xor_reg_reg mov_reg_reg pop_reg mov_reg_reg and_reg_imm push_reg push_reg xor_reg_reg xor_reg_reg mov_reg_imm call_indirect hlt,0
control_flow_flatten_vuln_5_x86_O0,main,push_reg mov_reg_reg sub_reg_imm mov_mem_reg mov_mem_reg cmp_mem_imm jle_imm mov_reg_mem add_reg_imm mov_reg_mem mov_reg_reg call_internal mov_reg_imm leave ret,0
control_flow_flatten_vuln_5_x86_O0,vulnerable,push_reg mov_reg_reg sub_reg_imm mov_mem_reg mov_mem_imm cmp_mem_imm je_imm cmp_mem_imm jg_imm cmp_mem_imm je_imm cmp_mem_imm je_imm jmp_imm mov_mem_imm jmp_imm mov_reg_mem lea_reg_mem mov_reg_reg mov_reg_reg call_strcpy mov_mem_imm jmp_imm lea_reg_mem lea_reg_mem mov_reg_reg mov_reg_reg mov_reg_imm call_printf jmp_imm jmp_imm leave ret,1
control_flow_flatten_vuln_5_x86_O1,_start,xor_reg_reg mov_reg_reg pop_reg mov_reg_reg and_reg_imm push_reg push_reg xor_reg_reg xor_reg_reg mov_reg_imm call_indirect hlt,0
control_flow_flatten_vuln_5_x86_O1,main,cmp_reg_imm jg_imm mov_reg_imm ret sub_reg_imm mov_reg_mem call_internal mov_reg_imm add_reg_imm ret,0
control_flow_flatten_vuln_5_x86_O1,vulnerable,push_reg sub_reg_imm mov_reg_reg mov_reg_imm mov_reg_imm jmp_imm nop_mem mov_reg_reg cmp_reg_imm jne_imm mov_reg_reg call_strcpy mov_reg_reg lea_reg_mem mov_reg_imm call_printf add_reg_imm pop_reg ret,1
control_flow_flatten_vuln_5_x86_O2,_start,xor_reg_reg mov_reg_reg pop_reg mov_reg_reg and_reg_imm push_reg push_reg xor_reg_reg xor_reg_reg mov_reg_imm call_indirect hlt,0
control_flow_flatten_vuln_5_x86_O2,main,cmp_reg_imm jg_imm xor_reg_reg ret push_reg mov_reg_mem call_internal xor_reg_reg pop_reg ret,0
control_flow_flatten_vuln_5_x86_O2,vulnerable,sub_reg_imm mov_reg_reg mov_reg_reg call_strcpy mov_reg_reg lea_reg_mem xor_reg_reg call_printf add_reg_imm ret,1
control_flow_flatten_vuln_5_x86_O3,_start,xor_reg_reg mov_reg_reg pop_reg mov_reg_reg and_reg_imm push_reg push_reg xor_reg_reg xor_reg_reg mov_reg_imm call_indirect hlt,0
control_flow_flatten_vuln_5_x86_O3,main,cmp_reg_imm jg_imm xor_reg_reg ret push_reg mov_reg_mem call_internal xor_reg_reg pop_reg ret,0
control_flow_flatten_vuln_5_x86_O3,vulnerable,sub_reg_imm mov_reg_reg mov_reg_reg call_strcpy mov_reg_reg lea_reg_mem xor_reg_reg call_printf add_reg_imm ret,1
control_flow_flatten_vuln_6_x86_O0,_start,xor_reg_reg mov_reg_reg pop_reg mov_reg_reg and_reg_imm push_reg push_reg xor_reg_reg xor_reg_reg mov_reg_imm call_indirect hlt,0
control_flow_flatten_vuln_6_x86_O0,main,push_reg mov_reg_reg sub_reg_imm mov_mem_reg mov_mem_reg cmp_mem_imm jle_imm mov_reg_mem add_reg_imm mov_reg_mem mov_reg_reg call_internal mov_reg_imm leave ret,0
control_flow_flatten_vuln_6_x86_O0,vulnerable,push_reg mov_reg_reg sub_reg_imm mov_mem_reg mov_mem_imm cmp_mem_imm je_imm cmp_mem_imm jg_imm cmp_mem_imm je_imm cmp_mem_imm je_imm jmp_imm mov_mem_imm jmp_imm mov_reg_mem lea_reg_mem mov_reg_reg mov_reg_reg call_strcpy mov_mem_imm jmp_imm lea_reg_mem lea_reg_mem mov_reg_reg mov_reg_reg mov_reg_imm call_printf jmp_imm jmp_imm leave ret,1
control_flow_flatten_vuln_6_x86_O1,_start,xor_reg_reg mov_reg_reg pop_reg mov_reg_reg and_reg_imm push_reg push_reg xor_reg_reg xor_reg_reg mov_reg_imm call_indirect hlt,0
control_flow_flatten_vuln_6_x86_O1,main,cmp_reg_imm jg_imm mov_reg_imm ret sub_reg_imm mov_reg_mem call_internal mov_reg_imm add_reg_imm ret,0
control_flow_flatten_vuln_6_x86_O1,vulnerable,push_reg sub_reg_imm mov_reg_reg mov_reg_imm mov_reg_imm jmp_imm nop_mem mov_reg_reg cmp_reg_imm jne_imm mov_reg_reg call_strcpy mov_reg_reg lea_reg_mem mov_reg_imm call_printf add_reg_imm pop_reg ret,1
control_flow_flatten_vuln_6_x86_O2,_start,xor_reg_reg mov_reg_reg pop_reg mov_reg_reg and_reg_imm push_reg push_reg xor_reg_reg xor_reg_reg mov_reg_imm call_indirect hlt,0
control_flow_flatten_vuln_6_x86_O2,main,cmp_reg_imm jg_imm xor_reg_reg ret push_reg mov_reg_mem call_internal xor_reg_reg pop_reg ret,0
control_flow_flatten_vuln_6_x86_O2,vulnerable,sub_reg_imm mov_reg_reg mov_reg_reg call_strcpy mov_reg_reg lea_reg_mem xor_reg_reg call_printf add_reg_imm ret,1
control_flow_flatten_vuln_6_x86_O3,_start,xor_reg_reg mov_reg_reg pop_reg mov_reg_reg and_reg_imm push_reg push_reg xor_reg_reg xor_reg_reg mov_reg_imm call_indirect hlt,0
control_flow_flatten_vuln_6_x86_O3,main,cmp_reg_imm jg_imm xor_reg_reg ret push_reg mov_reg_mem call_internal xor_reg_reg pop_reg ret,0
control_flow_flatten_vuln_6_x86_O3,vulnerable,sub_reg_imm mov_reg_reg mov_reg_reg call_strcpy mov_reg_reg lea_reg_mem xor_reg_reg call_printf add_reg_imm ret,1
control_flow_flatten_vuln_7_x86_O0,_start,xor_reg_reg mov_reg_reg pop_reg mov_reg_reg and_reg_imm push_reg push_reg xor_reg_reg xor_reg_reg mov_reg_imm call_indirect hlt,0
control_flow_flatten_vuln_7_x86_O0,main,push_reg mov_reg_reg sub_reg_imm mov_mem_reg mov_mem_reg cmp_mem_imm jle_imm mov_reg_mem add_reg_imm mov_reg_mem mov_reg_reg call_internal mov_reg_imm leave ret,0
control_flow_flatten_vuln_7_x86_O0,vulnerable,push_reg mov_reg_reg sub_reg_imm mov_mem_reg mov_mem_imm cmp_mem_imm je_imm cmp_mem_imm jg_imm cmp_mem_imm je_imm cmp_mem_imm je_imm jmp_imm mov_mem_imm jmp_imm mov_reg_mem lea_reg_mem mov_reg_reg mov_reg_reg call_strcpy mov_mem_imm jmp_imm lea_reg_mem lea_reg_mem mov_reg_reg mov_reg_reg mov_reg_imm call_printf jmp_imm jmp_imm leave ret,1
control_flow_flatten_vuln_7_x86_O1,_start,xor_reg_reg mov_reg_reg pop_reg mov_reg_reg and_reg_imm push_reg push_reg xor_reg_reg xor_reg_reg mov_reg_imm call_indirect hlt,0
control_flow_flatten_vuln_7_x86_O1,main,cmp_reg_imm jg_imm mov_reg_imm ret sub_reg_imm mov_reg_mem call_internal mov_reg_imm add_reg_imm ret,0
control_flow_flatten_vuln_7_x86_O1,vulnerable,push_reg sub_reg_imm mov_reg_reg mov_reg_imm mov_reg_imm jmp_imm nop_mem mov_reg_reg cmp_reg_imm jne_imm mov_reg_reg call_strcpy mov_reg_reg lea_reg_mem mov_reg_imm call_printf add_reg_imm pop_reg ret,1
control_flow_flatten_vuln_7_x86_O2,_start,xor_reg_reg mov_reg_reg pop_reg mov_reg_reg and_reg_imm push_reg push_reg xor_reg_reg xor_reg_reg mov_reg_imm call_indirect hlt,0
control_flow_flatten_vuln_7_x86_O2,main,cmp_reg_imm jg_imm xor_reg_reg ret push_reg mov_reg_mem call_internal xor_reg_reg pop_reg ret,0
control_flow_flatten_vuln_7_x86_O2,vulnerable,sub_reg_imm mov_reg_reg mov_reg_reg call_strcpy mov_reg_reg lea_reg_mem xor_reg_reg call_printf add_reg_imm ret,1
control_flow_flatten_vuln_7_x86_O3,_start,xor_reg_reg mov_reg_reg pop_reg mov_reg_reg and_reg_imm push_reg push_reg xor_reg_reg xor_reg_reg mov_reg_imm call_indirect hlt,0
control_flow_flatten_vuln_7_x86_O3,main,cmp_reg_imm jg_imm xor_reg_reg ret push_reg mov_reg_mem call_internal xor_reg_reg pop_reg ret,0
control_flow_flatten_vuln_7_x86_O3,vulnerable,sub_reg_imm mov_reg_reg mov_reg_reg call_strcpy mov_reg_reg lea_reg_mem xor_reg_reg call_printf add_reg_imm ret,1
control_flow_flatten_vuln_8_x86_O0,_start,xor_reg_reg mov_reg_reg pop_reg mov_reg_reg and_reg_imm push_reg push_reg xor_reg_reg xor_reg_reg mov_reg_imm call_indirect hlt,0
control_flow_flatten_vuln_8_x86_O0,main,push_reg mov_reg_reg sub_reg_imm mov_mem_reg mov_mem_reg cmp_mem_imm jle_imm mov_reg_mem add_reg_imm mov_reg_mem mov_reg_reg call_internal mov_reg_imm leave ret,0
control_flow_flatten_vuln_8_x86_O0,vulnerable,push_reg mov_reg_reg sub_reg_imm mov_mem_reg mov_mem_imm cmp_mem_imm je_imm cmp_mem_imm jg_imm cmp_mem_imm je_imm cmp_mem_imm je_imm jmp_imm mov_mem_imm jmp_imm mov_reg_mem lea_reg_mem mov_reg_reg mov_reg_reg call_strcpy mov_mem_imm jmp_imm lea_reg_mem lea_reg_mem mov_reg_reg mov_reg_reg mov_reg_imm call_printf jmp_imm jmp_imm leave ret,1
control_flow_flatten_vuln_8_x86_O1,_start,xor_reg_reg mov_reg_reg pop_reg mov_reg_reg and_reg_imm push_reg push_reg xor_reg_reg xor_reg_reg mov_reg_imm call_indirect hlt,0
control_flow_flatten_vuln_8_x86_O1,main,cmp_reg_imm jg_imm mov_reg_imm ret sub_reg_imm mov_reg_mem call_internal mov_reg_imm add_reg_imm ret,0
control_flow_flatten_vuln_8_x86_O1,vulnerable,push_reg sub_reg_imm mov_reg_reg mov_reg_imm mov_reg_imm jmp_imm nop_mem mov_reg_reg cmp_reg_imm jne_imm mov_reg_reg call_strcpy mov_reg_reg lea_reg_mem mov_reg_imm call_printf add_reg_imm pop_reg ret,1
control_flow_flatten_vuln_8_x86_O2,_start,xor_reg_reg mov_reg_reg pop_reg mov_reg_reg and_reg_imm push_reg push_reg xor_reg_reg xor_reg_reg mov_reg_imm call_indirect hlt,0
control_flow_flatten_vuln_8_x86_O2,main,cmp_reg_imm jg_imm xor_reg_reg ret push_reg mov_reg_mem call_internal xor_reg_reg pop_reg ret,0
control_flow_flatten_vuln_8_x86_O2,vulnerable,sub_reg_imm mov_reg_reg mov_reg_reg call_strcpy mov_reg_reg lea_reg_mem xor_reg_reg call_printf add_reg_imm ret,1
control_flow_flatten_vuln_8_x86_O3,_start,xor_reg_reg mov_reg_reg pop_reg mov_reg_reg and_reg_imm push_reg push_reg xor_reg_reg xor_reg_reg mov_reg_imm call_indirect hlt,0
control_flow_flatten_vuln_8_x86_O3,main,cmp_reg_imm jg_imm xor_reg_reg ret push_reg mov_reg_mem call_internal xor_reg_reg pop_reg ret,0
control_flow_flatten_vuln_8_x86_O3,vulnerable,sub_reg_imm mov_reg_reg mov_reg_reg call_strcpy mov_reg_reg lea_reg_mem xor_reg_reg call_printf add_reg_imm ret,1
control_flow_flatten_vuln_9_x86_O0,_start,xor_reg_reg mov_reg_reg pop_reg mov_reg_reg and_reg_imm push_reg push_reg xor_reg_reg xor_reg_reg mov_reg_imm call_indirect hlt,0
control_flow_flatten_vuln_9_x86_O0,main,push_reg mov_reg_reg sub_reg_imm mov_mem_reg mov_mem_reg cmp_mem_imm jle_imm mov_reg_mem add_reg_imm mov_reg_mem mov_reg_reg call_internal mov_reg_imm leave ret,0
control_flow_flatten_vuln_9_x86_O0,vulnerable,push_reg mov_reg_reg sub_reg_imm mov_mem_reg mov_mem_imm cmp_mem_imm je_imm cmp_mem_imm jg_imm cmp_mem_imm je_imm cmp_mem_imm je_imm jmp_imm mov_mem_imm jmp_imm mov_reg_mem lea_reg_mem mov_reg_reg mov_reg_reg call_strcpy mov_mem_imm jmp_imm lea_reg_mem lea_reg_mem mov_reg_reg mov_reg_reg mov_reg_imm call_printf jmp_imm jmp_imm leave ret,1
control_flow_flatten_vuln_9_x86_O1,_start,xor_reg_reg mov_reg_reg pop_reg mov_reg_reg and_reg_imm push_reg push_reg xor_reg_reg xor_reg_reg mov_reg_imm call_indirect hlt,0
control_flow_flatten_vuln_9_x86_O1,main,cmp_reg_imm jg_imm mov_reg_imm ret sub_reg_imm mov_reg_mem call_internal mov_reg_imm add_reg_imm ret,0
control_flow_flatten_vuln_9_x86_O1,vulnerable,push_reg sub_reg_imm mov_reg_reg mov_reg_imm mov_reg_imm jmp_imm nop_mem mov_reg_reg cmp_reg_imm jne_imm mov_reg_reg call_strcpy mov_reg_reg lea_reg_mem mov_reg_imm call_printf add_reg_imm pop_reg ret,1
control_flow_flatten_vuln_9_x86_O2,_start,xor_reg_reg mov_reg_reg pop_reg mov_reg_reg and_reg_imm push_reg push_reg xor_reg_reg xor_reg_reg mov_reg_imm call_indirect hlt,0
control_flow_flatten_vuln_9_x86_O2,main,cmp_reg_imm jg_imm xor_reg_reg ret push_reg mov_reg_mem call_internal xor_reg_reg pop_reg ret,0
control_flow_flatten_vuln_9_x86_O2,vulnerable,sub_reg_imm mov_reg_reg mov_reg_reg call_strcpy mov_reg_reg lea_reg_mem xor_reg_reg call_printf add_reg_imm ret,1
control_flow_flatten_vuln_9_x86_O3,_start,xor_reg_reg mov_reg_reg pop_reg mov_reg_reg and_reg_imm push_reg push_reg xor_reg_reg xor_reg_reg mov_reg_imm call_indirect hlt,0
control_flow_flatten_vuln_9_x86_O3,main,cmp_reg_imm jg_imm xor_reg_reg ret push_reg mov_reg_mem call_internal xor_reg_reg pop_reg ret,0
control_flow_flatten_vuln_9_x86_O3,vulnerable,sub_reg_imm mov_reg_reg mov_reg_reg call_strcpy mov_reg_reg lea_reg_mem xor_reg_reg call_printf add_reg_imm ret,1
dead_code_safe_0_x86_O0,useless,push_reg mov_reg_reg mov_mem_reg mov_mem_imm mov_mem_imm jmp_imm mov_reg_mem imul_reg_mem add_mem_reg add_mem_imm cmp_mem_imm jle_imm mov_reg_mem pop_reg ret,0
dead_code_safe_0_x86_O0,safe,push_reg mov_reg_reg sub_reg_imm mov_mem_reg mov_reg_imm call_internal mov_reg_mem lea_reg_mem mov_reg_imm mov_reg_reg mov_reg_reg call_strncpy mov_mem_imm nop leave ret,0
dead_code_safe_0_x86_O0,_start,xor_reg_reg mov_reg_reg pop_reg mov_reg_reg and_reg_imm push_reg push_reg xor_reg_reg xor_reg_reg mov_reg_imm call_indirect hlt,0
dead_code_safe_0_x86_O0,main,push_reg mov_reg_reg sub_reg_imm mov_mem_reg mov_mem_reg cmp_mem_imm jle_imm mov_reg_mem add_reg_imm mov_reg_mem mov_reg_reg call_internal mov_reg_imm leave ret,0
dead_code_safe_0_x86_O1,useless,mov_reg_imm nop_mem sub_reg_imm jne_imm imul_reg_reg_imm ret,0
dead_code_safe_0_x86_O1,_start,xor_reg_reg mov_reg_reg pop_reg mov_reg_reg and_reg_imm push_reg push_reg xor_reg_reg xor_reg_reg mov_reg_imm call_indirect hlt,0
dead_code_safe_0_x86_O1,main,mov_reg_imm ret,0
dead_code_safe_0_x86_O2,useless,imul_reg_reg_imm ret,0
dead_code_safe_0_x86_O2,_start,xor_reg_reg mov_reg_reg pop_reg mov_reg_reg and_reg_imm push_reg push_reg xor_reg_reg xor_reg_reg mov_reg_imm call_indirect hlt,0
dead_code_safe_0_x86_O3,useless,imul_reg_reg_imm ret,0
dead_code_safe_0_x86_O3,_start,xor_reg_reg mov_reg_reg pop_reg mov_reg_reg and_reg_imm push_reg push_reg xor_reg_reg xor_reg_reg mov_reg_imm call_indirect hlt,0
dead_code_safe_1_x86_O0,useless,push_reg mov_reg_reg mov_mem_reg mov_mem_imm mov_mem_imm jmp_imm mov_reg_mem imul_reg_mem add_mem_reg add_mem_imm cmp_mem_imm jle_imm mov_reg_mem pop_reg ret,0
dead_code_safe_1_x86_O0,safe,push_reg mov_reg_reg sub_reg_imm mov_mem_reg mov_reg_imm call_internal mov_reg_mem lea_reg_mem mov_reg_imm mov_reg_reg mov_reg_reg call_strncpy mov_mem_imm nop leave ret,0
dead_code_safe_1_x86_O0,_start,xor_reg_reg mov_reg_reg pop_reg mov_reg_reg and_reg_imm push_reg push_reg xor_reg_reg xor_reg_reg mov_reg_imm call_indirect hlt,0
dead_code_safe_1_x86_O0,main,push_reg mov_reg_reg sub_reg_imm mov_mem_reg mov_mem_reg cmp_mem_imm jle_imm mov_reg_mem add_reg_imm mov_reg_mem mov_reg_reg call_internal mov_reg_imm leave ret,0
dead_code_safe_1_x86_O1,useless,mov_reg_imm nop_mem sub_reg_imm jne_imm imul_reg_reg_imm ret,0
dead_code_safe_1_x86_O1,_start,xor_reg_reg mov_reg_reg pop_reg mov_reg_reg and_reg_imm push_reg push_reg xor_reg_reg xor_reg_reg mov_reg_imm call_indirect hlt,0
dead_code_safe_1_x86_O1,main,mov_reg_imm ret,0
dead_code_safe_1_x86_O2,useless,imul_reg_reg_imm ret,0
dead_code_safe_1_x86_O2,_start,xor_reg_reg mov_reg_reg pop_reg mov_reg_reg and_reg_imm push_reg push_reg xor_reg_reg xor_reg_reg mov_reg_imm call_indirect hlt,0
dead_code_safe_1_x86_O3,useless,imul_reg_reg_imm ret,0
dead_code_safe_1_x86_O3,_start,xor_reg_reg mov_reg_reg pop_reg mov_reg_reg and_reg_imm push_reg push_reg xor_reg_reg xor_reg_reg mov_reg_imm call_indirect hlt,0
dead_code_safe_2_x86_O0,useless,push_reg mov_reg_reg mov_mem_reg mov_mem_imm mov_mem_imm jmp_imm mov_reg_mem imul_reg_mem add_mem_reg add_mem_imm cmp_mem_imm jle_imm mov_reg_mem pop_reg ret,0
dead_code_safe_2_x86_O0,safe,push_reg mov_reg_reg sub_reg_imm mov_mem_reg mov_reg_imm call_internal mov_reg_mem lea_reg_mem mov_reg_imm mov_reg_reg mov_reg_reg call_strncpy mov_mem_imm nop leave ret,0
dead_code_safe_2_x86_O0,_start,xor_reg_reg mov_reg_reg pop_reg mov_reg_reg and_reg_imm push_reg push_reg xor_reg_reg xor_reg_reg mov_reg_imm call_indirect hlt,0
dead_code_safe_2_x86_O0,main,push_reg mov_reg_reg sub_reg_imm mov_mem_reg mov_mem_reg cmp_mem_imm jle_imm mov_reg_mem add_reg_imm mov_reg_mem mov_reg_reg call_internal mov_reg_imm leave ret,0
dead_code_safe_2_x86_O1,useless,mov_reg_imm nop_mem sub_reg_imm jne_imm imul_reg_reg_imm ret,0
dead_code_safe_2_x86_O1,_start,xor_reg_reg mov_reg_reg pop_reg mov_reg_reg and_reg_imm push_reg push_reg xor_reg_reg xor_reg_reg mov_reg_imm call_indirect hlt,0
dead_code_safe_2_x86_O1,main,mov_reg_imm ret,0
dead_code_safe_2_x86_O2,useless,imul_reg_reg_imm ret,0
dead_code_safe_2_x86_O2,_start,xor_reg_reg mov_reg_reg pop_reg mov_reg_reg and_reg_imm push_reg push_reg xor_reg_reg xor_reg_reg mov_reg_imm call_indirect hlt,0
dead_code_safe_2_x86_O3,useless,imul_reg_reg_imm ret,0
dead_code_safe_2_x86_O3,_start,xor_reg_reg mov_reg_reg pop_reg mov_reg_reg and_reg_imm push_reg push_reg xor_reg_reg xor_reg_reg mov_reg_imm call_indirect hlt,0
dead_code_safe_3_x86_O0,useless,push_reg mov_reg_reg mov_mem_reg mov_mem_imm mov_mem_imm jmp_imm mov_reg_mem imul_reg_mem add_mem_reg add_mem_imm cmp_mem_imm jle_imm mov_reg_mem pop_reg ret,0
dead_code_safe_3_x86_O0,safe,push_reg mov_reg_reg sub_reg_imm mov_mem_reg mov_reg_imm call_internal mov_reg_mem lea_reg_mem mov_reg_imm mov_reg_reg mov_reg_reg call_strncpy mov_mem_imm nop leave ret,0
dead_code_safe_3_x86_O0,_start,xor_reg_reg mov_reg_reg pop_reg mov_reg_reg and_reg_imm push_reg push_reg xor_reg_reg xor_reg_reg mov_reg_imm call_indirect hlt,0
dead_code_safe_3_x86_O0,main,push_reg mov_reg_reg sub_reg_imm mov_mem_reg mov_mem_reg cmp_mem_imm jle_imm mov_reg_mem add_reg_imm mov_reg_mem mov_reg_reg call_internal mov_reg_imm leave ret,0
dead_code_safe_3_x86_O1,useless,mov_reg_imm nop_mem sub_reg_imm jne_imm imul_reg_reg_imm ret,0
dead_code_safe_3_x86_O1,_start,xor_reg_reg mov_reg_reg pop_reg mov_reg_reg and_reg_imm push_reg push_reg xor_reg_reg xor_reg_reg mov_reg_imm call_indirect hlt,0
dead_code_safe_3_x86_O1,main,mov_reg_imm ret,0
dead_code_safe_3_x86_O2,useless,imul_reg_reg_imm ret,0
dead_code_safe_3_x86_O2,_start,xor_reg_reg mov_reg_reg pop_reg mov_reg_reg and_reg_imm push_reg push_reg xor_reg_reg xor_reg_reg mov_reg_imm call_indirect hlt,0
dead_code_safe_3_x86_O3,useless,imul_reg_reg_imm ret,0
dead_code_safe_3_x86_O3,_start,xor_reg_reg mov_reg_reg pop_reg mov_reg_reg and_reg_imm push_reg push_reg xor_reg_reg xor_reg_reg mov_reg_imm call_indirect hlt,0
dead_code_safe_4_x86_O0,useless,push_reg mov_reg_reg mov_mem_reg mov_mem_imm mov_mem_imm jmp_imm mov_reg_mem imul_reg_mem add_mem_reg add_mem_imm cmp_mem_imm jle_imm mov_reg_mem pop_reg ret,0
dead_code_safe_4_x86_O0,safe,push_reg mov_reg_reg sub_reg_imm mov_mem_reg mov_reg_imm call_internal mov_reg_mem lea_reg_mem mov_reg_imm mov_reg_reg mov_reg_reg call_strncpy mov_mem_imm nop leave ret,0
dead_code_safe_4_x86_O0,_start,xor_reg_reg mov_reg_reg pop_reg mov_reg_reg and_reg_imm push_reg push_reg xor_reg_reg xor_reg_reg mov_reg_imm call_indirect hlt,0
dead_code_safe_4_x86_O0,main,push_reg mov_reg_reg sub_reg_imm mov_mem_reg mov_mem_reg cmp_mem_imm jle_imm mov_reg_mem add_reg_imm mov_reg_mem mov_reg_reg call_internal mov_reg_imm leave ret,0
dead_code_safe_4_x86_O1,useless,mov_reg_imm nop_mem sub_reg_imm jne_imm imul_reg_reg_imm ret,0
dead_code_safe_4_x86_O1,_start,xor_reg_reg mov_reg_reg pop_reg mov_reg_reg and_reg_imm push_reg push_reg xor_reg_reg xor_reg_reg mov_reg_imm call_indirect hlt,0
dead_code_safe_4_x86_O1,main,mov_reg_imm ret,0
dead_code_safe_4_x86_O2,useless,imul_reg_reg_imm ret,0
dead_code_safe_4_x86_O2,_start,xor_reg_reg mov_reg_reg pop_reg mov_reg_reg and_reg_imm push_reg push_reg xor_reg_reg xor_reg_reg mov_reg_imm call_indirect hlt,0
dead_code_safe_4_x86_O3,useless,imul_reg_reg_imm ret,0
dead_code_safe_4_x86_O3,_start,xor_reg_reg mov_reg_reg pop_reg mov_reg_reg and_reg_imm push_reg push_reg xor_reg_reg xor_reg_reg mov_reg_imm call_indirect hlt,0
dead_code_safe_5_x86_O0,useless,push_reg mov_reg_reg mov_mem_reg mov_mem_imm mov_mem_imm jmp_imm mov_reg_mem imul_reg_mem add_mem_reg add_mem_imm cmp_mem_imm jle_imm mov_reg_mem pop_reg ret,0
dead_code_safe_5_x86_O0,safe,push_reg mov_reg_reg sub_reg_imm mov_mem_reg mov_reg_imm call_internal mov_reg_mem lea_reg_mem mov_reg_imm mov_reg_reg mov_reg_reg call_strncpy mov_mem_imm nop leave ret,0
dead_code_safe_5_x86_O0,_start,xor_reg_reg mov_reg_reg pop_reg mov_reg_reg and_reg_imm push_reg push_reg xor_reg_reg xor_reg_reg mov_reg_imm call_indirect hlt,0
dead_code_safe_5_x86_O0,main,push_reg mov_reg_reg sub_reg_imm mov_mem_reg mov_mem_reg cmp_mem_imm jle_imm mov_reg_mem add_reg_imm mov_reg_mem mov_reg_reg call_internal mov_reg_imm leave ret,0
dead_code_safe_5_x86_O1,useless,mov_reg_imm nop_mem sub_reg_imm jne_imm imul_reg_reg_imm ret,0
dead_code_safe_5_x86_O1,_start,xor_reg_reg mov_reg_reg pop_reg mov_reg_reg and_reg_imm push_reg push_reg xor_reg_reg xor_reg_reg mov_reg_imm call_indirect hlt,0
dead_code_safe_5_x86_O1,main,mov_reg_imm ret,0
dead_code_safe_5_x86_O2,useless,imul_reg_reg_imm ret,0
dead_code_safe_5_x86_O2,_start,xor_reg_reg mov_reg_reg pop_reg mov_reg_reg and_reg_imm push_reg push_reg xor_reg_reg xor_reg_reg mov_reg_imm call_indirect hlt,0
dead_code_safe_5_x86_O3,useless,imul_reg_reg_imm ret,0
dead_code_safe_5_x86_O3,_start,xor_reg_reg mov_reg_reg pop_reg mov_reg_reg and_reg_imm push_reg push_reg xor_reg_reg xor_reg_reg mov_reg_imm call_indirect hlt,0
dead_code_safe_6_x86_O0,useless,push_reg mov_reg_reg mov_mem_reg mov_mem_imm mov_mem_imm jmp_imm mov_reg_mem imul_reg_mem add_mem_reg add_mem_imm cmp_mem_imm jle_imm mov_reg_mem pop_reg ret,0
dead_code_safe_6_x86_O0,safe,push_reg mov_reg_reg sub_reg_imm mov_mem_reg mov_reg_imm call_internal mov_reg_mem lea_reg_mem mov_reg_imm mov_reg_reg mov_reg_reg call_strncpy mov_mem_imm nop leave ret,0
dead_code_safe_6_x86_O0,_start,xor_reg_reg mov_reg_reg pop_reg mov_reg_reg and_reg_imm push_reg push_reg xor_reg_reg xor_reg_reg mov_reg_imm call_indirect hlt,0
dead_code_safe_6_x86_O0,main,push_reg mov_reg_reg sub_reg_imm mov_mem_reg mov_mem_reg cmp_mem_imm jle_imm mov_reg_mem add_reg_imm mov_reg_mem mov_reg_reg call_internal mov_reg_imm leave ret,0
dead_code_safe_6_x86_O1,useless,mov_reg_imm nop_mem sub_reg_imm jne_imm imul_reg_reg_imm ret,0
dead_code_safe_6_x86_O1,_start,xor_reg_reg mov_reg_reg pop_reg mov_reg_reg and_reg_imm push_reg push_reg xor_reg_reg xor_reg_reg mov_reg_imm call_indirect hlt,0
dead_code_safe_6_x86_O1,main,mov_reg_imm ret,0
dead_code_safe_6_x86_O2,useless,imul_reg_reg_imm ret,0
dead_code_safe_6_x86_O2,_start,xor_reg_reg mov_reg_reg pop_reg mov_reg_reg and_reg_imm push_reg push_reg xor_reg_reg xor_reg_reg mov_reg_imm call_indirect hlt,0
dead_code_safe_6_x86_O3,useless,imul_reg_reg_imm ret,0
dead_code_safe_6_x86_O3,_start,xor_reg_reg mov_reg_reg pop_reg mov_reg_reg and_reg_imm push_reg push_reg xor_reg_reg xor_reg_reg mov_reg_imm call_indirect hlt,0
dead_code_safe_7_x86_O0,useless,push_reg mov_reg_reg mov_mem_reg mov_mem_imm mov_mem_imm jmp_imm mov_reg_mem imul_reg_mem add_mem_reg add_mem_imm cmp_mem_imm jle_imm mov_reg_mem pop_reg ret,0
dead_code_safe_7_x86_O0,safe,push_reg mov_reg_reg sub_reg_imm mov_mem_reg mov_reg_imm call_internal mov_reg_mem lea_reg_mem mov_reg_imm mov_reg_reg mov_reg_reg call_strncpy mov_mem_imm nop leave ret,0
dead_code_safe_7_x86_O0,_start,xor_reg_reg mov_reg_reg pop_reg mov_reg_reg and_reg_imm push_reg push_reg xor_reg_reg xor_reg_reg mov_reg_imm call_indirect hlt,0
dead_code_safe_7_x86_O0,main,push_reg mov_reg_reg sub_reg_imm mov_mem_reg mov_mem_reg cmp_mem_imm jle_imm mov_reg_mem add_reg_imm mov_reg_mem mov_reg_reg call_internal mov_reg_imm leave ret,0
dead_code_safe_7_x86_O1,useless,mov_reg_imm nop_mem sub_reg_imm jne_imm imul_reg_reg_imm ret,0
dead_code_safe_7_x86_O1,_start,xor_reg_reg mov_reg_reg pop_reg mov_reg_reg and_reg_imm push_reg push_reg xor_reg_reg xor_reg_reg mov_reg_imm call_indirect hlt,0
dead_code_safe_7_x86_O1,main,mov_reg_imm ret,0
dead_code_safe_7_x86_O2,useless,imul_reg_reg_imm ret,0
dead_code_safe_7_x86_O2,_start,xor_reg_reg mov_reg_reg pop_reg mov_reg_reg and_reg_imm push_reg push_reg xor_reg_reg xor_reg_reg mov_reg_imm call_indirect hlt,0
dead_code_safe_7_x86_O3,useless,imul_reg_reg_imm ret,0
dead_code_safe_7_x86_O3,_start,xor_reg_reg mov_reg_reg pop_reg mov_reg_reg and_reg_imm push_reg push_reg xor_reg_reg xor_reg_reg mov_reg_imm call_indirect hlt,0
dead_code_safe_8_x86_O0,useless,push_reg mov_reg_reg mov_mem_reg mov_mem_imm mov_mem_imm jmp_imm mov_reg_mem imul_reg_mem add_mem_reg add_mem_imm cmp_mem_imm jle_imm mov_reg_mem pop_reg ret,0
dead_code_safe_8_x86_O0,safe,push_reg mov_reg_reg sub_reg_imm mov_mem_reg mov_reg_imm call_internal mov_reg_mem lea_reg_mem mov_reg_imm mov_reg_reg mov_reg_reg call_strncpy mov_mem_imm nop leave ret,0
dead_code_safe_8_x86_O0,_start,xor_reg_reg mov_reg_reg pop_reg mov_reg_reg and_reg_imm push_reg push_reg xor_reg_reg xor_reg_reg mov_reg_imm call_indirect hlt,0
dead_code_safe_8_x86_O0,main,push_reg mov_reg_reg sub_reg_imm mov_mem_reg mov_mem_reg cmp_mem_imm jle_imm mov_reg_mem add_reg_imm mov_reg_mem mov_reg_reg call_internal mov_reg_imm leave ret,0
dead_code_safe_8_x86_O1,useless,mov_reg_imm nop_mem sub_reg_imm jne_imm imul_reg_reg_imm ret,0
dead_code_safe_8_x86_O1,_start,xor_reg_reg mov_reg_reg pop_reg mov_reg_reg and_reg_imm push_reg push_reg xor_reg_reg xor_reg_reg mov_reg_imm call_indirect hlt,0
dead_code_safe_8_x86_O1,main,mov_reg_imm ret,0
dead_code_safe_8_x86_O2,useless,imul_reg_reg_imm ret,0
dead_code_safe_8_x86_O2,_start,xor_reg_reg mov_reg_reg pop_reg mov_reg_reg and_reg_imm push_reg push_reg xor_reg_reg xor_reg_reg mov_reg_imm call_indirect hlt,0
dead_code_safe_8_x86_O3,useless,imul_reg_reg_imm ret,0
dead_code_safe_8_x86_O3,_start,xor_reg_reg mov_reg_reg pop_reg mov_reg_reg and_reg_imm push_reg push_reg xor_reg_reg xor_reg_reg mov_reg_imm call_indirect hlt,0
dead_code_safe_9_x86_O0,useless,push_reg mov_reg_reg mov_mem_reg mov_mem_imm mov_mem_imm jmp_imm mov_reg_mem imul_reg_mem add_mem_reg add_mem_imm cmp_mem_imm jle_imm mov_reg_mem pop_reg ret,0
dead_code_safe_9_x86_O0,safe,push_reg mov_reg_reg sub_reg_imm mov_mem_reg mov_reg_imm call_internal mov_reg_mem lea_reg_mem mov_reg_imm mov_reg_reg mov_reg_reg call_strncpy mov_mem_imm nop leave ret,0
dead_code_safe_9_x86_O0,_start,xor_reg_reg mov_reg_reg pop_reg mov_reg_reg and_reg_imm push_reg push_reg xor_reg_reg xor_reg_reg mov_reg_imm call_indirect hlt,0
dead_code_safe_9_x86_O0,main,push_reg mov_reg_reg sub_reg_imm mov_mem_reg mov_mem_reg cmp_mem_imm jle_imm mov_reg_mem add_reg_imm mov_reg_mem mov_reg_reg call_internal mov_reg_imm leave ret,0
dead_code_safe_9_x86_O1,useless,mov_reg_imm nop_mem sub_reg_imm jne_imm imul_reg_reg_imm ret,0
dead_code_safe_9_x86_O1,_start,xor_reg_reg mov_reg_reg pop_reg mov_reg_reg and_reg_imm push_reg push_reg xor_reg_reg xor_reg_reg mov_reg_imm call_indirect hlt,0
dead_code_safe_9_x86_O1,main,mov_reg_imm ret,0
dead_code_safe_9_x86_O2,useless,imul_reg_reg_imm ret,0
dead_code_safe_9_x86_O2,_start,xor_reg_reg mov_reg_reg pop_reg mov_reg_reg and_reg_imm push_reg push_reg xor_reg_reg xor_reg_reg mov_reg_imm call_indirect hlt,0
dead_code_safe_9_x86_O3,useless,imul_reg_reg_imm ret,0
dead_code_safe_9_x86_O3,_start,xor_reg_reg mov_reg_reg pop_reg mov_reg_reg and_reg_imm push_reg push_reg xor_reg_reg xor_reg_reg mov_reg_imm call_indirect hlt,0
dead_code_vuln_0_x86_O0,useless,push_reg mov_reg_reg mov_mem_reg mov_mem_imm mov_mem_imm jmp_imm mov_reg_mem imul_reg_mem add_mem_reg add_mem_imm cmp_mem_imm jle_imm mov_reg_mem pop_reg ret,0
dead_code_vuln_0_x86_O0,_start,xor_reg_reg mov_reg_reg pop_reg mov_reg_reg and_reg_imm push_reg push_reg xor_reg_reg xor_reg_reg mov_reg_imm call_indirect hlt,0
dead_code_vuln_0_x86_O0,main,push_reg mov_reg_reg sub_reg_imm mov_mem_reg mov_mem_reg cmp_mem_imm jle_imm mov_reg_mem add_reg_imm mov_reg_mem mov_reg_reg call_internal mov_reg_imm leave ret,0
dead_code_vuln_0_x86_O0,vulnerable,push_reg mov_reg_reg sub_reg_imm mov_mem_reg mov_reg_imm call_internal mov_reg_mem lea_reg_mem mov_reg_reg mov_reg_reg call_strcpy nop leave ret,1
dead_code_vuln_0_x86_O1,useless,mov_reg_imm nop_mem sub_reg_imm jne_imm imul_reg_reg_imm ret,0
dead_code_vuln_0_x86_O1,_start,xor_reg_reg mov_reg_reg pop_reg mov_reg_reg and_reg_imm push_reg push_reg xor_reg_reg xor_reg_reg mov_reg_imm call_indirect hlt,0
dead_code_vuln_0_x86_O1,main,cmp_reg_imm jg_imm mov_reg_imm ret sub_reg_imm mov_reg_mem call_internal mov_reg_imm add_reg_imm ret,0
dead_code_vuln_0_x86_O1,vulnerable,sub_reg_imm mov_reg_reg mov_reg_reg call_strcpy add_reg_imm ret,1
dead_code_vuln_0_x86_O2,useless,imul_reg_reg_imm ret,0
dead_code_vuln_0_x86_O2,_start,xor_reg_reg mov_reg_reg pop_reg mov_reg_reg and_reg_imm push_reg push_reg xor_reg_reg xor_reg_reg mov_reg_imm call_indirect hlt,0
dead_code_vuln_0_x86_O2,main,cmp_reg_imm jg_imm xor_reg_reg ret sub_reg_imm mov_reg_mem mov_reg_reg call_strcpy xor_reg_reg add_reg_imm ret,0
dead_code_vuln_0_x86_O2,vulnerable,sub_reg_imm mov_reg_reg mov_reg_reg call_strcpy add_reg_imm ret,1
dead_code_vuln_0_x86_O3,useless,imul_reg_reg_imm ret,0
dead_code_vuln_0_x86_O3,_start,xor_reg_reg mov_reg_reg pop_reg mov_reg_reg and_reg_imm push_reg push_reg xor_reg_reg xor_reg_reg mov_reg_imm call_indirect hlt,0
dead_code_vuln_0_x86_O3,main,cmp_reg_imm jg_imm xor_reg_reg ret sub_reg_imm mov_reg_mem mov_reg_reg call_strcpy xor_reg_reg add_reg_imm ret,0
dead_code_vuln_0_x86_O3,vulnerable,sub_reg_imm mov_reg_reg mov_reg_reg call_strcpy add_reg_imm ret,1
dead_code_vuln_1_x86_O0,useless,push_reg mov_reg_reg mov_mem_reg mov_mem_imm mov_mem_imm jmp_imm mov_reg_mem imul_reg_mem add_mem_reg add_mem_imm cmp_mem_imm jle_imm mov_reg_mem pop_reg ret,0
dead_code_vuln_1_x86_O0,_start,xor_reg_reg mov_reg_reg pop_reg mov_reg_reg and_reg_imm push_reg push_reg xor_reg_reg xor_reg_reg mov_reg_imm call_indirect hlt,0
dead_code_vuln_1_x86_O0,main,push_reg mov_reg_reg sub_reg_imm mov_mem_reg mov_mem_reg cmp_mem_imm jle_imm mov_reg_mem add_reg_imm mov_reg_mem mov_reg_reg call_internal mov_reg_imm leave ret,0
dead_code_vuln_1_x86_O0,vulnerable,push_reg mov_reg_reg sub_reg_imm mov_mem_reg mov_reg_imm call_internal mov_reg_mem lea_reg_mem mov_reg_reg mov_reg_reg call_strcpy nop leave ret,1
dead_code_vuln_1_x86_O1,useless,mov_reg_imm nop_mem sub_reg_imm jne_imm imul_reg_reg_imm ret,0
dead_code_vuln_1_x86_O1,_start,xor_reg_reg mov_reg_reg pop_reg mov_reg_reg and_reg_imm push_reg push_reg xor_reg_reg xor_reg_reg mov_reg_imm call_indirect hlt,0
dead_code_vuln_1_x86_O1,main,cmp_reg_imm jg_imm mov_reg_imm ret sub_reg_imm mov_reg_mem call_internal mov_reg_imm add_reg_imm ret,0
dead_code_vuln_1_x86_O1,vulnerable,sub_reg_imm mov_reg_reg mov_reg_reg call_strcpy add_reg_imm ret,1
dead_code_vuln_1_x86_O2,useless,imul_reg_reg_imm ret,0
dead_code_vuln_1_x86_O2,_start,xor_reg_reg mov_reg_reg pop_reg mov_reg_reg and_reg_imm push_reg push_reg xor_reg_reg xor_reg_reg mov_reg_imm call_indirect hlt,0
dead_code_vuln_1_x86_O2,main,cmp_reg_imm jg_imm xor_reg_reg ret sub_reg_imm mov_reg_mem mov_reg_reg call_strcpy xor_reg_reg add_reg_imm ret,0
dead_code_vuln_1_x86_O2,vulnerable,sub_reg_imm mov_reg_reg mov_reg_reg call_strcpy add_reg_imm ret,1
dead_code_vuln_1_x86_O3,useless,imul_reg_reg_imm ret,0
dead_code_vuln_1_x86_O3,_start,xor_reg_reg mov_reg_reg pop_reg mov_reg_reg and_reg_imm push_reg push_reg xor_reg_reg xor_reg_reg mov_reg_imm call_indirect hlt,0
dead_code_vuln_1_x86_O3,main,cmp_reg_imm jg_imm xor_reg_reg ret sub_reg_imm mov_reg_mem mov_reg_reg call_strcpy xor_reg_reg add_reg_imm ret,0
dead_code_vuln_1_x86_O3,vulnerable,sub_reg_imm mov_reg_reg mov_reg_reg call_strcpy add_reg_imm ret,1
dead_code_vuln_2_x86_O0,useless,push_reg mov_reg_reg mov_mem_reg mov_mem_imm mov_mem_imm jmp_imm mov_reg_mem imul_reg_mem add_mem_reg add_mem_imm cmp_mem_imm jle_imm mov_reg_mem pop_reg ret,0
dead_code_vuln_2_x86_O0,_start,xor_reg_reg mov_reg_reg pop_reg mov_reg_reg and_reg_imm push_reg push_reg xor_reg_reg xor_reg_reg mov_reg_imm call_indirect hlt,0
dead_code_vuln_2_x86_O0,main,push_reg mov_reg_reg sub_reg_imm mov_mem_reg mov_mem_reg cmp_mem_imm jle_imm mov_reg_mem add_reg_imm mov_reg_mem mov_reg_reg call_internal mov_reg_imm leave ret,0
dead_code_vuln_2_x86_O0,vulnerable,push_reg mov_reg_reg sub_reg_imm mov_mem_reg mov_reg_imm call_internal mov_reg_mem lea_reg_mem mov_reg_reg mov_reg_reg call_strcpy nop leave ret,1
dead_code_vuln_2_x86_O1,useless,mov_reg_imm nop_mem sub_reg_imm jne_imm imul_reg_reg_imm ret,0
dead_code_vuln_2_x86_O1,_start,xor_reg_reg mov_reg_reg pop_reg mov_reg_reg and_reg_imm push_reg push_reg xor_reg_reg xor_reg_reg mov_reg_imm call_indirect hlt,0
dead_code_vuln_2_x86_O1,main,cmp_reg_imm jg_imm mov_reg_imm ret sub_reg_imm mov_reg_mem call_internal mov_reg_imm add_reg_imm ret,0
dead_code_vuln_2_x86_O1,vulnerable,sub_reg_imm mov_reg_reg mov_reg_reg call_strcpy add_reg_imm ret,1
dead_code_vuln_2_x86_O2,useless,imul_reg_reg_imm ret,0
dead_code_vuln_2_x86_O2,_start,xor_reg_reg mov_reg_reg pop_reg mov_reg_reg and_reg_imm push_reg push_reg xor_reg_reg xor_reg_reg mov_reg_imm call_indirect hlt,0
dead_code_vuln_2_x86_O2,main,cmp_reg_imm jg_imm xor_reg_reg ret sub_reg_imm mov_reg_mem mov_reg_reg call_strcpy xor_reg_reg add_reg_imm ret,0
dead_code_vuln_2_x86_O2,vulnerable,sub_reg_imm mov_reg_reg mov_reg_reg call_strcpy add_reg_imm ret,1
dead_code_vuln_2_x86_O3,useless,imul_reg_reg_imm ret,0
dead_code_vuln_2_x86_O3,_start,xor_reg_reg mov_reg_reg pop_reg mov_reg_reg and_reg_imm push_reg push_reg xor_reg_reg xor_reg_reg mov_reg_imm call_indirect hlt,0
dead_code_vuln_2_x86_O3,main,cmp_reg_imm jg_imm xor_reg_reg ret sub_reg_imm mov_reg_mem mov_reg_reg call_strcpy xor_reg_reg add_reg_imm ret,0
dead_code_vuln_2_x86_O3,vulnerable,sub_reg_imm mov_reg_reg mov_reg_reg call_strcpy add_reg_imm ret,1
dead_code_vuln_3_x86_O0,useless,push_reg mov_reg_reg mov_mem_reg mov_mem_imm mov_mem_imm jmp_imm mov_reg_mem imul_reg_mem add_mem_reg add_mem_imm cmp_mem_imm jle_imm mov_reg_mem pop_reg ret,0
dead_code_vuln_3_x86_O0,_start,xor_reg_reg mov_reg_reg pop_reg mov_reg_reg and_reg_imm push_reg push_reg xor_reg_reg xor_reg_reg mov_reg_imm call_indirect hlt,0
dead_code_vuln_3_x86_O0,main,push_reg mov_reg_reg sub_reg_imm mov_mem_reg mov_mem_reg cmp_mem_imm jle_imm mov_reg_mem add_reg_imm mov_reg_mem mov_reg_reg call_internal mov_reg_imm leave ret,0
dead_code_vuln_3_x86_O0,vulnerable,push_reg mov_reg_reg sub_reg_imm mov_mem_reg mov_reg_imm call_internal mov_reg_mem lea_reg_mem mov_reg_reg mov_reg_reg call_strcpy nop leave ret,1
dead_code_vuln_3_x86_O1,useless,mov_reg_imm nop_mem sub_reg_imm jne_imm imul_reg_reg_imm ret,0
dead_code_vuln_3_x86_O1,_start,xor_reg_reg mov_reg_reg pop_reg mov_reg_reg and_reg_imm push_reg push_reg xor_reg_reg xor_reg_reg mov_reg_imm call_indirect hlt,0
dead_code_vuln_3_x86_O1,main,cmp_reg_imm jg_imm mov_reg_imm ret sub_reg_imm mov_reg_mem call_internal mov_reg_imm add_reg_imm ret,0
dead_code_vuln_3_x86_O1,vulnerable,sub_reg_imm mov_reg_reg mov_reg_reg call_strcpy add_reg_imm ret,1
dead_code_vuln_3_x86_O2,useless,imul_reg_reg_imm ret,0
dead_code_vuln_3_x86_O2,_start,xor_reg_reg mov_reg_reg pop_reg mov_reg_reg and_reg_imm push_reg push_reg xor_reg_reg xor_reg_reg mov_reg_imm call_indirect hlt,0
dead_code_vuln_3_x86_O2,main,cmp_reg_imm jg_imm xor_reg_reg ret sub_reg_imm mov_reg_mem mov_reg_reg call_strcpy xor_reg_reg add_reg_imm ret,0
dead_code_vuln_3_x86_O2,vulnerable,sub_reg_imm mov_reg_reg mov_reg_reg call_strcpy add_reg_imm ret,1
dead_code_vuln_3_x86_O3,useless,imul_reg_reg_imm ret,0
dead_code_vuln_3_x86_O3,_start,xor_reg_reg mov_reg_reg pop_reg mov_reg_reg and_reg_imm push_reg push_reg xor_reg_reg xor_reg_reg mov_reg_imm call_indirect hlt,0
dead_code_vuln_3_x86_O3,main,cmp_reg_imm jg_imm xor_reg_reg ret sub_reg_imm mov_reg_mem mov_reg_reg call_strcpy xor_reg_reg add_reg_imm ret,0
dead_code_vuln_3_x86_O3,vulnerable,sub_reg_imm mov_reg_reg mov_reg_reg call_strcpy add_reg_imm ret,1
dead_code_vuln_4_x86_O0,useless,push_reg mov_reg_reg mov_mem_reg mov_mem_imm mov_mem_imm jmp_imm mov_reg_mem imul_reg_mem add_mem_reg add_mem_imm cmp_mem_imm jle_imm mov_reg_mem pop_reg ret,0
dead_code_vuln_4_x86_O0,_start,xor_reg_reg mov_reg_reg pop_reg mov_reg_reg and_reg_imm push_reg push_reg xor_reg_reg xor_reg_reg mov_reg_imm call_indirect hlt,0
dead_code_vuln_4_x86_O0,main,push_reg mov_reg_reg sub_reg_imm mov_mem_reg mov_mem_reg cmp_mem_imm jle_imm mov_reg_mem add_reg_imm mov_reg_mem mov_reg_reg call_internal mov_reg_imm leave ret,0
dead_code_vuln_4_x86_O0,vulnerable,push_reg mov_reg_reg sub_reg_imm mov_mem_reg mov_reg_imm call_internal mov_reg_mem lea_reg_mem mov_reg_reg mov_reg_reg call_strcpy nop leave ret,1
dead_code_vuln_4_x86_O1,useless,mov_reg_imm nop_mem sub_reg_imm jne_imm imul_reg_reg_imm ret,0
dead_code_vuln_4_x86_O1,_start,xor_reg_reg mov_reg_reg pop_reg mov_reg_reg and_reg_imm push_reg push_reg xor_reg_reg xor_reg_reg mov_reg_imm call_indirect hlt,0
dead_code_vuln_4_x86_O1,main,cmp_reg_imm jg_imm mov_reg_imm ret sub_reg_imm mov_reg_mem call_internal mov_reg_imm add_reg_imm ret,0
dead_code_vuln_4_x86_O1,vulnerable,sub_reg_imm mov_reg_reg mov_reg_reg call_strcpy add_reg_imm ret,1
dead_code_vuln_4_x86_O2,useless,imul_reg_reg_imm ret,0
dead_code_vuln_4_x86_O2,_start,xor_reg_reg mov_reg_reg pop_reg mov_reg_reg and_reg_imm push_reg push_reg xor_reg_reg xor_reg_reg mov_reg_imm call_indirect hlt,0
dead_code_vuln_4_x86_O2,main,cmp_reg_imm jg_imm xor_reg_reg ret sub_reg_imm mov_reg_mem mov_reg_reg call_strcpy xor_reg_reg add_reg_imm ret,0
dead_code_vuln_4_x86_O2,vulnerable,sub_reg_imm mov_reg_reg mov_reg_reg call_strcpy add_reg_imm ret,1
dead_code_vuln_4_x86_O3,useless,imul_reg_reg_imm ret,0
dead_code_vuln_4_x86_O3,_start,xor_reg_reg mov_reg_reg pop_reg mov_reg_reg and_reg_imm push_reg push_reg xor_reg_reg xor_reg_reg mov_reg_imm call_indirect hlt,0
dead_code_vuln_4_x86_O3,main,cmp_reg_imm jg_imm xor_reg_reg ret sub_reg_imm mov_reg_mem mov_reg_reg call_strcpy xor_reg_reg add_reg_imm ret,0
dead_code_vuln_4_x86_O3,vulnerable,sub_reg_imm mov_reg_reg mov_reg_reg call_strcpy add_reg_imm ret,1
dead_code_vuln_5_x86_O0,useless,push_reg mov_reg_reg mov_mem_reg mov_mem_imm mov_mem_imm jmp_imm mov_reg_mem imul_reg_mem add_mem_reg add_mem_imm cmp_mem_imm jle_imm mov_reg_mem pop_reg ret,0
dead_code_vuln_5_x86_O0,_start,xor_reg_reg mov_reg_reg pop_reg mov_reg_reg and_reg_imm push_reg push_reg xor_reg_reg xor_reg_reg mov_reg_imm call_indirect hlt,0
dead_code_vuln_5_x86_O0,main,push_reg mov_reg_reg sub_reg_imm mov_mem_reg mov_mem_reg cmp_mem_imm jle_imm mov_reg_mem add_reg_imm mov_reg_mem mov_reg_reg call_internal mov_reg_imm leave ret,0
dead_code_vuln_5_x86_O0,vulnerable,push_reg mov_reg_reg sub_reg_imm mov_mem_reg mov_reg_imm call_internal mov_reg_mem lea_reg_mem mov_reg_reg mov_reg_reg call_strcpy nop leave ret,1
dead_code_vuln_5_x86_O1,useless,mov_reg_imm nop_mem sub_reg_imm jne_imm imul_reg_reg_imm ret,0
dead_code_vuln_5_x86_O1,_start,xor_reg_reg mov_reg_reg pop_reg mov_reg_reg and_reg_imm push_reg push_reg xor_reg_reg xor_reg_reg mov_reg_imm call_indirect hlt,0
dead_code_vuln_5_x86_O1,main,cmp_reg_imm jg_imm mov_reg_imm ret sub_reg_imm mov_reg_mem call_internal mov_reg_imm add_reg_imm ret,0
dead_code_vuln_5_x86_O1,vulnerable,sub_reg_imm mov_reg_reg mov_reg_reg call_strcpy add_reg_imm ret,1
dead_code_vuln_5_x86_O2,useless,imul_reg_reg_imm ret,0
dead_code_vuln_5_x86_O2,_start,xor_reg_reg mov_reg_reg pop_reg mov_reg_reg and_reg_imm push_reg push_reg xor_reg_reg xor_reg_reg mov_reg_imm call_indirect hlt,0
dead_code_vuln_5_x86_O2,main,cmp_reg_imm jg_imm xor_reg_reg ret sub_reg_imm mov_reg_mem mov_reg_reg call_strcpy xor_reg_reg add_reg_imm ret,0
dead_code_vuln_5_x86_O2,vulnerable,sub_reg_imm mov_reg_reg mov_reg_reg call_strcpy add_reg_imm ret,1
dead_code_vuln_5_x86_O3,useless,imul_reg_reg_imm ret,0
dead_code_vuln_5_x86_O3,_start,xor_reg_reg mov_reg_reg pop_reg mov_reg_reg and_reg_imm push_reg push_reg xor_reg_reg xor_reg_reg mov_reg_imm call_indirect hlt,0
dead_code_vuln_5_x86_O3,main,cmp_reg_imm jg_imm xor_reg_reg ret sub_reg_imm mov_reg_mem mov_reg_reg call_strcpy xor_reg_reg add_reg_imm ret,0
dead_code_vuln_5_x86_O3,vulnerable,sub_reg_imm mov_reg_reg mov_reg_reg call_strcpy add_reg_imm ret,1
dead_code_vuln_6_x86_O0,useless,push_reg mov_reg_reg mov_mem_reg mov_mem_imm mov_mem_imm jmp_imm mov_reg_mem imul_reg_mem add_mem_reg add_mem_imm cmp_mem_imm jle_imm mov_reg_mem pop_reg ret,0
dead_code_vuln_6_x86_O0,_start,xor_reg_reg mov_reg_reg pop_reg mov_reg_reg and_reg_imm push_reg push_reg xor_reg_reg xor_reg_reg mov_reg_imm call_indirect hlt,0
dead_code_vuln_6_x86_O0,main,push_reg mov_reg_reg sub_reg_imm mov_mem_reg mov_mem_reg cmp_mem_imm jle_imm mov_reg_mem add_reg_imm mov_reg_mem mov_reg_reg call_internal mov_reg_imm leave ret,0
dead_code_vuln_6_x86_O0,vulnerable,push_reg mov_reg_reg sub_reg_imm mov_mem_reg mov_reg_imm call_internal mov_reg_mem lea_reg_mem mov_reg_reg mov_reg_reg call_strcpy nop leave ret,1
dead_code_vuln_6_x86_O1,useless,mov_reg_imm nop_mem sub_reg_imm jne_imm imul_reg_reg_imm ret,0
dead_code_vuln_6_x86_O1,_start,xor_reg_reg mov_reg_reg pop_reg mov_reg_reg and_reg_imm push_reg push_reg xor_reg_reg xor_reg_reg mov_reg_imm call_indirect hlt,0
dead_code_vuln_6_x86_O1,main,cmp_reg_imm jg_imm mov_reg_imm ret sub_reg_imm mov_reg_mem call_internal mov_reg_imm add_reg_imm ret,0
dead_code_vuln_6_x86_O1,vulnerable,sub_reg_imm mov_reg_reg mov_reg_reg call_strcpy add_reg_imm ret,1
dead_code_vuln_6_x86_O2,useless,imul_reg_reg_imm ret,0
dead_code_vuln_6_x86_O2,_start,xor_reg_reg mov_reg_reg pop_reg mov_reg_reg and_reg_imm push_reg push_reg xor_reg_reg xor_reg_reg mov_reg_imm call_indirect hlt,0
dead_code_vuln_6_x86_O2,main,cmp_reg_imm jg_imm xor_reg_reg ret sub_reg_imm mov_reg_mem mov_reg_reg call_strcpy xor_reg_reg add_reg_imm ret,0
dead_code_vuln_6_x86_O2,vulnerable,sub_reg_imm mov_reg_reg mov_reg_reg call_strcpy add_reg_imm ret,1
dead_code_vuln_6_x86_O3,useless,imul_reg_reg_imm ret,0
dead_code_vuln_6_x86_O3,_start,xor_reg_reg mov_reg_reg pop_reg mov_reg_reg and_reg_imm push_reg push_reg xor_reg_reg xor_reg_reg mov_reg_imm call_indirect hlt,0
dead_code_vuln_6_x86_O3,main,cmp_reg_imm jg_imm xor_reg_reg ret sub_reg_imm mov_reg_mem mov_reg_reg call_strcpy xor_reg_reg add_reg_imm ret,0
dead_code_vuln_6_x86_O3,vulnerable,sub_reg_imm mov_reg_reg mov_reg_reg call_strcpy add_reg_imm ret,1
dead_code_vuln_7_x86_O0,useless,push_reg mov_reg_reg mov_mem_reg mov_mem_imm mov_mem_imm jmp_imm mov_reg_mem imul_reg_mem add_mem_reg add_mem_imm cmp_mem_imm jle_imm mov_reg_mem pop_reg ret,0
dead_code_vuln_7_x86_O0,_start,xor_reg_reg mov_reg_reg pop_reg mov_reg_reg and_reg_imm push_reg push_reg xor_reg_reg xor_reg_reg mov_reg_imm call_indirect hlt,0
dead_code_vuln_7_x86_O0,main,push_reg mov_reg_reg sub_reg_imm mov_mem_reg mov_mem_reg cmp_mem_imm jle_imm mov_reg_mem add_reg_imm mov_reg_mem mov_reg_reg call_internal mov_reg_imm leave ret,0
dead_code_vuln_7_x86_O0,vulnerable,push_reg mov_reg_reg sub_reg_imm mov_mem_reg mov_reg_imm call_internal mov_reg_mem lea_reg_mem mov_reg_reg mov_reg_reg call_strcpy nop leave ret,1
dead_code_vuln_7_x86_O1,useless,mov_reg_imm nop_mem sub_reg_imm jne_imm imul_reg_reg_imm ret,0
dead_code_vuln_7_x86_O1,_start,xor_reg_reg mov_reg_reg pop_reg mov_reg_reg and_reg_imm push_reg push_reg xor_reg_reg xor_reg_reg mov_reg_imm call_indirect hlt,0
dead_code_vuln_7_x86_O1,main,cmp_reg_imm jg_imm mov_reg_imm ret sub_reg_imm mov_reg_mem call_internal mov_reg_imm add_reg_imm ret,0
dead_code_vuln_7_x86_O1,vulnerable,sub_reg_imm mov_reg_reg mov_reg_reg call_strcpy add_reg_imm ret,1
dead_code_vuln_7_x86_O2,useless,imul_reg_reg_imm ret,0
dead_code_vuln_7_x86_O2,_start,xor_reg_reg mov_reg_reg pop_reg mov_reg_reg and_reg_imm push_reg push_reg xor_reg_reg xor_reg_reg mov_reg_imm call_indirect hlt,0
dead_code_vuln_7_x86_O2,main,cmp_reg_imm jg_imm xor_reg_reg ret sub_reg_imm mov_reg_mem mov_reg_reg call_strcpy xor_reg_reg add_reg_imm ret,0
dead_code_vuln_7_x86_O2,vulnerable,sub_reg_imm mov_reg_reg mov_reg_reg call_strcpy add_reg_imm ret,1
dead_code_vuln_7_x86_O3,useless,imul_reg_reg_imm ret,0
dead_code_vuln_7_x86_O3,_start,xor_reg_reg mov_reg_reg pop_reg mov_reg_reg and_reg_imm push_reg push_reg xor_reg_reg xor_reg_reg mov_reg_imm call_indirect hlt,0
dead_code_vuln_7_x86_O3,main,cmp_reg_imm jg_imm xor_reg_reg ret sub_reg_imm mov_reg_mem mov_reg_reg call_strcpy xor_reg_reg add_reg_imm ret,0
dead_code_vuln_7_x86_O3,vulnerable,sub_reg_imm mov_reg_reg mov_reg_reg call_strcpy add_reg_imm ret,1
dead_code_vuln_8_x86_O0,useless,push_reg mov_reg_reg mov_mem_reg mov_mem_imm mov_mem_imm jmp_imm mov_reg_mem imul_reg_mem add_mem_reg add_mem_imm cmp_mem_imm jle_imm mov_reg_mem pop_reg ret,0
dead_code_vuln_8_x86_O0,_start,xor_reg_reg mov_reg_reg pop_reg mov_reg_reg and_reg_imm push_reg push_reg xor_reg_reg xor_reg_reg mov_reg_imm call_indirect hlt,0
dead_code_vuln_8_x86_O0,main,push_reg mov_reg_reg sub_reg_imm mov_mem_reg mov_mem_reg cmp_mem_imm jle_imm mov_reg_mem add_reg_imm mov_reg_mem mov_reg_reg call_internal mov_reg_imm leave ret,0
dead_code_vuln_8_x86_O0,vulnerable,push_reg mov_reg_reg sub_reg_imm mov_mem_reg mov_reg_imm call_internal mov_reg_mem lea_reg_mem mov_reg_reg mov_reg_reg call_strcpy nop leave ret,1
dead_code_vuln_8_x86_O1,useless,mov_reg_imm nop_mem sub_reg_imm jne_imm imul_reg_reg_imm ret,0
dead_code_vuln_8_x86_O1,_start,xor_reg_reg mov_reg_reg pop_reg mov_reg_reg and_reg_imm push_reg push_reg xor_reg_reg xor_reg_reg mov_reg_imm call_indirect hlt,0
dead_code_vuln_8_x86_O1,main,cmp_reg_imm jg_imm mov_reg_imm ret sub_reg_imm mov_reg_mem call_internal mov_reg_imm add_reg_imm ret,0
dead_code_vuln_8_x86_O1,vulnerable,sub_reg_imm mov_reg_reg mov_reg_reg call_strcpy add_reg_imm ret,1
dead_code_vuln_8_x86_O2,useless,imul_reg_reg_imm ret,0
dead_code_vuln_8_x86_O2,_start,xor_reg_reg mov_reg_reg pop_reg mov_reg_reg and_reg_imm push_reg push_reg xor_reg_reg xor_reg_reg mov_reg_imm call_indirect hlt,0
dead_code_vuln_8_x86_O2,main,cmp_reg_imm jg_imm xor_reg_reg ret sub_reg_imm mov_reg_mem mov_reg_reg call_strcpy xor_reg_reg add_reg_imm ret,0
dead_code_vuln_8_x86_O2,vulnerable,sub_reg_imm mov_reg_reg mov_reg_reg call_strcpy add_reg_imm ret,1
dead_code_vuln_8_x86_O3,useless,imul_reg_reg_imm ret,0
dead_code_vuln_8_x86_O3,_start,xor_reg_reg mov_reg_reg pop_reg mov_reg_reg and_reg_imm push_reg push_reg xor_reg_reg xor_reg_reg mov_reg_imm call_indirect hlt,0
dead_code_vuln_8_x86_O3,main,cmp_reg_imm jg_imm xor_reg_reg ret sub_reg_imm mov_reg_mem mov_reg_reg call_strcpy xor_reg_reg add_reg_imm ret,0
dead_code_vuln_8_x86_O3,vulnerable,sub_reg_imm mov_reg_reg mov_reg_reg call_strcpy add_reg_imm ret,1
dead_code_vuln_9_x86_O0,useless,push_reg mov_reg_reg mov_mem_reg mov_mem_imm mov_mem_imm jmp_imm mov_reg_mem imul_reg_mem add_mem_reg add_mem_imm cmp_mem_imm jle_imm mov_reg_mem pop_reg ret,0
dead_code_vuln_9_x86_O0,_start,xor_reg_reg mov_reg_reg pop_reg mov_reg_reg and_reg_imm push_reg push_reg xor_reg_reg xor_reg_reg mov_reg_imm call_indirect hlt,0
dead_code_vuln_9_x86_O0,main,push_reg mov_reg_reg sub_reg_imm mov_mem_reg mov_mem_reg cmp_mem_imm jle_imm mov_reg_mem add_reg_imm mov_reg_mem mov_reg_reg call_internal mov_reg_imm leave ret,0
dead_code_vuln_9_x86_O0,vulnerable,push_reg mov_reg_reg sub_reg_imm mov_mem_reg mov_reg_imm call_internal mov_reg_mem lea_reg_mem mov_reg_reg mov_reg_reg call_strcpy nop leave ret,1
dead_code_vuln_9_x86_O1,useless,mov_reg_imm nop_mem sub_reg_imm jne_imm imul_reg_reg_imm ret,0
dead_code_vuln_9_x86_O1,_start,xor_reg_reg mov_reg_reg pop_reg mov_reg_reg and_reg_imm push_reg push_reg xor_reg_reg xor_reg_reg mov_reg_imm call_indirect hlt,0
dead_code_vuln_9_x86_O1,main,cmp_reg_imm jg_imm mov_reg_imm ret sub_reg_imm mov_reg_mem call_internal mov_reg_imm add_reg_imm ret,0
dead_code_vuln_9_x86_O1,vulnerable,sub_reg_imm mov_reg_reg mov_reg_reg call_strcpy add_reg_imm ret,1
dead_code_vuln_9_x86_O2,useless,imul_reg_reg_imm ret,0
dead_code_vuln_9_x86_O2,_start,xor_reg_reg mov_reg_reg pop_reg mov_reg_reg and_reg_imm push_reg push_reg xor_reg_reg xor_reg_reg mov_reg_imm call_indirect hlt,0
dead_code_vuln_9_x86_O2,main,cmp_reg_imm jg_imm xor_reg_reg ret sub_reg_imm mov_reg_mem mov_reg_reg call_strcpy xor_reg_reg add_reg_imm ret,0
dead_code_vuln_9_x86_O2,vulnerable,sub_reg_imm mov_reg_reg mov_reg_reg call_strcpy add_reg_imm ret,1
dead_code_vuln_9_x86_O3,useless,imul_reg_reg_imm ret,0
dead_code_vuln_9_x86_O3,_start,xor_reg_reg mov_reg_reg pop_reg mov_reg_reg and_reg_imm push_reg push_reg xor_reg_reg xor_reg_reg mov_reg_imm call_indirect hlt,0
dead_code_vuln_9_x86_O3,main,cmp_reg_imm jg_imm xor_reg_reg ret sub_reg_imm mov_reg_mem mov_reg_reg call_strcpy xor_reg_reg add_reg_imm ret,0
dead_code_vuln_9_x86_O3,vulnerable,sub_reg_imm mov_reg_reg mov_reg_reg call_strcpy add_reg_imm ret,1
double_free_safe_0_x86_O0,_start,xor_reg_reg mov_reg_reg pop_reg mov_reg_reg and_reg_imm push_reg push_reg xor_reg_reg xor_reg_reg mov_reg_imm call_indirect hlt,0
double_free_safe_0_x86_O0,main,push_reg mov_reg_reg sub_reg_imm mov_reg_imm call_malloc mov_mem_reg mov_reg_mem mov_reg_reg call_free mov_mem_imm mov_reg_imm leave ret,0
double_free_safe_0_x86_O1,_start,xor_reg_reg mov_reg_reg pop_reg mov_reg_reg and_reg_imm push_reg push_reg xor_reg_reg xor_reg_reg mov_reg_imm call_indirect hlt,0
double_free_safe_0_x86_O1,main,mov_reg_imm ret,0
double_free_safe_0_x86_O2,_start,xor_reg_reg mov_reg_reg pop_reg mov_reg_reg and_reg_imm push_reg push_reg xor_reg_reg xor_reg_reg mov_reg_imm call_indirect hlt,0
double_free_safe_0_x86_O3,_start,xor_reg_reg mov_reg_reg pop_reg mov_reg_reg and_reg_imm push_reg push_reg xor_reg_reg xor_reg_reg mov_reg_imm call_indirect hlt,0
double_free_safe_1_x86_O0,_start,xor_reg_reg mov_reg_reg pop_reg mov_reg_reg and_reg_imm push_reg push_reg xor_reg_reg xor_reg_reg mov_reg_imm call_indirect hlt,0
double_free_safe_1_x86_O0,main,push_reg mov_reg_reg sub_reg_imm mov_reg_imm call_malloc mov_mem_reg mov_reg_mem mov_reg_reg call_free mov_mem_imm mov_reg_imm leave ret,0
double_free_safe_1_x86_O1,_start,xor_reg_reg mov_reg_reg pop_reg mov_reg_reg and_reg_imm push_reg push_reg xor_reg_reg xor_reg_reg mov_reg_imm call_indirect hlt,0
double_free_safe_1_x86_O1,main,mov_reg_imm ret,0
double_free_safe_1_x86_O2,_start,xor_reg_reg mov_reg_reg pop_reg mov_reg_reg and_reg_imm push_reg push_reg xor_reg_reg xor_reg_reg mov_reg_imm call_indirect hlt,0
double_free_safe_1_x86_O3,_start,xor_reg_reg mov_reg_reg pop_reg mov_reg_reg and_reg_imm push_reg push_reg xor_reg_reg xor_reg_reg mov_reg_imm call_indirect hlt,0
double_free_safe_2_x86_O0,_start,xor_reg_reg mov_reg_reg pop_reg mov_reg_reg and_reg_imm push_reg push_reg xor_reg_reg xor_reg_reg mov_reg_imm call_indirect hlt,0
double_free_safe_2_x86_O0,main,push_reg mov_reg_reg sub_reg_imm mov_reg_imm call_malloc mov_mem_reg mov_reg_mem mov_reg_reg call_free mov_mem_imm mov_reg_imm leave ret,0
double_free_safe_2_x86_O1,_start,xor_reg_reg mov_reg_reg pop_reg mov_reg_reg and_reg_imm push_reg push_reg xor_reg_reg xor_reg_reg mov_reg_imm call_indirect hlt,0
double_free_safe_2_x86_O1,main,mov_reg_imm ret,0
double_free_safe_2_x86_O2,_start,xor_reg_reg mov_reg_reg pop_reg mov_reg_reg and_reg_imm push_reg push_reg xor_reg_reg xor_reg_reg mov_reg_imm call_indirect hlt,0
double_free_safe_2_x86_O3,_start,xor_reg_reg mov_reg_reg pop_reg mov_reg_reg and_reg_imm push_reg push_reg xor_reg_reg xor_reg_reg mov_reg_imm call_indirect hlt,0
double_free_safe_3_x86_O0,_start,xor_reg_reg mov_reg_reg pop_reg mov_reg_reg and_reg_imm push_reg push_reg xor_reg_reg xor_reg_reg mov_reg_imm call_indirect hlt,0
double_free_safe_3_x86_O0,main,push_reg mov_reg_reg sub_reg_imm mov_reg_imm call_malloc mov_mem_reg mov_reg_mem mov_reg_reg call_free mov_mem_imm mov_reg_imm leave ret,0
double_free_safe_3_x86_O1,_start,xor_reg_reg mov_reg_reg pop_reg mov_reg_reg and_reg_imm push_reg push_reg xor_reg_reg xor_reg_reg mov_reg_imm call_indirect hlt,0
double_free_safe_3_x86_O1,main,mov_reg_imm ret,0
double_free_safe_3_x86_O2,_start,xor_reg_reg mov_reg_reg pop_reg mov_reg_reg and_reg_imm push_reg push_reg xor_reg_reg xor_reg_reg mov_reg_imm call_indirect hlt,0
double_free_safe_3_x86_O3,_start,xor_reg_reg mov_reg_reg pop_reg mov_reg_reg and_reg_imm push_reg push_reg xor_reg_reg xor_reg_reg mov_reg_imm call_indirect hlt,0
double_free_safe_4_x86_O0,_start,xor_reg_reg mov_reg_reg pop_reg mov_reg_reg and_reg_imm push_reg push_reg xor_reg_reg xor_reg_reg mov_reg_imm call_indirect hlt,0
double_free_safe_4_x86_O0,main,push_reg mov_reg_reg sub_reg_imm mov_reg_imm call_malloc mov_mem_reg mov_reg_mem mov_reg_reg call_free mov_mem_imm mov_reg_imm leave ret,0
double_free_safe_4_x86_O1,_start,xor_reg_reg mov_reg_reg pop_reg mov_reg_reg and_reg_imm push_reg push_reg xor_reg_reg xor_reg_reg mov_reg_imm call_indirect hlt,0
double_free_safe_4_x86_O1,main,mov_reg_imm ret,0
double_free_safe_4_x86_O2,_start,xor_reg_reg mov_reg_reg pop_reg mov_reg_reg and_reg_imm push_reg push_reg xor_reg_reg xor_reg_reg mov_reg_imm call_indirect hlt,0
double_free_safe_4_x86_O3,_start,xor_reg_reg mov_reg_reg pop_reg mov_reg_reg and_reg_imm push_reg push_reg xor_reg_reg xor_reg_reg mov_reg_imm call_indirect hlt,0
double_free_safe_5_x86_O0,_start,xor_reg_reg mov_reg_reg pop_reg mov_reg_reg and_reg_imm push_reg push_reg xor_reg_reg xor_reg_reg mov_reg_imm call_indirect hlt,0
double_free_safe_5_x86_O0,main,push_reg mov_reg_reg sub_reg_imm mov_reg_imm call_malloc mov_mem_reg mov_reg_mem mov_reg_reg call_free mov_mem_imm mov_reg_imm leave ret,0
double_free_safe_5_x86_O1,_start,xor_reg_reg mov_reg_reg pop_reg mov_reg_reg and_reg_imm push_reg push_reg xor_reg_reg xor_reg_reg mov_reg_imm call_indirect hlt,0
double_free_safe_5_x86_O1,main,mov_reg_imm ret,0
double_free_safe_5_x86_O2,_start,xor_reg_reg mov_reg_reg pop_reg mov_reg_reg and_reg_imm push_reg push_reg xor_reg_reg xor_reg_reg mov_reg_imm call_indirect hlt,0
double_free_safe_5_x86_O3,_start,xor_reg_reg mov_reg_reg pop_reg mov_reg_reg and_reg_imm push_reg push_reg xor_reg_reg xor_reg_reg mov_reg_imm call_indirect hlt,0
double_free_safe_6_x86_O0,_start,xor_reg_reg mov_reg_reg pop_reg mov_reg_reg and_reg_imm push_reg push_reg xor_reg_reg xor_reg_reg mov_reg_imm call_indirect hlt,0
double_free_safe_6_x86_O0,main,push_reg mov_reg_reg sub_reg_imm mov_reg_imm call_malloc mov_mem_reg mov_reg_mem mov_reg_reg call_free mov_mem_imm mov_reg_imm leave ret,0
double_free_safe_6_x86_O1,_start,xor_reg_reg mov_reg_reg pop_reg mov_reg_reg and_reg_imm push_reg push_reg xor_reg_reg xor_reg_reg mov_reg_imm call_indirect hlt,0
double_free_safe_6_x86_O1,main,mov_reg_imm ret,0
double_free_safe_6_x86_O2,_start,xor_reg_reg mov_reg_reg pop_reg mov_reg_reg and_reg_imm push_reg push_reg xor_reg_reg xor_reg_reg mov_reg_imm call_indirect hlt,0
double_free_safe_6_x86_O3,_start,xor_reg_reg mov_reg_reg pop_reg mov_reg_reg and_reg_imm push_reg push_reg xor_reg_reg xor_reg_reg mov_reg_imm call_indirect hlt,0
double_free_safe_7_x86_O0,_start,xor_reg_reg mov_reg_reg pop_reg mov_reg_reg and_reg_imm push_reg push_reg xor_reg_reg xor_reg_reg mov_reg_imm call_indirect hlt,0
double_free_safe_7_x86_O0,main,push_reg mov_reg_reg sub_reg_imm mov_reg_imm call_malloc mov_mem_reg mov_reg_mem mov_reg_reg call_free mov_mem_imm mov_reg_imm leave ret,0
double_free_safe_7_x86_O1,_start,xor_reg_reg mov_reg_reg pop_reg mov_reg_reg and_reg_imm push_reg push_reg xor_reg_reg xor_reg_reg mov_reg_imm call_indirect hlt,0
double_free_safe_7_x86_O1,main,mov_reg_imm ret,0
double_free_safe_7_x86_O2,_start,xor_reg_reg mov_reg_reg pop_reg mov_reg_reg and_reg_imm push_reg push_reg xor_reg_reg xor_reg_reg mov_reg_imm call_indirect hlt,0
double_free_safe_7_x86_O3,_start,xor_reg_reg mov_reg_reg pop_reg mov_reg_reg and_reg_imm push_reg push_reg xor_reg_reg xor_reg_reg mov_reg_imm call_indirect hlt,0
double_free_safe_8_x86_O0,_start,xor_reg_reg mov_reg_reg pop_reg mov_reg_reg and_reg_imm push_reg push_reg xor_reg_reg xor_reg_reg mov_reg_imm call_indirect hlt,0
double_free_safe_8_x86_O0,main,push_reg mov_reg_reg sub_reg_imm mov_reg_imm call_malloc mov_mem_reg mov_reg_mem mov_reg_reg call_free mov_mem_imm mov_reg_imm leave ret,0
double_free_safe_8_x86_O1,_start,xor_reg_reg mov_reg_reg pop_reg mov_reg_reg and_reg_imm push_reg push_reg xor_reg_reg xor_reg_reg mov_reg_imm call_indirect hlt,0
double_free_safe_8_x86_O1,main,mov_reg_imm ret,0
double_free_safe_8_x86_O2,_start,xor_reg_reg mov_reg_reg pop_reg mov_reg_reg and_reg_imm push_reg push_reg xor_reg_reg xor_reg_reg mov_reg_imm call_indirect hlt,0
double_free_safe_8_x86_O3,_start,xor_reg_reg mov_reg_reg pop_reg mov_reg_reg and_reg_imm push_reg push_reg xor_reg_reg xor_reg_reg mov_reg_imm call_indirect hlt,0
double_free_safe_9_x86_O0,_start,xor_reg_reg mov_reg_reg pop_reg mov_reg_reg and_reg_imm push_reg push_reg xor_reg_reg xor_reg_reg mov_reg_imm call_indirect hlt,0
double_free_safe_9_x86_O0,main,push_reg mov_reg_reg sub_reg_imm mov_reg_imm call_malloc mov_mem_reg mov_reg_mem mov_reg_reg call_free mov_mem_imm mov_reg_imm leave ret,0
double_free_safe_9_x86_O1,_start,xor_reg_reg mov_reg_reg pop_reg mov_reg_reg and_reg_imm push_reg push_reg xor_reg_reg xor_reg_reg mov_reg_imm call_indirect hlt,0
double_free_safe_9_x86_O1,main,mov_reg_imm ret,0
double_free_safe_9_x86_O2,_start,xor_reg_reg mov_reg_reg pop_reg mov_reg_reg and_reg_imm push_reg push_reg xor_reg_reg xor_reg_reg mov_reg_imm call_indirect hlt,0
double_free_safe_9_x86_O3,_start,xor_reg_reg mov_reg_reg pop_reg mov_reg_reg and_reg_imm push_reg push_reg xor_reg_reg xor_reg_reg mov_reg_imm call_indirect hlt,0
double_free_vuln_0_x86_O0,_start,xor_reg_reg mov_reg_reg pop_reg mov_reg_reg and_reg_imm push_reg push_reg xor_reg_reg xor_reg_reg mov_reg_imm call_indirect hlt,0
double_free_vuln_0_x86_O0,main,push_reg mov_reg_reg sub_reg_imm mov_reg_imm call_malloc mov_mem_reg mov_reg_mem mov_reg_reg call_free mov_reg_mem mov_reg_reg call_free mov_reg_imm leave ret,0
double_free_vuln_0_x86_O1,_start,xor_reg_reg mov_reg_reg pop_reg mov_reg_reg and_reg_imm push_reg push_reg xor_reg_reg xor_reg_reg mov_reg_imm call_indirect hlt,0
double_free_vuln_0_x86_O1,main,mov_reg_imm ret,0
double_free_vuln_0_x86_O2,_start,xor_reg_reg mov_reg_reg pop_reg mov_reg_reg and_reg_imm push_reg push_reg xor_reg_reg xor_reg_reg mov_reg_imm call_indirect hlt,0
double_free_vuln_0_x86_O3,_start,xor_reg_reg mov_reg_reg pop_reg mov_reg_reg and_reg_imm push_reg push_reg xor_reg_reg xor_reg_reg mov_reg_imm call_indirect hlt,0
double_free_vuln_1_x86_O0,_start,xor_reg_reg mov_reg_reg pop_reg mov_reg_reg and_reg_imm push_reg push_reg xor_reg_reg xor_reg_reg mov_reg_imm call_indirect hlt,0
double_free_vuln_1_x86_O0,main,push_reg mov_reg_reg sub_reg_imm mov_reg_imm call_malloc mov_mem_reg mov_reg_mem mov_reg_reg call_free mov_reg_mem mov_reg_reg call_free mov_reg_imm leave ret,0
double_free_vuln_1_x86_O1,_start,xor_reg_reg mov_reg_reg pop_reg mov_reg_reg and_reg_imm push_reg push_reg xor_reg_reg xor_reg_reg mov_reg_imm call_indirect hlt,0
double_free_vuln_1_x86_O1,main,mov_reg_imm ret,0
double_free_vuln_1_x86_O2,_start,xor_reg_reg mov_reg_reg pop_reg mov_reg_reg and_reg_imm push_reg push_reg xor_reg_reg xor_reg_reg mov_reg_imm call_indirect hlt,0
double_free_vuln_1_x86_O3,_start,xor_reg_reg mov_reg_reg pop_reg mov_reg_reg and_reg_imm push_reg push_reg xor_reg_reg xor_reg_reg mov_reg_imm call_indirect hlt,0
double_free_vuln_2_x86_O0,_start,xor_reg_reg mov_reg_reg pop_reg mov_reg_reg and_reg_imm push_reg push_reg xor_reg_reg xor_reg_reg mov_reg_imm call_indirect hlt,0
double_free_vuln_2_x86_O0,main,push_reg mov_reg_reg sub_reg_imm mov_reg_imm call_malloc mov_mem_reg mov_reg_mem mov_reg_reg call_free mov_reg_mem mov_reg_reg call_free mov_reg_imm leave ret,0
double_free_vuln_2_x86_O1,_start,xor_reg_reg mov_reg_reg pop_reg mov_reg_reg and_reg_imm push_reg push_reg xor_reg_reg xor_reg_reg mov_reg_imm call_indirect hlt,0
double_free_vuln_2_x86_O1,main,mov_reg_imm ret,0
double_free_vuln_2_x86_O2,_start,xor_reg_reg mov_reg_reg pop_reg mov_reg_reg and_reg_imm push_reg push_reg xor_reg_reg xor_reg_reg mov_reg_imm call_indirect hlt,0
double_free_vuln_2_x86_O3,_start,xor_reg_reg mov_reg_reg pop_reg mov_reg_reg and_reg_imm push_reg push_reg xor_reg_reg xor_reg_reg mov_reg_imm call_indirect hlt,0
double_free_vuln_3_x86_O0,_start,xor_reg_reg mov_reg_reg pop_reg mov_reg_reg and_reg_imm push_reg push_reg xor_reg_reg xor_reg_reg mov_reg_imm call_indirect hlt,0
double_free_vuln_3_x86_O0,main,push_reg mov_reg_reg sub_reg_imm mov_reg_imm call_malloc mov_mem_reg mov_reg_mem mov_reg_reg call_free mov_reg_mem mov_reg_reg call_free mov_reg_imm leave ret,0
double_free_vuln_3_x86_O1,_start,xor_reg_reg mov_reg_reg pop_reg mov_reg_reg and_reg_imm push_reg push_reg xor_reg_reg xor_reg_reg mov_reg_imm call_indirect hlt,0
double_free_vuln_3_x86_O1,main,mov_reg_imm ret,0
double_free_vuln_3_x86_O2,_start,xor_reg_reg mov_reg_reg pop_reg mov_reg_reg and_reg_imm push_reg push_reg xor_reg_reg xor_reg_reg mov_reg_imm call_indirect hlt,0
double_free_vuln_3_x86_O3,_start,xor_reg_reg mov_reg_reg pop_reg mov_reg_reg and_reg_imm push_reg push_reg xor_reg_reg xor_reg_reg mov_reg_imm call_indirect hlt,0
double_free_vuln_4_x86_O0,_start,xor_reg_reg mov_reg_reg pop_reg mov_reg_reg and_reg_imm push_reg push_reg xor_reg_reg xor_reg_reg mov_reg_imm call_indirect hlt,0
double_free_vuln_4_x86_O0,main,push_reg mov_reg_reg sub_reg_imm mov_reg_imm call_malloc mov_mem_reg mov_reg_mem mov_reg_reg call_free mov_reg_mem mov_reg_reg call_free mov_reg_imm leave ret,0
double_free_vuln_4_x86_O1,_start,xor_reg_reg mov_reg_reg pop_reg mov_reg_reg and_reg_imm push_reg push_reg xor_reg_reg xor_reg_reg mov_reg_imm call_indirect hlt,0
double_free_vuln_4_x86_O1,main,mov_reg_imm ret,0
double_free_vuln_4_x86_O2,_start,xor_reg_reg mov_reg_reg pop_reg mov_reg_reg and_reg_imm push_reg push_reg xor_reg_reg xor_reg_reg mov_reg_imm call_indirect hlt,0
double_free_vuln_4_x86_O3,_start,xor_reg_reg mov_reg_reg pop_reg mov_reg_reg and_reg_imm push_reg push_reg xor_reg_reg xor_reg_reg mov_reg_imm call_indirect hlt,0
double_free_vuln_5_x86_O0,_start,xor_reg_reg mov_reg_reg pop_reg mov_reg_reg and_reg_imm push_reg push_reg xor_reg_reg xor_reg_reg mov_reg_imm call_indirect hlt,0
double_free_vuln_5_x86_O0,main,push_reg mov_reg_reg sub_reg_imm mov_reg_imm call_malloc mov_mem_reg mov_reg_mem mov_reg_reg call_free mov_reg_mem mov_reg_reg call_free mov_reg_imm leave ret,0
double_free_vuln_5_x86_O1,_start,xor_reg_reg mov_reg_reg pop_reg mov_reg_reg and_reg_imm push_reg push_reg xor_reg_reg xor_reg_reg mov_reg_imm call_indirect hlt,0
double_free_vuln_5_x86_O1,main,mov_reg_imm ret,0
double_free_vuln_5_x86_O2,_start,xor_reg_reg mov_reg_reg pop_reg mov_reg_reg and_reg_imm push_reg push_reg xor_reg_reg xor_reg_reg mov_reg_imm call_indirect hlt,0
double_free_vuln_5_x86_O3,_start,xor_reg_reg mov_reg_reg pop_reg mov_reg_reg and_reg_imm push_reg push_reg xor_reg_reg xor_reg_reg mov_reg_imm call_indirect hlt,0
double_free_vuln_6_x86_O0,_start,xor_reg_reg mov_reg_reg pop_reg mov_reg_reg and_reg_imm push_reg push_reg xor_reg_reg xor_reg_reg mov_reg_imm call_indirect hlt,0
double_free_vuln_6_x86_O0,main,push_reg mov_reg_reg sub_reg_imm mov_reg_imm call_malloc mov_mem_reg mov_reg_mem mov_reg_reg call_free mov_reg_mem mov_reg_reg call_free mov_reg_imm leave ret,0
double_free_vuln_6_x86_O1,_start,xor_reg_reg mov_reg_reg pop_reg mov_reg_reg and_reg_imm push_reg push_reg xor_reg_reg xor_reg_reg mov_reg_imm call_indirect hlt,0
double_free_vuln_6_x86_O1,main,mov_reg_imm ret,0
double_free_vuln_6_x86_O2,_start,xor_reg_reg mov_reg_reg pop_reg mov_reg_reg and_reg_imm push_reg push_reg xor_reg_reg xor_reg_reg mov_reg_imm call_indirect hlt,0
double_free_vuln_6_x86_O3,_start,xor_reg_reg mov_reg_reg pop_reg mov_reg_reg and_reg_imm push_reg push_reg xor_reg_reg xor_reg_reg mov_reg_imm call_indirect hlt,0
double_free_vuln_7_x86_O0,_start,xor_reg_reg mov_reg_reg pop_reg mov_reg_reg and_reg_imm push_reg push_reg xor_reg_reg xor_reg_reg mov_reg_imm call_indirect hlt,0
double_free_vuln_7_x86_O0,main,push_reg mov_reg_reg sub_reg_imm mov_reg_imm call_malloc mov_mem_reg mov_reg_mem mov_reg_reg call_free mov_reg_mem mov_reg_reg call_free mov_reg_imm leave ret,0
double_free_vuln_7_x86_O1,_start,xor_reg_reg mov_reg_reg pop_reg mov_reg_reg and_reg_imm push_reg push_reg xor_reg_reg xor_reg_reg mov_reg_imm call_indirect hlt,0
double_free_vuln_7_x86_O1,main,mov_reg_imm ret,0
double_free_vuln_7_x86_O2,_start,xor_reg_reg mov_reg_reg pop_reg mov_reg_reg and_reg_imm push_reg push_reg xor_reg_reg xor_reg_reg mov_reg_imm call_indirect hlt,0
double_free_vuln_7_x86_O3,_start,xor_reg_reg mov_reg_reg pop_reg mov_reg_reg and_reg_imm push_reg push_reg xor_reg_reg xor_reg_reg mov_reg_imm call_indirect hlt,0
double_free_vuln_8_x86_O0,_start,xor_reg_reg mov_reg_reg pop_reg mov_reg_reg and_reg_imm push_reg push_reg xor_reg_reg xor_reg_reg mov_reg_imm call_indirect hlt,0
double_free_vuln_8_x86_O0,main,push_reg mov_reg_reg sub_reg_imm mov_reg_imm call_malloc mov_mem_reg mov_reg_mem mov_reg_reg call_free mov_reg_mem mov_reg_reg call_free mov_reg_imm leave ret,0
double_free_vuln_8_x86_O1,_start,xor_reg_reg mov_reg_reg pop_reg mov_reg_reg and_reg_imm push_reg push_reg xor_reg_reg xor_reg_reg mov_reg_imm call_indirect hlt,0
double_free_vuln_8_x86_O1,main,mov_reg_imm ret,0
double_free_vuln_8_x86_O2,_start,xor_reg_reg mov_reg_reg pop_reg mov_reg_reg and_reg_imm push_reg push_reg xor_reg_reg xor_reg_reg mov_reg_imm call_indirect hlt,0
double_free_vuln_8_x86_O3,_start,xor_reg_reg mov_reg_reg pop_reg mov_reg_reg and_reg_imm push_reg push_reg xor_reg_reg xor_reg_reg mov_reg_imm call_indirect hlt,0
double_free_vuln_9_x86_O0,_start,xor_reg_reg mov_reg_reg pop_reg mov_reg_reg and_reg_imm push_reg push_reg xor_reg_reg xor_reg_reg mov_reg_imm call_indirect hlt,0
double_free_vuln_9_x86_O0,main,push_reg mov_reg_reg sub_reg_imm mov_reg_imm call_malloc mov_mem_reg mov_reg_mem mov_reg_reg call_free mov_reg_mem mov_reg_reg call_free mov_reg_imm leave ret,0
double_free_vuln_9_x86_O1,_start,xor_reg_reg mov_reg_reg pop_reg mov_reg_reg and_reg_imm push_reg push_reg xor_reg_reg xor_reg_reg mov_reg_imm call_indirect hlt,0
double_free_vuln_9_x86_O1,main,mov_reg_imm ret,0
double_free_vuln_9_x86_O2,_start,xor_reg_reg mov_reg_reg pop_reg mov_reg_reg and_reg_imm push_reg push_reg xor_reg_reg xor_reg_reg mov_reg_imm call_indirect hlt,0
double_free_vuln_9_x86_O3,_start,xor_reg_reg mov_reg_reg pop_reg mov_reg_reg and_reg_imm push_reg push_reg xor_reg_reg xor_reg_reg mov_reg_imm call_indirect hlt,0
format_safe_0_x86_O0,_start,xor_reg_reg mov_reg_reg pop_reg mov_reg_reg and_reg_imm push_reg push_reg xor_reg_reg xor_reg_reg mov_reg_imm call_indirect hlt,0
format_safe_0_x86_O0,main,push_reg mov_reg_reg add_reg_imm mov_reg_mem lea_reg_mem mov_reg_imm mov_reg_reg call_fgets lea_reg_mem lea_reg_mem mov_reg_reg mov_reg_reg mov_reg_imm call_printf mov_reg_imm leave ret,0
format_safe_0_x86_O1,_start,xor_reg_reg mov_reg_reg pop_reg mov_reg_reg and_reg_imm push_reg push_reg xor_reg_reg xor_reg_reg mov_reg_imm call_indirect hlt,0
format_safe_0_x86_O1,main,push_reg add_reg_imm mov_reg_mem mov_reg_imm mov_reg_reg call_fgets mov_reg_reg lea_reg_mem mov_reg_imm call_printf mov_reg_imm sub_reg_imm pop_reg ret,0
format_safe_0_x86_O2,_start,xor_reg_reg mov_reg_reg pop_reg mov_reg_reg and_reg_imm push_reg push_reg xor_reg_reg xor_reg_reg mov_reg_imm call_indirect hlt,0
format_safe_0_x86_O2,main,push_reg mov_reg_imm add_reg_imm mov_reg_mem mov_reg_reg call_fgets mov_reg_reg lea_reg_mem xor_reg_reg call_printf sub_reg_imm xor_reg_reg pop_reg ret,0
format_safe_0_x86_O3,_start,xor_reg_reg mov_reg_reg pop_reg mov_reg_reg and_reg_imm push_reg push_reg xor_reg_reg xor_reg_reg mov_reg_imm call_indirect hlt,0
format_safe_0_x86_O3,main,push_reg mov_reg_imm add_reg_imm mov_reg_mem mov_reg_reg call_fgets mov_reg_reg lea_reg_mem xor_reg_reg call_printf sub_reg_imm xor_reg_reg pop_reg ret,0
format_safe_1_x86_O0,_start,xor_reg_reg mov_reg_reg pop_reg mov_reg_reg and_reg_imm push_reg push_reg xor_reg_reg xor_reg_reg mov_reg_imm call_indirect hlt,0
format_safe_1_x86_O0,main,push_reg mov_reg_reg add_reg_imm mov_reg_mem lea_reg_mem mov_reg_imm mov_reg_reg call_fgets lea_reg_mem lea_reg_mem mov_reg_reg mov_reg_reg mov_reg_imm call_printf mov_reg_imm leave ret,0
format_safe_1_x86_O1,_start,xor_reg_reg mov_reg_reg pop_reg mov_reg_reg and_reg_imm push_reg push_reg xor_reg_reg xor_reg_reg mov_reg_imm call_indirect hlt,0
format_safe_1_x86_O1,main,push_reg add_reg_imm mov_reg_mem mov_reg_imm mov_reg_reg call_fgets mov_reg_reg lea_reg_mem mov_reg_imm call_printf mov_reg_imm sub_reg_imm pop_reg ret,0
format_safe_1_x86_O2,_start,xor_reg_reg mov_reg_reg pop_reg mov_reg_reg and_reg_imm push_reg push_reg xor_reg_reg xor_reg_reg mov_reg_imm call_indirect hlt,0
format_safe_1_x86_O2,main,push_reg mov_reg_imm add_reg_imm mov_reg_mem mov_reg_reg call_fgets mov_reg_reg lea_reg_mem xor_reg_reg call_printf sub_reg_imm xor_reg_reg pop_reg ret,0
format_safe_1_x86_O3,_start,xor_reg_reg mov_reg_reg pop_reg mov_reg_reg and_reg_imm push_reg push_reg xor_reg_reg xor_reg_reg mov_reg_imm call_indirect hlt,0
format_safe_1_x86_O3,main,push_reg mov_reg_imm add_reg_imm mov_reg_mem mov_reg_reg call_fgets mov_reg_reg lea_reg_mem xor_reg_reg call_printf sub_reg_imm xor_reg_reg pop_reg ret,0
format_safe_2_x86_O0,_start,xor_reg_reg mov_reg_reg pop_reg mov_reg_reg and_reg_imm push_reg push_reg xor_reg_reg xor_reg_reg mov_reg_imm call_indirect hlt,0
format_safe_2_x86_O0,main,push_reg mov_reg_reg add_reg_imm mov_reg_mem lea_reg_mem mov_reg_imm mov_reg_reg call_fgets lea_reg_mem lea_reg_mem mov_reg_reg mov_reg_reg mov_reg_imm call_printf mov_reg_imm leave ret,0
format_safe_2_x86_O1,_start,xor_reg_reg mov_reg_reg pop_reg mov_reg_reg and_reg_imm push_reg push_reg xor_reg_reg xor_reg_reg mov_reg_imm call_indirect hlt,0
format_safe_2_x86_O1,main,push_reg add_reg_imm mov_reg_mem mov_reg_imm mov_reg_reg call_fgets mov_reg_reg lea_reg_mem mov_reg_imm call_printf mov_reg_imm sub_reg_imm pop_reg ret,0
format_safe_2_x86_O2,_start,xor_reg_reg mov_reg_reg pop_reg mov_reg_reg and_reg_imm push_reg push_reg xor_reg_reg xor_reg_reg mov_reg_imm call_indirect hlt,0
format_safe_2_x86_O2,main,push_reg mov_reg_imm add_reg_imm mov_reg_mem mov_reg_reg call_fgets mov_reg_reg lea_reg_mem xor_reg_reg call_printf sub_reg_imm xor_reg_reg pop_reg ret,0
format_safe_2_x86_O3,_start,xor_reg_reg mov_reg_reg pop_reg mov_reg_reg and_reg_imm push_reg push_reg xor_reg_reg xor_reg_reg mov_reg_imm call_indirect hlt,0
format_safe_2_x86_O3,main,push_reg mov_reg_imm add_reg_imm mov_reg_mem mov_reg_reg call_fgets mov_reg_reg lea_reg_mem xor_reg_reg call_printf sub_reg_imm xor_reg_reg pop_reg ret,0
format_safe_3_x86_O0,_start,xor_reg_reg mov_reg_reg pop_reg mov_reg_reg and_reg_imm push_reg push_reg xor_reg_reg xor_reg_reg mov_reg_imm call_indirect hlt,0
format_safe_3_x86_O0,main,push_reg mov_reg_reg add_reg_imm mov_reg_mem lea_reg_mem mov_reg_imm mov_reg_reg call_fgets lea_reg_mem lea_reg_mem mov_reg_reg mov_reg_reg mov_reg_imm call_printf mov_reg_imm leave ret,0
format_safe_3_x86_O1,_start,xor_reg_reg mov_reg_reg pop_reg mov_reg_reg and_reg_imm push_reg push_reg xor_reg_reg xor_reg_reg mov_reg_imm call_indirect hlt,0
format_safe_3_x86_O1,main,push_reg add_reg_imm mov_reg_mem mov_reg_imm mov_reg_reg call_fgets mov_reg_reg lea_reg_mem mov_reg_imm call_printf mov_reg_imm sub_reg_imm pop_reg ret,0
format_safe_3_x86_O2,_start,xor_reg_reg mov_reg_reg pop_reg mov_reg_reg and_reg_imm push_reg push_reg xor_reg_reg xor_reg_reg mov_reg_imm call_indirect hlt,0
format_safe_3_x86_O2,main,push_reg mov_reg_imm add_reg_imm mov_reg_mem mov_reg_reg call_fgets mov_reg_reg lea_reg_mem xor_reg_reg call_printf sub_reg_imm xor_reg_reg pop_reg ret,0
format_safe_3_x86_O3,_start,xor_reg_reg mov_reg_reg pop_reg mov_reg_reg and_reg_imm push_reg push_reg xor_reg_reg xor_reg_reg mov_reg_imm call_indirect hlt,0
format_safe_3_x86_O3,main,push_reg mov_reg_imm add_reg_imm mov_reg_mem mov_reg_reg call_fgets mov_reg_reg lea_reg_mem xor_reg_reg call_printf sub_reg_imm xor_reg_reg pop_reg ret,0
format_safe_4_x86_O0,_start,xor_reg_reg mov_reg_reg pop_reg mov_reg_reg and_reg_imm push_reg push_reg xor_reg_reg xor_reg_reg mov_reg_imm call_indirect hlt,0
format_safe_4_x86_O0,main,push_reg mov_reg_reg add_reg_imm mov_reg_mem lea_reg_mem mov_reg_imm mov_reg_reg call_fgets lea_reg_mem lea_reg_mem mov_reg_reg mov_reg_reg mov_reg_imm call_printf mov_reg_imm leave ret,0
format_safe_4_x86_O1,_start,xor_reg_reg mov_reg_reg pop_reg mov_reg_reg and_reg_imm push_reg push_reg xor_reg_reg xor_reg_reg mov_reg_imm call_indirect hlt,0
format_safe_4_x86_O1,main,push_reg add_reg_imm mov_reg_mem mov_reg_imm mov_reg_reg call_fgets mov_reg_reg lea_reg_mem mov_reg_imm call_printf mov_reg_imm sub_reg_imm pop_reg ret,0
format_safe_4_x86_O2,_start,xor_reg_reg mov_reg_reg pop_reg mov_reg_reg and_reg_imm push_reg push_reg xor_reg_reg xor_reg_reg mov_reg_imm call_indirect hlt,0
format_safe_4_x86_O2,main,push_reg mov_reg_imm add_reg_imm mov_reg_mem mov_reg_reg call_fgets mov_reg_reg lea_reg_mem xor_reg_reg call_printf sub_reg_imm xor_reg_reg pop_reg ret,0
format_safe_4_x86_O3,_start,xor_reg_reg mov_reg_reg pop_reg mov_reg_reg and_reg_imm push_reg push_reg xor_reg_reg xor_reg_reg mov_reg_imm call_indirect hlt,0
format_safe_4_x86_O3,main,push_reg mov_reg_imm add_reg_imm mov_reg_mem mov_reg_reg call_fgets mov_reg_reg lea_reg_mem xor_reg_reg call_printf sub_reg_imm xor_reg_reg pop_reg ret,0
format_safe_5_x86_O0,_start,xor_reg_reg mov_reg_reg pop_reg mov_reg_reg and_reg_imm push_reg push_reg xor_reg_reg xor_reg_reg mov_reg_imm call_indirect hlt,0
format_safe_5_x86_O0,main,push_reg mov_reg_reg add_reg_imm mov_reg_mem lea_reg_mem mov_reg_imm mov_reg_reg call_fgets lea_reg_mem lea_reg_mem mov_reg_reg mov_reg_reg mov_reg_imm call_printf mov_reg_imm leave ret,0
format_safe_5_x86_O1,_start,xor_reg_reg mov_reg_reg pop_reg mov_reg_reg and_reg_imm push_reg push_reg xor_reg_reg xor_reg_reg mov_reg_imm call_indirect hlt,0
format_safe_5_x86_O1,main,push_reg add_reg_imm mov_reg_mem mov_reg_imm mov_reg_reg call_fgets mov_reg_reg lea_reg_mem mov_reg_imm call_printf mov_reg_imm sub_reg_imm pop_reg ret,0
format_safe_5_x86_O2,_start,xor_reg_reg mov_reg_reg pop_reg mov_reg_reg and_reg_imm push_reg push_reg xor_reg_reg xor_reg_reg mov_reg_imm call_indirect hlt,0
format_safe_5_x86_O2,main,push_reg mov_reg_imm add_reg_imm mov_reg_mem mov_reg_reg call_fgets mov_reg_reg lea_reg_mem xor_reg_reg call_printf sub_reg_imm xor_reg_reg pop_reg ret,0
format_safe_5_x86_O3,_start,xor_reg_reg mov_reg_reg pop_reg mov_reg_reg and_reg_imm push_reg push_reg xor_reg_reg xor_reg_reg mov_reg_imm call_indirect hlt,0
format_safe_5_x86_O3,main,push_reg mov_reg_imm add_reg_imm mov_reg_mem mov_reg_reg call_fgets mov_reg_reg lea_reg_mem xor_reg_reg call_printf sub_reg_imm xor_reg_reg pop_reg ret,0
format_safe_6_x86_O0,_start,xor_reg_reg mov_reg_reg pop_reg mov_reg_reg and_reg_imm push_reg push_reg xor_reg_reg xor_reg_reg mov_reg_imm call_indirect hlt,0
format_safe_6_x86_O0,main,push_reg mov_reg_reg add_reg_imm mov_reg_mem lea_reg_mem mov_reg_imm mov_reg_reg call_fgets lea_reg_mem lea_reg_mem mov_reg_reg mov_reg_reg mov_reg_imm call_printf mov_reg_imm leave ret,0
format_safe_6_x86_O1,_start,xor_reg_reg mov_reg_reg pop_reg mov_reg_reg and_reg_imm push_reg push_reg xor_reg_reg xor_reg_reg mov_reg_imm call_indirect hlt,0
format_safe_6_x86_O1,main,push_reg add_reg_imm mov_reg_mem mov_reg_imm mov_reg_reg call_fgets mov_reg_reg lea_reg_mem mov_reg_imm call_printf mov_reg_imm sub_reg_imm pop_reg ret,0
format_safe_6_x86_O2,_start,xor_reg_reg mov_reg_reg pop_reg mov_reg_reg and_reg_imm push_reg push_reg xor_reg_reg xor_reg_reg mov_reg_imm call_indirect hlt,0
format_safe_6_x86_O2,main,push_reg mov_reg_imm add_reg_imm mov_reg_mem mov_reg_reg call_fgets mov_reg_reg lea_reg_mem xor_reg_reg call_printf sub_reg_imm xor_reg_reg pop_reg ret,0
format_safe_6_x86_O3,_start,xor_reg_reg mov_reg_reg pop_reg mov_reg_reg and_reg_imm push_reg push_reg xor_reg_reg xor_reg_reg mov_reg_imm call_indirect hlt,0
format_safe_6_x86_O3,main,push_reg mov_reg_imm add_reg_imm mov_reg_mem mov_reg_reg call_fgets mov_reg_reg lea_reg_mem xor_reg_reg call_printf sub_reg_imm xor_reg_reg pop_reg ret,0
format_safe_7_x86_O0,_start,xor_reg_reg mov_reg_reg pop_reg mov_reg_reg and_reg_imm push_reg push_reg xor_reg_reg xor_reg_reg mov_reg_imm call_indirect hlt,0
format_safe_7_x86_O0,main,push_reg mov_reg_reg add_reg_imm mov_reg_mem lea_reg_mem mov_reg_imm mov_reg_reg call_fgets lea_reg_mem lea_reg_mem mov_reg_reg mov_reg_reg mov_reg_imm call_printf mov_reg_imm leave ret,0
format_safe_7_x86_O1,_start,xor_reg_reg mov_reg_reg pop_reg mov_reg_reg and_reg_imm push_reg push_reg xor_reg_reg xor_reg_reg mov_reg_imm call_indirect hlt,0
format_safe_7_x86_O1,main,push_reg add_reg_imm mov_reg_mem mov_reg_imm mov_reg_reg call_fgets mov_reg_reg lea_reg_mem mov_reg_imm call_printf mov_reg_imm sub_reg_imm pop_reg ret,0
format_safe_7_x86_O2,_start,xor_reg_reg mov_reg_reg pop_reg mov_reg_reg and_reg_imm push_reg push_reg xor_reg_reg xor_reg_reg mov_reg_imm call_indirect hlt,0
format_safe_7_x86_O2,main,push_reg mov_reg_imm add_reg_imm mov_reg_mem mov_reg_reg call_fgets mov_reg_reg lea_reg_mem xor_reg_reg call_printf sub_reg_imm xor_reg_reg pop_reg ret,0
format_safe_7_x86_O3,_start,xor_reg_reg mov_reg_reg pop_reg mov_reg_reg and_reg_imm push_reg push_reg xor_reg_reg xor_reg_reg mov_reg_imm call_indirect hlt,0
format_safe_7_x86_O3,main,push_reg mov_reg_imm add_reg_imm mov_reg_mem mov_reg_reg call_fgets mov_reg_reg lea_reg_mem xor_reg_reg call_printf sub_reg_imm xor_reg_reg pop_reg ret,0
format_safe_8_x86_O0,_start,xor_reg_reg mov_reg_reg pop_reg mov_reg_reg and_reg_imm push_reg push_reg xor_reg_reg xor_reg_reg mov_reg_imm call_indirect hlt,0
format_safe_8_x86_O0,main,push_reg mov_reg_reg add_reg_imm mov_reg_mem lea_reg_mem mov_reg_imm mov_reg_reg call_fgets lea_reg_mem lea_reg_mem mov_reg_reg mov_reg_reg mov_reg_imm call_printf mov_reg_imm leave ret,0
format_safe_8_x86_O1,_start,xor_reg_reg mov_reg_reg pop_reg mov_reg_reg and_reg_imm push_reg push_reg xor_reg_reg xor_reg_reg mov_reg_imm call_indirect hlt,0
format_safe_8_x86_O1,main,push_reg add_reg_imm mov_reg_mem mov_reg_imm mov_reg_reg call_fgets mov_reg_reg lea_reg_mem mov_reg_imm call_printf mov_reg_imm sub_reg_imm pop_reg ret,0
format_safe_8_x86_O2,_start,xor_reg_reg mov_reg_reg pop_reg mov_reg_reg and_reg_imm push_reg push_reg xor_reg_reg xor_reg_reg mov_reg_imm call_indirect hlt,0
format_safe_8_x86_O2,main,push_reg mov_reg_imm add_reg_imm mov_reg_mem mov_reg_reg call_fgets mov_reg_reg lea_reg_mem xor_reg_reg call_printf sub_reg_imm xor_reg_reg pop_reg ret,0
format_safe_8_x86_O3,_start,xor_reg_reg mov_reg_reg pop_reg mov_reg_reg and_reg_imm push_reg push_reg xor_reg_reg xor_reg_reg mov_reg_imm call_indirect hlt,0
format_safe_8_x86_O3,main,push_reg mov_reg_imm add_reg_imm mov_reg_mem mov_reg_reg call_fgets mov_reg_reg lea_reg_mem xor_reg_reg call_printf sub_reg_imm xor_reg_reg pop_reg ret,0
format_safe_9_x86_O0,_start,xor_reg_reg mov_reg_reg pop_reg mov_reg_reg and_reg_imm push_reg push_reg xor_reg_reg xor_reg_reg mov_reg_imm call_indirect hlt,0
format_safe_9_x86_O0,main,push_reg mov_reg_reg add_reg_imm mov_reg_mem lea_reg_mem mov_reg_imm mov_reg_reg call_fgets lea_reg_mem lea_reg_mem mov_reg_reg mov_reg_reg mov_reg_imm call_printf mov_reg_imm leave ret,0
format_safe_9_x86_O1,_start,xor_reg_reg mov_reg_reg pop_reg mov_reg_reg and_reg_imm push_reg push_reg xor_reg_reg xor_reg_reg mov_reg_imm call_indirect hlt,0
format_safe_9_x86_O1,main,push_reg add_reg_imm mov_reg_mem mov_reg_imm mov_reg_reg call_fgets mov_reg_reg lea_reg_mem mov_reg_imm call_printf mov_reg_imm sub_reg_imm pop_reg ret,0
format_safe_9_x86_O2,_start,xor_reg_reg mov_reg_reg pop_reg mov_reg_reg and_reg_imm push_reg push_reg xor_reg_reg xor_reg_reg mov_reg_imm call_indirect hlt,0
format_safe_9_x86_O2,main,push_reg mov_reg_imm add_reg_imm mov_reg_mem mov_reg_reg call_fgets mov_reg_reg lea_reg_mem xor_reg_reg call_printf sub_reg_imm xor_reg_reg pop_reg ret,0
format_safe_9_x86_O3,_start,xor_reg_reg mov_reg_reg pop_reg mov_reg_reg and_reg_imm push_reg push_reg xor_reg_reg xor_reg_reg mov_reg_imm call_indirect hlt,0
format_safe_9_x86_O3,main,push_reg mov_reg_imm add_reg_imm mov_reg_mem mov_reg_reg call_fgets mov_reg_reg lea_reg_mem xor_reg_reg call_printf sub_reg_imm xor_reg_reg pop_reg ret,0
format_vuln_0_x86_O0,_start,xor_reg_reg mov_reg_reg pop_reg mov_reg_reg and_reg_imm push_reg push_reg xor_reg_reg xor_reg_reg mov_reg_imm call_indirect hlt,0
format_vuln_0_x86_O0,main,push_reg mov_reg_reg add_reg_imm mov_reg_mem lea_reg_mem mov_reg_imm mov_reg_reg call_fgets lea_reg_mem mov_reg_reg mov_reg_imm call_printf mov_reg_imm leave ret,0
format_vuln_0_x86_O1,_start,xor_reg_reg mov_reg_reg pop_reg mov_reg_reg and_reg_imm push_reg push_reg xor_reg_reg xor_reg_reg mov_reg_imm call_indirect hlt,0
format_vuln_0_x86_O1,main,push_reg add_reg_imm mov_reg_mem mov_reg_imm mov_reg_reg call_fgets mov_reg_reg mov_reg_imm call_printf mov_reg_imm sub_reg_imm pop_reg ret,0
format_vuln_0_x86_O2,_start,xor_reg_reg mov_reg_reg pop_reg mov_reg_reg and_reg_imm push_reg push_reg xor_reg_reg xor_reg_reg mov_reg_imm call_indirect hlt,0
format_vuln_0_x86_O2,main,push_reg mov_reg_imm add_reg_imm mov_reg_mem mov_reg_reg call_fgets mov_reg_reg xor_reg_reg call_printf sub_reg_imm xor_reg_reg pop_reg ret,0
format_vuln_0_x86_O3,_start,xor_reg_reg mov_reg_reg pop_reg mov_reg_reg and_reg_imm push_reg push_reg xor_reg_reg xor_reg_reg mov_reg_imm call_indirect hlt,0
format_vuln_0_x86_O3,main,push_reg mov_reg_imm add_reg_imm mov_reg_mem mov_reg_reg call_fgets mov_reg_reg xor_reg_reg call_printf sub_reg_imm xor_reg_reg pop_reg ret,0
format_vuln_1_x86_O0,_start,xor_reg_reg mov_reg_reg pop_reg mov_reg_reg and_reg_imm push_reg push_reg xor_reg_reg xor_reg_reg mov_reg_imm call_indirect hlt,0
format_vuln_1_x86_O0,main,push_reg mov_reg_reg add_reg_imm mov_reg_mem lea_reg_mem mov_reg_imm mov_reg_reg call_fgets lea_reg_mem mov_reg_reg mov_reg_imm call_printf mov_reg_imm leave ret,0
format_vuln_1_x86_O1,_start,xor_reg_reg mov_reg_reg pop_reg mov_reg_reg and_reg_imm push_reg push_reg xor_reg_reg xor_reg_reg mov_reg_imm call_indirect hlt,0
format_vuln_1_x86_O1,main,push_reg add_reg_imm mov_reg_mem mov_reg_imm mov_reg_reg call_fgets mov_reg_reg mov_reg_imm call_printf mov_reg_imm sub_reg_imm pop_reg ret,0
format_vuln_1_x86_O2,_start,xor_reg_reg mov_reg_reg pop_reg mov_reg_reg and_reg_imm push_reg push_reg xor_reg_reg xor_reg_reg mov_reg_imm call_indirect hlt,0
format_vuln_1_x86_O2,main,push_reg mov_reg_imm add_reg_imm mov_reg_mem mov_reg_reg call_fgets mov_reg_reg xor_reg_reg call_printf sub_reg_imm xor_reg_reg pop_reg ret,0
format_vuln_1_x86_O3,_start,xor_reg_reg mov_reg_reg pop_reg mov_reg_reg and_reg_imm push_reg push_reg xor_reg_reg xor_reg_reg mov_reg_imm call_indirect hlt,0
format_vuln_1_x86_O3,main,push_reg mov_reg_imm add_reg_imm mov_reg_mem mov_reg_reg call_fgets mov_reg_reg xor_reg_reg call_printf sub_reg_imm xor_reg_reg pop_reg ret,0
format_vuln_2_x86_O0,_start,xor_reg_reg mov_reg_reg pop_reg mov_reg_reg and_reg_imm push_reg push_reg xor_reg_reg xor_reg_reg mov_reg_imm call_indirect hlt,0
format_vuln_2_x86_O0,main,push_reg mov_reg_reg add_reg_imm mov_reg_mem lea_reg_mem mov_reg_imm mov_reg_reg call_fgets lea_reg_mem mov_reg_reg mov_reg_imm call_printf mov_reg_imm leave ret,0
format_vuln_2_x86_O1,_start,xor_reg_reg mov_reg_reg pop_reg mov_reg_reg and_reg_imm push_reg push_reg xor_reg_reg xor_reg_reg mov_reg_imm call_indirect hlt,0
format_vuln_2_x86_O1,main,push_reg add_reg_imm mov_reg_mem mov_reg_imm mov_reg_reg call_fgets mov_reg_reg mov_reg_imm call_printf mov_reg_imm sub_reg_imm pop_reg ret,0
format_vuln_2_x86_O2,_start,xor_reg_reg mov_reg_reg pop_reg mov_reg_reg and_reg_imm push_reg push_reg xor_reg_reg xor_reg_reg mov_reg_imm call_indirect hlt,0
format_vuln_2_x86_O2,main,push_reg mov_reg_imm add_reg_imm mov_reg_mem mov_reg_reg call_fgets mov_reg_reg xor_reg_reg call_printf sub_reg_imm xor_reg_reg pop_reg ret,0
format_vuln_2_x86_O3,_start,xor_reg_reg mov_reg_reg pop_reg mov_reg_reg and_reg_imm push_reg push_reg xor_reg_reg xor_reg_reg mov_reg_imm call_indirect hlt,0
format_vuln_2_x86_O3,main,push_reg mov_reg_imm add_reg_imm mov_reg_mem mov_reg_reg call_fgets mov_reg_reg xor_reg_reg call_printf sub_reg_imm xor_reg_reg pop_reg ret,0
format_vuln_3_x86_O0,_start,xor_reg_reg mov_reg_reg pop_reg mov_reg_reg and_reg_imm push_reg push_reg xor_reg_reg xor_reg_reg mov_reg_imm call_indirect hlt,0
format_vuln_3_x86_O0,main,push_reg mov_reg_reg add_reg_imm mov_reg_mem lea_reg_mem mov_reg_imm mov_reg_reg call_fgets lea_reg_mem mov_reg_reg mov_reg_imm call_printf mov_reg_imm leave ret,0
format_vuln_3_x86_O1,_start,xor_reg_reg mov_reg_reg pop_reg mov_reg_reg and_reg_imm push_reg push_reg xor_reg_reg xor_reg_reg mov_reg_imm call_indirect hlt,0
format_vuln_3_x86_O1,main,push_reg add_reg_imm mov_reg_mem mov_reg_imm mov_reg_reg call_fgets mov_reg_reg mov_reg_imm call_printf mov_reg_imm sub_reg_imm pop_reg ret,0
format_vuln_3_x86_O2,_start,xor_reg_reg mov_reg_reg pop_reg mov_reg_reg and_reg_imm push_reg push_reg xor_reg_reg xor_reg_reg mov_reg_imm call_indirect hlt,0
format_vuln_3_x86_O2,main,push_reg mov_reg_imm add_reg_imm mov_reg_mem mov_reg_reg call_fgets mov_reg_reg xor_reg_reg call_printf sub_reg_imm xor_reg_reg pop_reg ret,0
format_vuln_3_x86_O3,_start,xor_reg_reg mov_reg_reg pop_reg mov_reg_reg and_reg_imm push_reg push_reg xor_reg_reg xor_reg_reg mov_reg_imm call_indirect hlt,0
format_vuln_3_x86_O3,main,push_reg mov_reg_imm add_reg_imm mov_reg_mem mov_reg_reg call_fgets mov_reg_reg xor_reg_reg call_printf sub_reg_imm xor_reg_reg pop_reg ret,0
format_vuln_4_x86_O0,_start,xor_reg_reg mov_reg_reg pop_reg mov_reg_reg and_reg_imm push_reg push_reg xor_reg_reg xor_reg_reg mov_reg_imm call_indirect hlt,0
format_vuln_4_x86_O0,main,push_reg mov_reg_reg add_reg_imm mov_reg_mem lea_reg_mem mov_reg_imm mov_reg_reg call_fgets lea_reg_mem mov_reg_reg mov_reg_imm call_printf mov_reg_imm leave ret,0
format_vuln_4_x86_O1,_start,xor_reg_reg mov_reg_reg pop_reg mov_reg_reg and_reg_imm push_reg push_reg xor_reg_reg xor_reg_reg mov_reg_imm call_indirect hlt,0
format_vuln_4_x86_O1,main,push_reg add_reg_imm mov_reg_mem mov_reg_imm mov_reg_reg call_fgets mov_reg_reg mov_reg_imm call_printf mov_reg_imm sub_reg_imm pop_reg ret,0
format_vuln_4_x86_O2,_start,xor_reg_reg mov_reg_reg pop_reg mov_reg_reg and_reg_imm push_reg push_reg xor_reg_reg xor_reg_reg mov_reg_imm call_indirect hlt,0
format_vuln_4_x86_O2,main,push_reg mov_reg_imm add_reg_imm mov_reg_mem mov_reg_reg call_fgets mov_reg_reg xor_reg_reg call_printf sub_reg_imm xor_reg_reg pop_reg ret,0
format_vuln_4_x86_O3,_start,xor_reg_reg mov_reg_reg pop_reg mov_reg_reg and_reg_imm push_reg push_reg xor_reg_reg xor_reg_reg mov_reg_imm call_indirect hlt,0
format_vuln_4_x86_O3,main,push_reg mov_reg_imm add_reg_imm mov_reg_mem mov_reg_reg call_fgets mov_reg_reg xor_reg_reg call_printf sub_reg_imm xor_reg_reg pop_reg ret,0
format_vuln_5_x86_O0,_start,xor_reg_reg mov_reg_reg pop_reg mov_reg_reg and_reg_imm push_reg push_reg xor_reg_reg xor_reg_reg mov_reg_imm call_indirect hlt,0
format_vuln_5_x86_O0,main,push_reg mov_reg_reg add_reg_imm mov_reg_mem lea_reg_mem mov_reg_imm mov_reg_reg call_fgets lea_reg_mem mov_reg_reg mov_reg_imm call_printf mov_reg_imm leave ret,0
format_vuln_5_x86_O1,_start,xor_reg_reg mov_reg_reg pop_reg mov_reg_reg and_reg_imm push_reg push_reg xor_reg_reg xor_reg_reg mov_reg_imm call_indirect hlt,0
format_vuln_5_x86_O1,main,push_reg add_reg_imm mov_reg_mem mov_reg_imm mov_reg_reg call_fgets mov_reg_reg mov_reg_imm call_printf mov_reg_imm sub_reg_imm pop_reg ret,0
format_vuln_5_x86_O2,_start,xor_reg_reg mov_reg_reg pop_reg mov_reg_reg and_reg_imm push_reg push_reg xor_reg_reg xor_reg_reg mov_reg_imm call_indirect hlt,0
format_vuln_5_x86_O2,main,push_reg mov_reg_imm add_reg_imm mov_reg_mem mov_reg_reg call_fgets mov_reg_reg xor_reg_reg call_printf sub_reg_imm xor_reg_reg pop_reg ret,0
format_vuln_5_x86_O3,_start,xor_reg_reg mov_reg_reg pop_reg mov_reg_reg and_reg_imm push_reg push_reg xor_reg_reg xor_reg_reg mov_reg_imm call_indirect hlt,0
format_vuln_5_x86_O3,main,push_reg mov_reg_imm add_reg_imm mov_reg_mem mov_reg_reg call_fgets mov_reg_reg xor_reg_reg call_printf sub_reg_imm xor_reg_reg pop_reg ret,0
format_vuln_6_x86_O0,_start,xor_reg_reg mov_reg_reg pop_reg mov_reg_reg and_reg_imm push_reg push_reg xor_reg_reg xor_reg_reg mov_reg_imm call_indirect hlt,0
format_vuln_6_x86_O0,main,push_reg mov_reg_reg add_reg_imm mov_reg_mem lea_reg_mem mov_reg_imm mov_reg_reg call_fgets lea_reg_mem mov_reg_reg mov_reg_imm call_printf mov_reg_imm leave ret,0
format_vuln_6_x86_O1,_start,xor_reg_reg mov_reg_reg pop_reg mov_reg_reg and_reg_imm push_reg push_reg xor_reg_reg xor_reg_reg mov_reg_imm call_indirect hlt,0
format_vuln_6_x86_O1,main,push_reg add_reg_imm mov_reg_mem mov_reg_imm mov_reg_reg call_fgets mov_reg_reg mov_reg_imm call_printf mov_reg_imm sub_reg_imm pop_reg ret,0
format_vuln_6_x86_O2,_start,xor_reg_reg mov_reg_reg pop_reg mov_reg_reg and_reg_imm push_reg push_reg xor_reg_reg xor_reg_reg mov_reg_imm call_indirect hlt,0
format_vuln_6_x86_O2,main,push_reg mov_reg_imm add_reg_imm mov_reg_mem mov_reg_reg call_fgets mov_reg_reg xor_reg_reg call_printf sub_reg_imm xor_reg_reg pop_reg ret,0
format_vuln_6_x86_O3,_start,xor_reg_reg mov_reg_reg pop_reg mov_reg_reg and_reg_imm push_reg push_reg xor_reg_reg xor_reg_reg mov_reg_imm call_indirect hlt,0
format_vuln_6_x86_O3,main,push_reg mov_reg_imm add_reg_imm mov_reg_mem mov_reg_reg call_fgets mov_reg_reg xor_reg_reg call_printf sub_reg_imm xor_reg_reg pop_reg ret,0
format_vuln_7_x86_O0,_start,xor_reg_reg mov_reg_reg pop_reg mov_reg_reg and_reg_imm push_reg push_reg xor_reg_reg xor_reg_reg mov_reg_imm call_indirect hlt,0
format_vuln_7_x86_O0,main,push_reg mov_reg_reg add_reg_imm mov_reg_mem lea_reg_mem mov_reg_imm mov_reg_reg call_fgets lea_reg_mem mov_reg_reg mov_reg_imm call_printf mov_reg_imm leave ret,0
format_vuln_7_x86_O1,_start,xor_reg_reg mov_reg_reg pop_reg mov_reg_reg and_reg_imm push_reg push_reg xor_reg_reg xor_reg_reg mov_reg_imm call_indirect hlt,0
format_vuln_7_x86_O1,main,push_reg add_reg_imm mov_reg_mem mov_reg_imm mov_reg_reg call_fgets mov_reg_reg mov_reg_imm call_printf mov_reg_imm sub_reg_imm pop_reg ret,0
format_vuln_7_x86_O2,_start,xor_reg_reg mov_reg_reg pop_reg mov_reg_reg and_reg_imm push_reg push_reg xor_reg_reg xor_reg_reg mov_reg_imm call_indirect hlt,0
format_vuln_7_x86_O2,main,push_reg mov_reg_imm add_reg_imm mov_reg_mem mov_reg_reg call_fgets mov_reg_reg xor_reg_reg call_printf sub_reg_imm xor_reg_reg pop_reg ret,0
format_vuln_7_x86_O3,_start,xor_reg_reg mov_reg_reg pop_reg mov_reg_reg and_reg_imm push_reg push_reg xor_reg_reg xor_reg_reg mov_reg_imm call_indirect hlt,0
format_vuln_7_x86_O3,main,push_reg mov_reg_imm add_reg_imm mov_reg_mem mov_reg_reg call_fgets mov_reg_reg xor_reg_reg call_printf sub_reg_imm xor_reg_reg pop_reg ret,0
format_vuln_8_x86_O0,_start,xor_reg_reg mov_reg_reg pop_reg mov_reg_reg and_reg_imm push_reg push_reg xor_reg_reg xor_reg_reg mov_reg_imm call_indirect hlt,0
format_vuln_8_x86_O0,main,push_reg mov_reg_reg add_reg_imm mov_reg_mem lea_reg_mem mov_reg_imm mov_reg_reg call_fgets lea_reg_mem mov_reg_reg mov_reg_imm call_printf mov_reg_imm leave ret,0
format_vuln_8_x86_O1,_start,xor_reg_reg mov_reg_reg pop_reg mov_reg_reg and_reg_imm push_reg push_reg xor_reg_reg xor_reg_reg mov_reg_imm call_indirect hlt,0
format_vuln_8_x86_O1,main,push_reg add_reg_imm mov_reg_mem mov_reg_imm mov_reg_reg call_fgets mov_reg_reg mov_reg_imm call_printf mov_reg_imm sub_reg_imm pop_reg ret,0
format_vuln_8_x86_O2,_start,xor_reg_reg mov_reg_reg pop_reg mov_reg_reg and_reg_imm push_reg push_reg xor_reg_reg xor_reg_reg mov_reg_imm call_indirect hlt,0
format_vuln_8_x86_O2,main,push_reg mov_reg_imm add_reg_imm mov_reg_mem mov_reg_reg call_fgets mov_reg_reg xor_reg_reg call_printf sub_reg_imm xor_reg_reg pop_reg ret,0
format_vuln_8_x86_O3,_start,xor_reg_reg mov_reg_reg pop_reg mov_reg_reg and_reg_imm push_reg push_reg xor_reg_reg xor_reg_reg mov_reg_imm call_indirect hlt,0
format_vuln_8_x86_O3,main,push_reg mov_reg_imm add_reg_imm mov_reg_mem mov_reg_reg call_fgets mov_reg_reg xor_reg_reg call_printf sub_reg_imm xor_reg_reg pop_reg ret,0
format_vuln_9_x86_O0,_start,xor_reg_reg mov_reg_reg pop_reg mov_reg_reg and_reg_imm push_reg push_reg xor_reg_reg xor_reg_reg mov_reg_imm call_indirect hlt,0
format_vuln_9_x86_O0,main,push_reg mov_reg_reg add_reg_imm mov_reg_mem lea_reg_mem mov_reg_imm mov_reg_reg call_fgets lea_reg_mem mov_reg_reg mov_reg_imm call_printf mov_reg_imm leave ret,0
format_vuln_9_x86_O1,_start,xor_reg_reg mov_reg_reg pop_reg mov_reg_reg and_reg_imm push_reg push_reg xor_reg_reg xor_reg_reg mov_reg_imm call_indirect hlt,0
format_vuln_9_x86_O1,main,push_reg add_reg_imm mov_reg_mem mov_reg_imm mov_reg_reg call_fgets mov_reg_reg mov_reg_imm call_printf mov_reg_imm sub_reg_imm pop_reg ret,0
format_vuln_9_x86_O2,_start,xor_reg_reg mov_reg_reg pop_reg mov_reg_reg and_reg_imm push_reg push_reg xor_reg_reg xor_reg_reg mov_reg_imm call_indirect hlt,0
format_vuln_9_x86_O2,main,push_reg mov_reg_imm add_reg_imm mov_reg_mem mov_reg_reg call_fgets mov_reg_reg xor_reg_reg call_printf sub_reg_imm xor_reg_reg pop_reg ret,0
format_vuln_9_x86_O3,_start,xor_reg_reg mov_reg_reg pop_reg mov_reg_reg and_reg_imm push_reg push_reg xor_reg_reg xor_reg_reg mov_reg_imm call_indirect hlt,0
format_vuln_9_x86_O3,main,push_reg mov_reg_imm add_reg_imm mov_reg_mem mov_reg_reg call_fgets mov_reg_reg xor_reg_reg call_printf sub_reg_imm xor_reg_reg pop_reg ret,0
heap_overflow_vuln_0_x86_O0,vuln,push_reg mov_reg_reg sub_reg_imm mov_mem_reg mov_reg_imm call_malloc mov_mem_reg mov_reg_mem mov_reg_mem mov_reg_reg mov_reg_reg call_strcpy mov_reg_mem mov_reg_reg call_free nop leave ret,1
heap_overflow_vuln_0_x86_O0,_start,xor_reg_reg mov_reg_reg pop_reg mov_reg_reg and_reg_imm push_reg push_reg xor_reg_reg xor_reg_reg mov_reg_imm call_indirect hlt,0
heap_overflow_vuln_0_x86_O0,main,push_reg mov_reg_reg sub_reg_imm mov_mem_reg mov_mem_reg cmp_mem_imm jle_imm mov_reg_mem add_reg_imm mov_reg_mem mov_reg_reg call_internal mov_reg_imm leave ret,0
heap_overflow_vuln_0_x86_O1,vuln,push_reg push_reg sub_reg_imm mov_reg_reg mov_reg_imm call_malloc mov_reg_reg mov_reg_reg mov_reg_reg call_strcpy mov_reg_reg call_free add_reg_imm pop_reg pop_reg ret,1
heap_overflow_vuln_0_x86_O1,_start,xor_reg_reg mov_reg_reg pop_reg mov_reg_reg and_reg_imm push_reg push_reg xor_reg_reg xor_reg_reg mov_reg_imm call_indirect hlt,0
heap_overflow_vuln_0_x86_O1,main,cmp_reg_imm jg_imm mov_reg_imm ret sub_reg_imm mov_reg_mem call_internal mov_reg_imm add_reg_imm ret,0
heap_overflow_vuln_0_x86_O2,vuln,push_reg mov_reg_reg mov_reg_imm call_malloc mov_reg_reg mov_reg_reg call_strcpy pop_reg mov_reg_reg jmp_imm,1
heap_overflow_vuln_0_x86_O2,_start,xor_reg_reg mov_reg_reg pop_reg mov_reg_reg and_reg_imm push_reg push_reg xor_reg_reg xor_reg_reg mov_reg_imm call_indirect hlt,0
heap_overflow_vuln_0_x86_O2,main,cmp_reg_imm jg_imm xor_reg_reg ret push_reg mov_reg_mem call_internal xor_reg_reg pop_reg ret,0
heap_overflow_vuln_0_x86_O3,vuln,push_reg mov_reg_reg mov_reg_imm call_malloc mov_reg_reg mov_reg_reg call_strcpy pop_reg mov_reg_reg jmp_imm,1
heap_overflow_vuln_0_x86_O3,_start,xor_reg_reg mov_reg_reg pop_reg mov_reg_reg and_reg_imm push_reg push_reg xor_reg_reg xor_reg_reg mov_reg_imm call_indirect hlt,0
heap_overflow_vuln_0_x86_O3,main,cmp_reg_imm jg_imm xor_reg_reg ret push_reg mov_reg_mem call_internal xor_reg_reg pop_reg ret,0
heap_overflow_vuln_1_x86_O0,vuln,push_reg mov_reg_reg sub_reg_imm mov_mem_reg mov_reg_imm call_malloc mov_mem_reg mov_reg_mem mov_reg_mem mov_reg_reg mov_reg_reg call_strcpy mov_reg_mem mov_reg_reg call_free nop leave ret,1
heap_overflow_vuln_1_x86_O0,_start,xor_reg_reg mov_reg_reg pop_reg mov_reg_reg and_reg_imm push_reg push_reg xor_reg_reg xor_reg_reg mov_reg_imm call_indirect hlt,0
heap_overflow_vuln_1_x86_O0,main,push_reg mov_reg_reg sub_reg_imm mov_mem_reg mov_mem_reg cmp_mem_imm jle_imm mov_reg_mem add_reg_imm mov_reg_mem mov_reg_reg call_internal mov_reg_imm leave ret,0
heap_overflow_vuln_1_x86_O1,vuln,push_reg push_reg sub_reg_imm mov_reg_reg mov_reg_imm call_malloc mov_reg_reg mov_reg_reg mov_reg_reg call_strcpy mov_reg_reg call_free add_reg_imm pop_reg pop_reg ret,1
heap_overflow_vuln_1_x86_O1,_start,xor_reg_reg mov_reg_reg pop_reg mov_reg_reg and_reg_imm push_reg push_reg xor_reg_reg xor_reg_reg mov_reg_imm call_indirect hlt,0
heap_overflow_vuln_1_x86_O1,main,cmp_reg_imm jg_imm mov_reg_imm ret sub_reg_imm mov_reg_mem call_internal mov_reg_imm add_reg_imm ret,0
heap_overflow_vuln_1_x86_O2,vuln,push_reg mov_reg_reg mov_reg_imm call_malloc mov_reg_reg mov_reg_reg call_strcpy pop_reg mov_reg_reg jmp_imm,1
heap_overflow_vuln_1_x86_O2,_start,xor_reg_reg mov_reg_reg pop_reg mov_reg_reg and_reg_imm push_reg push_reg xor_reg_reg xor_reg_reg mov_reg_imm call_indirect hlt,0
heap_overflow_vuln_1_x86_O2,main,cmp_reg_imm jg_imm xor_reg_reg ret push_reg mov_reg_mem call_internal xor_reg_reg pop_reg ret,0
heap_overflow_vuln_1_x86_O3,vuln,push_reg mov_reg_reg mov_reg_imm call_malloc mov_reg_reg mov_reg_reg call_strcpy pop_reg mov_reg_reg jmp_imm,1
heap_overflow_vuln_1_x86_O3,_start,xor_reg_reg mov_reg_reg pop_reg mov_reg_reg and_reg_imm push_reg push_reg xor_reg_reg xor_reg_reg mov_reg_imm call_indirect hlt,0
heap_overflow_vuln_1_x86_O3,main,cmp_reg_imm jg_imm xor_reg_reg ret push_reg mov_reg_mem call_internal xor_reg_reg pop_reg ret,0
heap_overflow_vuln_2_x86_O0,vuln,push_reg mov_reg_reg sub_reg_imm mov_mem_reg mov_reg_imm call_malloc mov_mem_reg mov_reg_mem mov_reg_mem mov_reg_reg mov_reg_reg call_strcpy mov_reg_mem mov_reg_reg call_free nop leave ret,1
heap_overflow_vuln_2_x86_O0,_start,xor_reg_reg mov_reg_reg pop_reg mov_reg_reg and_reg_imm push_reg push_reg xor_reg_reg xor_reg_reg mov_reg_imm call_indirect hlt,0
heap_overflow_vuln_2_x86_O0,main,push_reg mov_reg_reg sub_reg_imm mov_mem_reg mov_mem_reg cmp_mem_imm jle_imm mov_reg_mem add_reg_imm mov_reg_mem mov_reg_reg call_internal mov_reg_imm leave ret,0
heap_overflow_vuln_2_x86_O1,vuln,push_reg push_reg sub_reg_imm mov_reg_reg mov_reg_imm call_malloc mov_reg_reg mov_reg_reg mov_reg_reg call_strcpy mov_reg_reg call_free add_reg_imm pop_reg pop_reg ret,1
heap_overflow_vuln_2_x86_O1,_start,xor_reg_reg mov_reg_reg pop_reg mov_reg_reg and_reg_imm push_reg push_reg xor_reg_reg xor_reg_reg mov_reg_imm call_indirect hlt,0
heap_overflow_vuln_2_x86_O1,main,cmp_reg_imm jg_imm mov_reg_imm ret sub_reg_imm mov_reg_mem call_internal mov_reg_imm add_reg_imm ret,0
heap_overflow_vuln_2_x86_O2,vuln,push_reg mov_reg_reg mov_reg_imm call_malloc mov_reg_reg mov_reg_reg call_strcpy pop_reg mov_reg_reg jmp_imm,1
heap_overflow_vuln_2_x86_O2,_start,xor_reg_reg mov_reg_reg pop_reg mov_reg_reg and_reg_imm push_reg push_reg xor_reg_reg xor_reg_reg mov_reg_imm call_indirect hlt,0
heap_overflow_vuln_2_x86_O2,main,cmp_reg_imm jg_imm xor_reg_reg ret push_reg mov_reg_mem call_internal xor_reg_reg pop_reg ret,0
heap_overflow_vuln_2_x86_O3,vuln,push_reg mov_reg_reg mov_reg_imm call_malloc mov_reg_reg mov_reg_reg call_strcpy pop_reg mov_reg_reg jmp_imm,1
heap_overflow_vuln_2_x86_O3,_start,xor_reg_reg mov_reg_reg pop_reg mov_reg_reg and_reg_imm push_reg push_reg xor_reg_reg xor_reg_reg mov_reg_imm call_indirect hlt,0
heap_overflow_vuln_2_x86_O3,main,cmp_reg_imm jg_imm xor_reg_reg ret push_reg mov_reg_mem call_internal xor_reg_reg pop_reg ret,0
heap_overflow_vuln_3_x86_O0,vuln,push_reg mov_reg_reg sub_reg_imm mov_mem_reg mov_reg_imm call_malloc mov_mem_reg mov_reg_mem mov_reg_mem mov_reg_reg mov_reg_reg call_strcpy mov_reg_mem mov_reg_reg call_free nop leave ret,1
heap_overflow_vuln_3_x86_O0,_start,xor_reg_reg mov_reg_reg pop_reg mov_reg_reg and_reg_imm push_reg push_reg xor_reg_reg xor_reg_reg mov_reg_imm call_indirect hlt,0
heap_overflow_vuln_3_x86_O0,main,push_reg mov_reg_reg sub_reg_imm mov_mem_reg mov_mem_reg cmp_mem_imm jle_imm mov_reg_mem add_reg_imm mov_reg_mem mov_reg_reg call_internal mov_reg_imm leave ret,0
heap_overflow_vuln_3_x86_O1,vuln,push_reg push_reg sub_reg_imm mov_reg_reg mov_reg_imm call_malloc mov_reg_reg mov_reg_reg mov_reg_reg call_strcpy mov_reg_reg call_free add_reg_imm pop_reg pop_reg ret,1
heap_overflow_vuln_3_x86_O1,_start,xor_reg_reg mov_reg_reg pop_reg mov_reg_reg and_reg_imm push_reg push_reg xor_reg_reg xor_reg_reg mov_reg_imm call_indirect hlt,0
heap_overflow_vuln_3_x86_O1,main,cmp_reg_imm jg_imm mov_reg_imm ret sub_reg_imm mov_reg_mem call_internal mov_reg_imm add_reg_imm ret,0
heap_overflow_vuln_3_x86_O2,vuln,push_reg mov_reg_reg mov_reg_imm call_malloc mov_reg_reg mov_reg_reg call_strcpy pop_reg mov_reg_reg jmp_imm,1
heap_overflow_vuln_3_x86_O2,_start,xor_reg_reg mov_reg_reg pop_reg mov_reg_reg and_reg_imm push_reg push_reg xor_reg_reg xor_reg_reg mov_reg_imm call_indirect hlt,0
heap_overflow_vuln_3_x86_O2,main,cmp_reg_imm jg_imm xor_reg_reg ret push_reg mov_reg_mem call_internal xor_reg_reg pop_reg ret,0
heap_overflow_vuln_3_x86_O3,vuln,push_reg mov_reg_reg mov_reg_imm call_malloc mov_reg_reg mov_reg_reg call_strcpy pop_reg mov_reg_reg jmp_imm,1
heap_overflow_vuln_3_x86_O3,_start,xor_reg_reg mov_reg_reg pop_reg mov_reg_reg and_reg_imm push_reg push_reg xor_reg_reg xor_reg_reg mov_reg_imm call_indirect hlt,0
heap_overflow_vuln_3_x86_O3,main,cmp_reg_imm jg_imm xor_reg_reg ret push_reg mov_reg_mem call_internal xor_reg_reg pop_reg ret,0
heap_overflow_vuln_4_x86_O0,vuln,push_reg mov_reg_reg sub_reg_imm mov_mem_reg mov_reg_imm call_malloc mov_mem_reg mov_reg_mem mov_reg_mem mov_reg_reg mov_reg_reg call_strcpy mov_reg_mem mov_reg_reg call_free nop leave ret,1
heap_overflow_vuln_4_x86_O0,_start,xor_reg_reg mov_reg_reg pop_reg mov_reg_reg and_reg_imm push_reg push_reg xor_reg_reg xor_reg_reg mov_reg_imm call_indirect hlt,0
heap_overflow_vuln_4_x86_O0,main,push_reg mov_reg_reg sub_reg_imm mov_mem_reg mov_mem_reg cmp_mem_imm jle_imm mov_reg_mem add_reg_imm mov_reg_mem mov_reg_reg call_internal mov_reg_imm leave ret,0
heap_overflow_vuln_4_x86_O1,vuln,push_reg push_reg sub_reg_imm mov_reg_reg mov_reg_imm call_malloc mov_reg_reg mov_reg_reg mov_reg_reg call_strcpy mov_reg_reg call_free add_reg_imm pop_reg pop_reg ret,1
heap_overflow_vuln_4_x86_O1,_start,xor_reg_reg mov_reg_reg pop_reg mov_reg_reg and_reg_imm push_reg push_reg xor_reg_reg xor_reg_reg mov_reg_imm call_indirect hlt,0
heap_overflow_vuln_4_x86_O1,main,cmp_reg_imm jg_imm mov_reg_imm ret sub_reg_imm mov_reg_mem call_internal mov_reg_imm add_reg_imm ret,0
heap_overflow_vuln_4_x86_O2,vuln,push_reg mov_reg_reg mov_reg_imm call_malloc mov_reg_reg mov_reg_reg call_strcpy pop_reg mov_reg_reg jmp_imm,1
heap_overflow_vuln_4_x86_O2,_start,xor_reg_reg mov_reg_reg pop_reg mov_reg_reg and_reg_imm push_reg push_reg xor_reg_reg xor_reg_reg mov_reg_imm call_indirect hlt,0
heap_overflow_vuln_4_x86_O2,main,cmp_reg_imm jg_imm xor_reg_reg ret push_reg mov_reg_mem call_internal xor_reg_reg pop_reg ret,0
heap_overflow_vuln_4_x86_O3,vuln,push_reg mov_reg_reg mov_reg_imm call_malloc mov_reg_reg mov_reg_reg call_strcpy pop_reg mov_reg_reg jmp_imm,1
heap_overflow_vuln_4_x86_O3,_start,xor_reg_reg mov_reg_reg pop_reg mov_reg_reg and_reg_imm push_reg push_reg xor_reg_reg xor_reg_reg mov_reg_imm call_indirect hlt,0
heap_overflow_vuln_4_x86_O3,main,cmp_reg_imm jg_imm xor_reg_reg ret push_reg mov_reg_mem call_internal xor_reg_reg pop_reg ret,0
heap_overflow_vuln_5_x86_O0,vuln,push_reg mov_reg_reg sub_reg_imm mov_mem_reg mov_reg_imm call_malloc mov_mem_reg mov_reg_mem mov_reg_mem mov_reg_reg mov_reg_reg call_strcpy mov_reg_mem mov_reg_reg call_free nop leave ret,1
heap_overflow_vuln_5_x86_O0,_start,xor_reg_reg mov_reg_reg pop_reg mov_reg_reg and_reg_imm push_reg push_reg xor_reg_reg xor_reg_reg mov_reg_imm call_indirect hlt,0
heap_overflow_vuln_5_x86_O0,main,push_reg mov_reg_reg sub_reg_imm mov_mem_reg mov_mem_reg cmp_mem_imm jle_imm mov_reg_mem add_reg_imm mov_reg_mem mov_reg_reg call_internal mov_reg_imm leave ret,0
heap_overflow_vuln_5_x86_O1,vuln,push_reg push_reg sub_reg_imm mov_reg_reg mov_reg_imm call_malloc mov_reg_reg mov_reg_reg mov_reg_reg call_strcpy mov_reg_reg call_free add_reg_imm pop_reg pop_reg ret,1
heap_overflow_vuln_5_x86_O1,_start,xor_reg_reg mov_reg_reg pop_reg mov_reg_reg and_reg_imm push_reg push_reg xor_reg_reg xor_reg_reg mov_reg_imm call_indirect hlt,0
heap_overflow_vuln_5_x86_O1,main,cmp_reg_imm jg_imm mov_reg_imm ret sub_reg_imm mov_reg_mem call_internal mov_reg_imm add_reg_imm ret,0
heap_overflow_vuln_5_x86_O2,vuln,push_reg mov_reg_reg mov_reg_imm call_malloc mov_reg_reg mov_reg_reg call_strcpy pop_reg mov_reg_reg jmp_imm,1
heap_overflow_vuln_5_x86_O2,_start,xor_reg_reg mov_reg_reg pop_reg mov_reg_reg and_reg_imm push_reg push_reg xor_reg_reg xor_reg_reg mov_reg_imm call_indirect hlt,0
heap_overflow_vuln_5_x86_O2,main,cmp_reg_imm jg_imm xor_reg_reg ret push_reg mov_reg_mem call_internal xor_reg_reg pop_reg ret,0
heap_overflow_vuln_5_x86_O3,vuln,push_reg mov_reg_reg mov_reg_imm call_malloc mov_reg_reg mov_reg_reg call_strcpy pop_reg mov_reg_reg jmp_imm,1
heap_overflow_vuln_5_x86_O3,_start,xor_reg_reg mov_reg_reg pop_reg mov_reg_reg and_reg_imm push_reg push_reg xor_reg_reg xor_reg_reg mov_reg_imm call_indirect hlt,0
heap_overflow_vuln_5_x86_O3,main,cmp_reg_imm jg_imm xor_reg_reg ret push_reg mov_reg_mem call_internal xor_reg_reg pop_reg ret,0
heap_overflow_vuln_6_x86_O0,vuln,push_reg mov_reg_reg sub_reg_imm mov_mem_reg mov_reg_imm call_malloc mov_mem_reg mov_reg_mem mov_reg_mem mov_reg_reg mov_reg_reg call_strcpy mov_reg_mem mov_reg_reg call_free nop leave ret,1
heap_overflow_vuln_6_x86_O0,_start,xor_reg_reg mov_reg_reg pop_reg mov_reg_reg and_reg_imm push_reg push_reg xor_reg_reg xor_reg_reg mov_reg_imm call_indirect hlt,0
heap_overflow_vuln_6_x86_O0,main,push_reg mov_reg_reg sub_reg_imm mov_mem_reg mov_mem_reg cmp_mem_imm jle_imm mov_reg_mem add_reg_imm mov_reg_mem mov_reg_reg call_internal mov_reg_imm leave ret,0
heap_overflow_vuln_6_x86_O1,vuln,push_reg push_reg sub_reg_imm mov_reg_reg mov_reg_imm call_malloc mov_reg_reg mov_reg_reg mov_reg_reg call_strcpy mov_reg_reg call_free add_reg_imm pop_reg pop_reg ret,1
heap_overflow_vuln_6_x86_O1,_start,xor_reg_reg mov_reg_reg pop_reg mov_reg_reg and_reg_imm push_reg push_reg xor_reg_reg xor_reg_reg mov_reg_imm call_indirect hlt,0
heap_overflow_vuln_6_x86_O1,main,cmp_reg_imm jg_imm mov_reg_imm ret sub_reg_imm mov_reg_mem call_internal mov_reg_imm add_reg_imm ret,0
heap_overflow_vuln_6_x86_O2,vuln,push_reg mov_reg_reg mov_reg_imm call_malloc mov_reg_reg mov_reg_reg call_strcpy pop_reg mov_reg_reg jmp_imm,1
heap_overflow_vuln_6_x86_O2,_start,xor_reg_reg mov_reg_reg pop_reg mov_reg_reg and_reg_imm push_reg push_reg xor_reg_reg xor_reg_reg mov_reg_imm call_indirect hlt,0
heap_overflow_vuln_6_x86_O2,main,cmp_reg_imm jg_imm xor_reg_reg ret push_reg mov_reg_mem call_internal xor_reg_reg pop_reg ret,0
heap_overflow_vuln_6_x86_O3,vuln,push_reg mov_reg_reg mov_reg_imm call_malloc mov_reg_reg mov_reg_reg call_strcpy pop_reg mov_reg_reg jmp_imm,1
heap_overflow_vuln_6_x86_O3,_start,xor_reg_reg mov_reg_reg pop_reg mov_reg_reg and_reg_imm push_reg push_reg xor_reg_reg xor_reg_reg mov_reg_imm call_indirect hlt,0
heap_overflow_vuln_6_x86_O3,main,cmp_reg_imm jg_imm xor_reg_reg ret push_reg mov_reg_mem call_internal xor_reg_reg pop_reg ret,0
heap_overflow_vuln_7_x86_O0,vuln,push_reg mov_reg_reg sub_reg_imm mov_mem_reg mov_reg_imm call_malloc mov_mem_reg mov_reg_mem mov_reg_mem mov_reg_reg mov_reg_reg call_strcpy mov_reg_mem mov_reg_reg call_free nop leave ret,1
heap_overflow_vuln_7_x86_O0,_start,xor_reg_reg mov_reg_reg pop_reg mov_reg_reg and_reg_imm push_reg push_reg xor_reg_reg xor_reg_reg mov_reg_imm call_indirect hlt,0
heap_overflow_vuln_7_x86_O0,main,push_reg mov_reg_reg sub_reg_imm mov_mem_reg mov_mem_reg cmp_mem_imm jle_imm mov_reg_mem add_reg_imm mov_reg_mem mov_reg_reg call_internal mov_reg_imm leave ret,0
heap_overflow_vuln_7_x86_O1,vuln,push_reg push_reg sub_reg_imm mov_reg_reg mov_reg_imm call_malloc mov_reg_reg mov_reg_reg mov_reg_reg call_strcpy mov_reg_reg call_free add_reg_imm pop_reg pop_reg ret,1
heap_overflow_vuln_7_x86_O1,_start,xor_reg_reg mov_reg_reg pop_reg mov_reg_reg and_reg_imm push_reg push_reg xor_reg_reg xor_reg_reg mov_reg_imm call_indirect hlt,0
heap_overflow_vuln_7_x86_O1,main,cmp_reg_imm jg_imm mov_reg_imm ret sub_reg_imm mov_reg_mem call_internal mov_reg_imm add_reg_imm ret,0
heap_overflow_vuln_7_x86_O2,vuln,push_reg mov_reg_reg mov_reg_imm call_malloc mov_reg_reg mov_reg_reg call_strcpy pop_reg mov_reg_reg jmp_imm,1
heap_overflow_vuln_7_x86_O2,_start,xor_reg_reg mov_reg_reg pop_reg mov_reg_reg and_reg_imm push_reg push_reg xor_reg_reg xor_reg_reg mov_reg_imm call_indirect hlt,0
heap_overflow_vuln_7_x86_O2,main,cmp_reg_imm jg_imm xor_reg_reg ret push_reg mov_reg_mem call_internal xor_reg_reg pop_reg ret,0
heap_overflow_vuln_7_x86_O3,vuln,push_reg mov_reg_reg mov_reg_imm call_malloc mov_reg_reg mov_reg_reg call_strcpy pop_reg mov_reg_reg jmp_imm,1
heap_overflow_vuln_7_x86_O3,_start,xor_reg_reg mov_reg_reg pop_reg mov_reg_reg and_reg_imm push_reg push_reg xor_reg_reg xor_reg_reg mov_reg_imm call_indirect hlt,0
heap_overflow_vuln_7_x86_O3,main,cmp_reg_imm jg_imm xor_reg_reg ret push_reg mov_reg_mem call_internal xor_reg_reg pop_reg ret,0
heap_overflow_vuln_8_x86_O0,vuln,push_reg mov_reg_reg sub_reg_imm mov_mem_reg mov_reg_imm call_malloc mov_mem_reg mov_reg_mem mov_reg_mem mov_reg_reg mov_reg_reg call_strcpy mov_reg_mem mov_reg_reg call_free nop leave ret,1
heap_overflow_vuln_8_x86_O0,_start,xor_reg_reg mov_reg_reg pop_reg mov_reg_reg and_reg_imm push_reg push_reg xor_reg_reg xor_reg_reg mov_reg_imm call_indirect hlt,0
heap_overflow_vuln_8_x86_O0,main,push_reg mov_reg_reg sub_reg_imm mov_mem_reg mov_mem_reg cmp_mem_imm jle_imm mov_reg_mem add_reg_imm mov_reg_mem mov_reg_reg call_internal mov_reg_imm leave ret,0
heap_overflow_vuln_8_x86_O1,vuln,push_reg push_reg sub_reg_imm mov_reg_reg mov_reg_imm call_malloc mov_reg_reg mov_reg_reg mov_reg_reg call_strcpy mov_reg_reg call_free add_reg_imm pop_reg pop_reg ret,1
heap_overflow_vuln_8_x86_O1,_start,xor_reg_reg mov_reg_reg pop_reg mov_reg_reg and_reg_imm push_reg push_reg xor_reg_reg xor_reg_reg mov_reg_imm call_indirect hlt,0
heap_overflow_vuln_8_x86_O1,main,cmp_reg_imm jg_imm mov_reg_imm ret sub_reg_imm mov_reg_mem call_internal mov_reg_imm add_reg_imm ret,0
heap_overflow_vuln_8_x86_O2,vuln,push_reg mov_reg_reg mov_reg_imm call_malloc mov_reg_reg mov_reg_reg call_strcpy pop_reg mov_reg_reg jmp_imm,1
heap_overflow_vuln_8_x86_O2,_start,xor_reg_reg mov_reg_reg pop_reg mov_reg_reg and_reg_imm push_reg push_reg xor_reg_reg xor_reg_reg mov_reg_imm call_indirect hlt,0
heap_overflow_vuln_8_x86_O2,main,cmp_reg_imm jg_imm xor_reg_reg ret push_reg mov_reg_mem call_internal xor_reg_reg pop_reg ret,0
heap_overflow_vuln_8_x86_O3,vuln,push_reg mov_reg_reg mov_reg_imm call_malloc mov_reg_reg mov_reg_reg call_strcpy pop_reg mov_reg_reg jmp_imm,1
heap_overflow_vuln_8_x86_O3,_start,xor_reg_reg mov_reg_reg pop_reg mov_reg_reg and_reg_imm push_reg push_reg xor_reg_reg xor_reg_reg mov_reg_imm call_indirect hlt,0
heap_overflow_vuln_8_x86_O3,main,cmp_reg_imm jg_imm xor_reg_reg ret push_reg mov_reg_mem call_internal xor_reg_reg pop_reg ret,0
heap_overflow_vuln_9_x86_O0,vuln,push_reg mov_reg_reg sub_reg_imm mov_mem_reg mov_reg_imm call_malloc mov_mem_reg mov_reg_mem mov_reg_mem mov_reg_reg mov_reg_reg call_strcpy mov_reg_mem mov_reg_reg call_free nop leave ret,1
heap_overflow_vuln_9_x86_O0,_start,xor_reg_reg mov_reg_reg pop_reg mov_reg_reg and_reg_imm push_reg push_reg xor_reg_reg xor_reg_reg mov_reg_imm call_indirect hlt,0
heap_overflow_vuln_9_x86_O0,main,push_reg mov_reg_reg sub_reg_imm mov_mem_reg mov_mem_reg cmp_mem_imm jle_imm mov_reg_mem add_reg_imm mov_reg_mem mov_reg_reg call_internal mov_reg_imm leave ret,0
heap_overflow_vuln_9_x86_O1,vuln,push_reg push_reg sub_reg_imm mov_reg_reg mov_reg_imm call_malloc mov_reg_reg mov_reg_reg mov_reg_reg call_strcpy mov_reg_reg call_free add_reg_imm pop_reg pop_reg ret,1
heap_overflow_vuln_9_x86_O1,_start,xor_reg_reg mov_reg_reg pop_reg mov_reg_reg and_reg_imm push_reg push_reg xor_reg_reg xor_reg_reg mov_reg_imm call_indirect hlt,0
heap_overflow_vuln_9_x86_O1,main,cmp_reg_imm jg_imm mov_reg_imm ret sub_reg_imm mov_reg_mem call_internal mov_reg_imm add_reg_imm ret,0
heap_overflow_vuln_9_x86_O2,vuln,push_reg mov_reg_reg mov_reg_imm call_malloc mov_reg_reg mov_reg_reg call_strcpy pop_reg mov_reg_reg jmp_imm,1
heap_overflow_vuln_9_x86_O2,_start,xor_reg_reg mov_reg_reg pop_reg mov_reg_reg and_reg_imm push_reg push_reg xor_reg_reg xor_reg_reg mov_reg_imm call_indirect hlt,0
heap_overflow_vuln_9_x86_O2,main,cmp_reg_imm jg_imm xor_reg_reg ret push_reg mov_reg_mem call_internal xor_reg_reg pop_reg ret,0
heap_overflow_vuln_9_x86_O3,vuln,push_reg mov_reg_reg mov_reg_imm call_malloc mov_reg_reg mov_reg_reg call_strcpy pop_reg mov_reg_reg jmp_imm,1
heap_overflow_vuln_9_x86_O3,_start,xor_reg_reg mov_reg_reg pop_reg mov_reg_reg and_reg_imm push_reg push_reg xor_reg_reg xor_reg_reg mov_reg_imm call_indirect hlt,0
heap_overflow_vuln_9_x86_O3,main,cmp_reg_imm jg_imm xor_reg_reg ret push_reg mov_reg_mem call_internal xor_reg_reg pop_reg ret,0
heap_safe_0_x86_O0,safe,push_reg mov_reg_reg sub_reg_imm mov_mem_reg mov_reg_imm call_malloc mov_mem_reg mov_reg_mem mov_reg_mem mov_reg_imm mov_reg_reg mov_reg_reg call_strncpy mov_reg_mem add_reg_imm mov_mem_imm mov_reg_mem mov_reg_reg call_free nop leave ret,0
heap_safe_0_x86_O0,_start,xor_reg_reg mov_reg_reg pop_reg mov_reg_reg and_reg_imm push_reg push_reg xor_reg_reg xor_reg_reg mov_reg_imm call_indirect hlt,0
heap_safe_0_x86_O0,main,push_reg mov_reg_reg sub_reg_imm mov_mem_reg mov_mem_reg cmp_mem_imm jle_imm mov_reg_mem add_reg_imm mov_reg_mem mov_reg_reg call_internal mov_reg_imm leave ret,0
heap_safe_0_x86_O1,_start,xor_reg_reg mov_reg_reg pop_reg mov_reg_reg and_reg_imm push_reg push_reg xor_reg_reg xor_reg_reg mov_reg_imm call_indirect hlt,0
heap_safe_0_x86_O1,main,mov_reg_imm ret,0
heap_safe_0_x86_O2,_start,xor_reg_reg mov_reg_reg pop_reg mov_reg_reg and_reg_imm push_reg push_reg xor_reg_reg xor_reg_reg mov_reg_imm call_indirect hlt,0
heap_safe_0_x86_O3,_start,xor_reg_reg mov_reg_reg pop_reg mov_reg_reg and_reg_imm push_reg push_reg xor_reg_reg xor_reg_reg mov_reg_imm call_indirect hlt,0
heap_safe_1_x86_O0,safe,push_reg mov_reg_reg sub_reg_imm mov_mem_reg mov_reg_imm call_malloc mov_mem_reg mov_reg_mem mov_reg_mem mov_reg_imm mov_reg_reg mov_reg_reg call_strncpy mov_reg_mem add_reg_imm mov_mem_imm mov_reg_mem mov_reg_reg call_free nop leave ret,0
heap_safe_1_x86_O0,_start,xor_reg_reg mov_reg_reg pop_reg mov_reg_reg and_reg_imm push_reg push_reg xor_reg_reg xor_reg_reg mov_reg_imm call_indirect hlt,0
heap_safe_1_x86_O0,main,push_reg mov_reg_reg sub_reg_imm mov_mem_reg mov_mem_reg cmp_mem_imm jle_imm mov_reg_mem add_reg_imm mov_reg_mem mov_reg_reg call_internal mov_reg_imm leave ret,0
heap_safe_1_x86_O1,_start,xor_reg_reg mov_reg_reg pop_reg mov_reg_reg and_reg_imm push_reg push_reg xor_reg_reg xor_reg_reg mov_reg_imm call_indirect hlt,0
heap_safe_1_x86_O1,main,mov_reg_imm ret,0
heap_safe_1_x86_O2,_start,xor_reg_reg mov_reg_reg pop_reg mov_reg_reg and_reg_imm push_reg push_reg xor_reg_reg xor_reg_reg mov_reg_imm call_indirect hlt,0
heap_safe_1_x86_O3,_start,xor_reg_reg mov_reg_reg pop_reg mov_reg_reg and_reg_imm push_reg push_reg xor_reg_reg xor_reg_reg mov_reg_imm call_indirect hlt,0
heap_safe_2_x86_O0,safe,push_reg mov_reg_reg sub_reg_imm mov_mem_reg mov_reg_imm call_malloc mov_mem_reg mov_reg_mem mov_reg_mem mov_reg_imm mov_reg_reg mov_reg_reg call_strncpy mov_reg_mem add_reg_imm mov_mem_imm mov_reg_mem mov_reg_reg call_free nop leave ret,0
heap_safe_2_x86_O0,_start,xor_reg_reg mov_reg_reg pop_reg mov_reg_reg and_reg_imm push_reg push_reg xor_reg_reg xor_reg_reg mov_reg_imm call_indirect hlt,0
heap_safe_2_x86_O0,main,push_reg mov_reg_reg sub_reg_imm mov_mem_reg mov_mem_reg cmp_mem_imm jle_imm mov_reg_mem add_reg_imm mov_reg_mem mov_reg_reg call_internal mov_reg_imm leave ret,0
heap_safe_2_x86_O1,_start,xor_reg_reg mov_reg_reg pop_reg mov_reg_reg and_reg_imm push_reg push_reg xor_reg_reg xor_reg_reg mov_reg_imm call_indirect hlt,0
heap_safe_2_x86_O1,main,mov_reg_imm ret,0
heap_safe_2_x86_O2,_start,xor_reg_reg mov_reg_reg pop_reg mov_reg_reg and_reg_imm push_reg push_reg xor_reg_reg xor_reg_reg mov_reg_imm call_indirect hlt,0
heap_safe_2_x86_O3,_start,xor_reg_reg mov_reg_reg pop_reg mov_reg_reg and_reg_imm push_reg push_reg xor_reg_reg xor_reg_reg mov_reg_imm call_indirect hlt,0
heap_safe_3_x86_O0,safe,push_reg mov_reg_reg sub_reg_imm mov_mem_reg mov_reg_imm call_malloc mov_mem_reg mov_reg_mem mov_reg_mem mov_reg_imm mov_reg_reg mov_reg_reg call_strncpy mov_reg_mem add_reg_imm mov_mem_imm mov_reg_mem mov_reg_reg call_free nop leave ret,0
heap_safe_3_x86_O0,_start,xor_reg_reg mov_reg_reg pop_reg mov_reg_reg and_reg_imm push_reg push_reg xor_reg_reg xor_reg_reg mov_reg_imm call_indirect hlt,0
heap_safe_3_x86_O0,main,push_reg mov_reg_reg sub_reg_imm mov_mem_reg mov_mem_reg cmp_mem_imm jle_imm mov_reg_mem add_reg_imm mov_reg_mem mov_reg_reg call_internal mov_reg_imm leave ret,0
heap_safe_3_x86_O1,_start,xor_reg_reg mov_reg_reg pop_reg mov_reg_reg and_reg_imm push_reg push_reg xor_reg_reg xor_reg_reg mov_reg_imm call_indirect hlt,0
heap_safe_3_x86_O1,main,mov_reg_imm ret,0
heap_safe_3_x86_O2,_start,xor_reg_reg mov_reg_reg pop_reg mov_reg_reg and_reg_imm push_reg push_reg xor_reg_reg xor_reg_reg mov_reg_imm call_indirect hlt,0
heap_safe_3_x86_O3,_start,xor_reg_reg mov_reg_reg pop_reg mov_reg_reg and_reg_imm push_reg push_reg xor_reg_reg xor_reg_reg mov_reg_imm call_indirect hlt,0
heap_safe_4_x86_O0,safe,push_reg mov_reg_reg sub_reg_imm mov_mem_reg mov_reg_imm call_malloc mov_mem_reg mov_reg_mem mov_reg_mem mov_reg_imm mov_reg_reg mov_reg_reg call_strncpy mov_reg_mem add_reg_imm mov_mem_imm mov_reg_mem mov_reg_reg call_free nop leave ret,0
heap_safe_4_x86_O0,_start,xor_reg_reg mov_reg_reg pop_reg mov_reg_reg and_reg_imm push_reg push_reg xor_reg_reg xor_reg_reg mov_reg_imm call_indirect hlt,0
heap_safe_4_x86_O0,main,push_reg mov_reg_reg sub_reg_imm mov_mem_reg mov_mem_reg cmp_mem_imm jle_imm mov_reg_mem add_reg_imm mov_reg_mem mov_reg_reg call_internal mov_reg_imm leave ret,0
heap_safe_4_x86_O1,_start,xor_reg_reg mov_reg_reg pop_reg mov_reg_reg and_reg_imm push_reg push_reg xor_reg_reg xor_reg_reg mov_reg_imm call_indirect hlt,0
heap_safe_4_x86_O1,main,mov_reg_imm ret,0
heap_safe_4_x86_O2,_start,xor_reg_reg mov_reg_reg pop_reg mov_reg_reg and_reg_imm push_reg push_reg xor_reg_reg xor_reg_reg mov_reg_imm call_indirect hlt,0
heap_safe_4_x86_O3,_start,xor_reg_reg mov_reg_reg pop_reg mov_reg_reg and_reg_imm push_reg push_reg xor_reg_reg xor_reg_reg mov_reg_imm call_indirect hlt,0
heap_safe_5_x86_O0,safe,push_reg mov_reg_reg sub_reg_imm mov_mem_reg mov_reg_imm call_malloc mov_mem_reg mov_reg_mem mov_reg_mem mov_reg_imm mov_reg_reg mov_reg_reg call_strncpy mov_reg_mem add_reg_imm mov_mem_imm mov_reg_mem mov_reg_reg call_free nop leave ret,0
heap_safe_5_x86_O0,_start,xor_reg_reg mov_reg_reg pop_reg mov_reg_reg and_reg_imm push_reg push_reg xor_reg_reg xor_reg_reg mov_reg_imm call_indirect hlt,0
heap_safe_5_x86_O0,main,push_reg mov_reg_reg sub_reg_imm mov_mem_reg mov_mem_reg cmp_mem_imm jle_imm mov_reg_mem add_reg_imm mov_reg_mem mov_reg_reg call_internal mov_reg_imm leave ret,0
heap_safe_5_x86_O1,_start,xor_reg_reg mov_reg_reg pop_reg mov_reg_reg and_reg_imm push_reg push_reg xor_reg_reg xor_reg_reg mov_reg_imm call_indirect hlt,0
heap_safe_5_x86_O1,main,mov_reg_imm ret,0
heap_safe_5_x86_O2,_start,xor_reg_reg mov_reg_reg pop_reg mov_reg_reg and_reg_imm push_reg push_reg xor_reg_reg xor_reg_reg mov_reg_imm call_indirect hlt,0
heap_safe_5_x86_O3,_start,xor_reg_reg mov_reg_reg pop_reg mov_reg_reg and_reg_imm push_reg push_reg xor_reg_reg xor_reg_reg mov_reg_imm call_indirect hlt,0
heap_safe_6_x86_O0,safe,push_reg mov_reg_reg sub_reg_imm mov_mem_reg mov_reg_imm call_malloc mov_mem_reg mov_reg_mem mov_reg_mem mov_reg_imm mov_reg_reg mov_reg_reg call_strncpy mov_reg_mem add_reg_imm mov_mem_imm mov_reg_mem mov_reg_reg call_free nop leave ret,0
heap_safe_6_x86_O0,_start,xor_reg_reg mov_reg_reg pop_reg mov_reg_reg and_reg_imm push_reg push_reg xor_reg_reg xor_reg_reg mov_reg_imm call_indirect hlt,0
heap_safe_6_x86_O0,main,push_reg mov_reg_reg sub_reg_imm mov_mem_reg mov_mem_reg cmp_mem_imm jle_imm mov_reg_mem add_reg_imm mov_reg_mem mov_reg_reg call_internal mov_reg_imm leave ret,0
heap_safe_6_x86_O1,_start,xor_reg_reg mov_reg_reg pop_reg mov_reg_reg and_reg_imm push_reg push_reg xor_reg_reg xor_reg_reg mov_reg_imm call_indirect hlt,0
heap_safe_6_x86_O1,main,mov_reg_imm ret,0
heap_safe_6_x86_O2,_start,xor_reg_reg mov_reg_reg pop_reg mov_reg_reg and_reg_imm push_reg push_reg xor_reg_reg xor_reg_reg mov_reg_imm call_indirect hlt,0
heap_safe_6_x86_O3,_start,xor_reg_reg mov_reg_reg pop_reg mov_reg_reg and_reg_imm push_reg push_reg xor_reg_reg xor_reg_reg mov_reg_imm call_indirect hlt,0
heap_safe_7_x86_O0,safe,push_reg mov_reg_reg sub_reg_imm mov_mem_reg mov_reg_imm call_malloc mov_mem_reg mov_reg_mem mov_reg_mem mov_reg_imm mov_reg_reg mov_reg_reg call_strncpy mov_reg_mem add_reg_imm mov_mem_imm mov_reg_mem mov_reg_reg call_free nop leave ret,0
heap_safe_7_x86_O0,_start,xor_reg_reg mov_reg_reg pop_reg mov_reg_reg and_reg_imm push_reg push_reg xor_reg_reg xor_reg_reg mov_reg_imm call_indirect hlt,0
heap_safe_7_x86_O0,main,push_reg mov_reg_reg sub_reg_imm mov_mem_reg mov_mem_reg cmp_mem_imm jle_imm mov_reg_mem add_reg_imm mov_reg_mem mov_reg_reg call_internal mov_reg_imm leave ret,0
heap_safe_7_x86_O1,_start,xor_reg_reg mov_reg_reg pop_reg mov_reg_reg and_reg_imm push_reg push_reg xor_reg_reg xor_reg_reg mov_reg_imm call_indirect hlt,0
heap_safe_7_x86_O1,main,mov_reg_imm ret,0
heap_safe_7_x86_O2,_start,xor_reg_reg mov_reg_reg pop_reg mov_reg_reg and_reg_imm push_reg push_reg xor_reg_reg xor_reg_reg mov_reg_imm call_indirect hlt,0
heap_safe_7_x86_O3,_start,xor_reg_reg mov_reg_reg pop_reg mov_reg_reg and_reg_imm push_reg push_reg xor_reg_reg xor_reg_reg mov_reg_imm call_indirect hlt,0
heap_safe_8_x86_O0,safe,push_reg mov_reg_reg sub_reg_imm mov_mem_reg mov_reg_imm call_malloc mov_mem_reg mov_reg_mem mov_reg_mem mov_reg_imm mov_reg_reg mov_reg_reg call_strncpy mov_reg_mem add_reg_imm mov_mem_imm mov_reg_mem mov_reg_reg call_free nop leave ret,0
heap_safe_8_x86_O0,_start,xor_reg_reg mov_reg_reg pop_reg mov_reg_reg and_reg_imm push_reg push_reg xor_reg_reg xor_reg_reg mov_reg_imm call_indirect hlt,0
heap_safe_8_x86_O0,main,push_reg mov_reg_reg sub_reg_imm mov_mem_reg mov_mem_reg cmp_mem_imm jle_imm mov_reg_mem add_reg_imm mov_reg_mem mov_reg_reg call_internal mov_reg_imm leave ret,0
heap_safe_8_x86_O1,_start,xor_reg_reg mov_reg_reg pop_reg mov_reg_reg and_reg_imm push_reg push_reg xor_reg_reg xor_reg_reg mov_reg_imm call_indirect hlt,0
heap_safe_8_x86_O1,main,mov_reg_imm ret,0
heap_safe_8_x86_O2,_start,xor_reg_reg mov_reg_reg pop_reg mov_reg_reg and_reg_imm push_reg push_reg xor_reg_reg xor_reg_reg mov_reg_imm call_indirect hlt,0
heap_safe_8_x86_O3,_start,xor_reg_reg mov_reg_reg pop_reg mov_reg_reg and_reg_imm push_reg push_reg xor_reg_reg xor_reg_reg mov_reg_imm call_indirect hlt,0
heap_safe_9_x86_O0,safe,push_reg mov_reg_reg sub_reg_imm mov_mem_reg mov_reg_imm call_malloc mov_mem_reg mov_reg_mem mov_reg_mem mov_reg_imm mov_reg_reg mov_reg_reg call_strncpy mov_reg_mem add_reg_imm mov_mem_imm mov_reg_mem mov_reg_reg call_free nop leave ret,0
heap_safe_9_x86_O0,_start,xor_reg_reg mov_reg_reg pop_reg mov_reg_reg and_reg_imm push_reg push_reg xor_reg_reg xor_reg_reg mov_reg_imm call_indirect hlt,0
heap_safe_9_x86_O0,main,push_reg mov_reg_reg sub_reg_imm mov_mem_reg mov_mem_reg cmp_mem_imm jle_imm mov_reg_mem add_reg_imm mov_reg_mem mov_reg_reg call_internal mov_reg_imm leave ret,0
heap_safe_9_x86_O1,_start,xor_reg_reg mov_reg_reg pop_reg mov_reg_reg and_reg_imm push_reg push_reg xor_reg_reg xor_reg_reg mov_reg_imm call_indirect hlt,0
heap_safe_9_x86_O1,main,mov_reg_imm ret,0
heap_safe_9_x86_O2,_start,xor_reg_reg mov_reg_reg pop_reg mov_reg_reg and_reg_imm push_reg push_reg xor_reg_reg xor_reg_reg mov_reg_imm call_indirect hlt,0
heap_safe_9_x86_O3,_start,xor_reg_reg mov_reg_reg pop_reg mov_reg_reg and_reg_imm push_reg push_reg xor_reg_reg xor_reg_reg mov_reg_imm call_indirect hlt,0
inline_asm_safe_0_x86_O0,asm_noise,push_reg mov_reg_reg mov_reg_imm add_reg_imm nop pop_reg ret,0
inline_asm_safe_0_x86_O0,safe,push_reg mov_reg_reg sub_reg_imm mov_mem_reg call_internal mov_reg_mem lea_reg_mem mov_reg_imm mov_reg_reg mov_reg_reg call_strncpy mov_mem_imm nop leave ret,0
inline_asm_safe_0_x86_O0,_start,xor_reg_reg mov_reg_reg pop_reg mov_reg_reg and_reg_imm push_reg push_reg xor_reg_reg xor_reg_reg mov_reg_imm call_indirect hlt,0
inline_asm_safe_0_x86_O0,main,push_reg mov_reg_reg sub_reg_imm mov_mem_reg mov_mem_reg cmp_mem_imm jle_imm mov_reg_mem add_reg_imm mov_reg_mem mov_reg_reg call_internal mov_reg_imm leave ret,0
inline_asm_safe_0_x86_O1,asm_noise,mov_reg_imm add_reg_imm ret,0
inline_asm_safe_0_x86_O1,safe,call_internal ret,0
inline_asm_safe_0_x86_O1,_start,xor_reg_reg mov_reg_reg pop_reg mov_reg_reg and_reg_imm push_reg push_reg xor_reg_reg xor_reg_reg mov_reg_imm call_indirect hlt,0
inline_asm_safe_0_x86_O1,main,cmp_reg_imm jg_imm mov_reg_imm ret call_internal jmp_imm,0
inline_asm_safe_0_x86_O2,asm_noise,mov_reg_imm add_reg_imm ret,0
inline_asm_safe_0_x86_O2,safe,mov_reg_imm add_reg_imm ret,0
inline_asm_safe_0_x86_O2,_start,xor_reg_reg mov_reg_reg pop_reg mov_reg_reg and_reg_imm push_reg push_reg xor_reg_reg xor_reg_reg mov_reg_imm call_indirect hlt,0
inline_asm_safe_0_x86_O2,main,cmp_reg_imm jle_imm mov_reg_imm add_reg_imm xor_reg_reg ret,0
inline_asm_safe_0_x86_O3,asm_noise,mov_reg_imm add_reg_imm ret,0
inline_asm_safe_0_x86_O3,safe,mov_reg_imm add_reg_imm ret,0
inline_asm_safe_0_x86_O3,_start,xor_reg_reg mov_reg_reg pop_reg mov_reg_reg and_reg_imm push_reg push_reg xor_reg_reg xor_reg_reg mov_reg_imm call_indirect hlt,0
inline_asm_safe_0_x86_O3,main,cmp_reg_imm jle_imm mov_reg_imm add_reg_imm xor_reg_reg ret,0
inline_asm_safe_1_x86_O0,asm_noise,push_reg mov_reg_reg mov_reg_imm add_reg_imm nop pop_reg ret,0
inline_asm_safe_1_x86_O0,safe,push_reg mov_reg_reg sub_reg_imm mov_mem_reg call_internal mov_reg_mem lea_reg_mem mov_reg_imm mov_reg_reg mov_reg_reg call_strncpy mov_mem_imm nop leave ret,0
inline_asm_safe_1_x86_O0,_start,xor_reg_reg mov_reg_reg pop_reg mov_reg_reg and_reg_imm push_reg push_reg xor_reg_reg xor_reg_reg mov_reg_imm call_indirect hlt,0
inline_asm_safe_1_x86_O0,main,push_reg mov_reg_reg sub_reg_imm mov_mem_reg mov_mem_reg cmp_mem_imm jle_imm mov_reg_mem add_reg_imm mov_reg_mem mov_reg_reg call_internal mov_reg_imm leave ret,0
inline_asm_safe_1_x86_O1,asm_noise,mov_reg_imm add_reg_imm ret,0
inline_asm_safe_1_x86_O1,safe,call_internal ret,0
inline_asm_safe_1_x86_O1,_start,xor_reg_reg mov_reg_reg pop_reg mov_reg_reg and_reg_imm push_reg push_reg xor_reg_reg xor_reg_reg mov_reg_imm call_indirect hlt,0
inline_asm_safe_1_x86_O1,main,cmp_reg_imm jg_imm mov_reg_imm ret call_internal jmp_imm,0
inline_asm_safe_1_x86_O2,asm_noise,mov_reg_imm add_reg_imm ret,0
inline_asm_safe_1_x86_O2,safe,mov_reg_imm add_reg_imm ret,0
inline_asm_safe_1_x86_O2,_start,xor_reg_reg mov_reg_reg pop_reg mov_reg_reg and_reg_imm push_reg push_reg xor_reg_reg xor_reg_reg mov_reg_imm call_indirect hlt,0
inline_asm_safe_1_x86_O2,main,cmp_reg_imm jle_imm mov_reg_imm add_reg_imm xor_reg_reg ret,0
inline_asm_safe_1_x86_O3,asm_noise,mov_reg_imm add_reg_imm ret,0
inline_asm_safe_1_x86_O3,safe,mov_reg_imm add_reg_imm ret,0
inline_asm_safe_1_x86_O3,_start,xor_reg_reg mov_reg_reg pop_reg mov_reg_reg and_reg_imm push_reg push_reg xor_reg_reg xor_reg_reg mov_reg_imm call_indirect hlt,0
inline_asm_safe_1_x86_O3,main,cmp_reg_imm jle_imm mov_reg_imm add_reg_imm xor_reg_reg ret,0
inline_asm_safe_2_x86_O0,asm_noise,push_reg mov_reg_reg mov_reg_imm add_reg_imm nop pop_reg ret,0
inline_asm_safe_2_x86_O0,safe,push_reg mov_reg_reg sub_reg_imm mov_mem_reg call_internal mov_reg_mem lea_reg_mem mov_reg_imm mov_reg_reg mov_reg_reg call_strncpy mov_mem_imm nop leave ret,0
inline_asm_safe_2_x86_O0,_start,xor_reg_reg mov_reg_reg pop_reg mov_reg_reg and_reg_imm push_reg push_reg xor_reg_reg xor_reg_reg mov_reg_imm call_indirect hlt,0
inline_asm_safe_2_x86_O0,main,push_reg mov_reg_reg sub_reg_imm mov_mem_reg mov_mem_reg cmp_mem_imm jle_imm mov_reg_mem add_reg_imm mov_reg_mem mov_reg_reg call_internal mov_reg_imm leave ret,0
inline_asm_safe_2_x86_O1,asm_noise,mov_reg_imm add_reg_imm ret,0
inline_asm_safe_2_x86_O1,safe,call_internal ret,0
inline_asm_safe_2_x86_O1,_start,xor_reg_reg mov_reg_reg pop_reg mov_reg_reg and_reg_imm push_reg push_reg xor_reg_reg xor_reg_reg mov_reg_imm call_indirect hlt,0
inline_asm_safe_2_x86_O1,main,cmp_reg_imm jg_imm mov_reg_imm ret call_internal jmp_imm,0
inline_asm_safe_2_x86_O2,asm_noise,mov_reg_imm add_reg_imm ret,0
inline_asm_safe_2_x86_O2,safe,mov_reg_imm add_reg_imm ret,0
inline_asm_safe_2_x86_O2,_start,xor_reg_reg mov_reg_reg pop_reg mov_reg_reg and_reg_imm push_reg push_reg xor_reg_reg xor_reg_reg mov_reg_imm call_indirect hlt,0
inline_asm_safe_2_x86_O2,main,cmp_reg_imm jle_imm mov_reg_imm add_reg_imm xor_reg_reg ret,0
inline_asm_safe_2_x86_O3,asm_noise,mov_reg_imm add_reg_imm ret,0
inline_asm_safe_2_x86_O3,safe,mov_reg_imm add_reg_imm ret,0
inline_asm_safe_2_x86_O3,_start,xor_reg_reg mov_reg_reg pop_reg mov_reg_reg and_reg_imm push_reg push_reg xor_reg_reg xor_reg_reg mov_reg_imm call_indirect hlt,0
inline_asm_safe_2_x86_O3,main,cmp_reg_imm jle_imm mov_reg_imm add_reg_imm xor_reg_reg ret,0
inline_asm_safe_3_x86_O0,asm_noise,push_reg mov_reg_reg mov_reg_imm add_reg_imm nop pop_reg ret,0
inline_asm_safe_3_x86_O0,safe,push_reg mov_reg_reg sub_reg_imm mov_mem_reg call_internal mov_reg_mem lea_reg_mem mov_reg_imm mov_reg_reg mov_reg_reg call_strncpy mov_mem_imm nop leave ret,0
inline_asm_safe_3_x86_O0,_start,xor_reg_reg mov_reg_reg pop_reg mov_reg_reg and_reg_imm push_reg push_reg xor_reg_reg xor_reg_reg mov_reg_imm call_indirect hlt,0
inline_asm_safe_3_x86_O0,main,push_reg mov_reg_reg sub_reg_imm mov_mem_reg mov_mem_reg cmp_mem_imm jle_imm mov_reg_mem add_reg_imm mov_reg_mem mov_reg_reg call_internal mov_reg_imm leave ret,0
inline_asm_safe_3_x86_O1,asm_noise,mov_reg_imm add_reg_imm ret,0
inline_asm_safe_3_x86_O1,safe,call_internal ret,0
inline_asm_safe_3_x86_O1,_start,xor_reg_reg mov_reg_reg pop_reg mov_reg_reg and_reg_imm push_reg push_reg xor_reg_reg xor_reg_reg mov_reg_imm call_indirect hlt,0
inline_asm_safe_3_x86_O1,main,cmp_reg_imm jg_imm mov_reg_imm ret call_internal jmp_imm,0
inline_asm_safe_3_x86_O2,asm_noise,mov_reg_imm add_reg_imm ret,0
inline_asm_safe_3_x86_O2,safe,mov_reg_imm add_reg_imm ret,0
inline_asm_safe_3_x86_O2,_start,xor_reg_reg mov_reg_reg pop_reg mov_reg_reg and_reg_imm push_reg push_reg xor_reg_reg xor_reg_reg mov_reg_imm call_indirect hlt,0
inline_asm_safe_3_x86_O2,main,cmp_reg_imm jle_imm mov_reg_imm add_reg_imm xor_reg_reg ret,0
inline_asm_safe_3_x86_O3,asm_noise,mov_reg_imm add_reg_imm ret,0
inline_asm_safe_3_x86_O3,safe,mov_reg_imm add_reg_imm ret,0
inline_asm_safe_3_x86_O3,_start,xor_reg_reg mov_reg_reg pop_reg mov_reg_reg and_reg_imm push_reg push_reg xor_reg_reg xor_reg_reg mov_reg_imm call_indirect hlt,0
inline_asm_safe_3_x86_O3,main,cmp_reg_imm jle_imm mov_reg_imm add_reg_imm xor_reg_reg ret,0
inline_asm_safe_4_x86_O0,asm_noise,push_reg mov_reg_reg mov_reg_imm add_reg_imm nop pop_reg ret,0
inline_asm_safe_4_x86_O0,safe,push_reg mov_reg_reg sub_reg_imm mov_mem_reg call_internal mov_reg_mem lea_reg_mem mov_reg_imm mov_reg_reg mov_reg_reg call_strncpy mov_mem_imm nop leave ret,0
inline_asm_safe_4_x86_O0,_start,xor_reg_reg mov_reg_reg pop_reg mov_reg_reg and_reg_imm push_reg push_reg xor_reg_reg xor_reg_reg mov_reg_imm call_indirect hlt,0
inline_asm_safe_4_x86_O0,main,push_reg mov_reg_reg sub_reg_imm mov_mem_reg mov_mem_reg cmp_mem_imm jle_imm mov_reg_mem add_reg_imm mov_reg_mem mov_reg_reg call_internal mov_reg_imm leave ret,0
inline_asm_safe_4_x86_O1,asm_noise,mov_reg_imm add_reg_imm ret,0
inline_asm_safe_4_x86_O1,safe,call_internal ret,0
inline_asm_safe_4_x86_O1,_start,xor_reg_reg mov_reg_reg pop_reg mov_reg_reg and_reg_imm push_reg push_reg xor_reg_reg xor_reg_reg mov_reg_imm call_indirect hlt,0
inline_asm_safe_4_x86_O1,main,cmp_reg_imm jg_imm mov_reg_imm ret call_internal jmp_imm,0
inline_asm_safe_4_x86_O2,asm_noise,mov_reg_imm add_reg_imm ret,0
inline_asm_safe_4_x86_O2,safe,mov_reg_imm add_reg_imm ret,0
inline_asm_safe_4_x86_O2,_start,xor_reg_reg mov_reg_reg pop_reg mov_reg_reg and_reg_imm push_reg push_reg xor_reg_reg xor_reg_reg mov_reg_imm call_indirect hlt,0
inline_asm_safe_4_x86_O2,main,cmp_reg_imm jle_imm mov_reg_imm add_reg_imm xor_reg_reg ret,0
inline_asm_safe_4_x86_O3,asm_noise,mov_reg_imm add_reg_imm ret,0
inline_asm_safe_4_x86_O3,safe,mov_reg_imm add_reg_imm ret,0
inline_asm_safe_4_x86_O3,_start,xor_reg_reg mov_reg_reg pop_reg mov_reg_reg and_reg_imm push_reg push_reg xor_reg_reg xor_reg_reg mov_reg_imm call_indirect hlt,0
inline_asm_safe_4_x86_O3,main,cmp_reg_imm jle_imm mov_reg_imm add_reg_imm xor_reg_reg ret,0
inline_asm_safe_5_x86_O0,asm_noise,push_reg mov_reg_reg mov_reg_imm add_reg_imm nop pop_reg ret,0
inline_asm_safe_5_x86_O0,safe,push_reg mov_reg_reg sub_reg_imm mov_mem_reg call_internal mov_reg_mem lea_reg_mem mov_reg_imm mov_reg_reg mov_reg_reg call_strncpy mov_mem_imm nop leave ret,0
inline_asm_safe_5_x86_O0,_start,xor_reg_reg mov_reg_reg pop_reg mov_reg_reg and_reg_imm push_reg push_reg xor_reg_reg xor_reg_reg mov_reg_imm call_indirect hlt,0
inline_asm_safe_5_x86_O0,main,push_reg mov_reg_reg sub_reg_imm mov_mem_reg mov_mem_reg cmp_mem_imm jle_imm mov_reg_mem add_reg_imm mov_reg_mem mov_reg_reg call_internal mov_reg_imm leave ret,0
inline_asm_safe_5_x86_O1,asm_noise,mov_reg_imm add_reg_imm ret,0
inline_asm_safe_5_x86_O1,safe,call_internal ret,0
inline_asm_safe_5_x86_O1,_start,xor_reg_reg mov_reg_reg pop_reg mov_reg_reg and_reg_imm push_reg push_reg xor_reg_reg xor_reg_reg mov_reg_imm call_indirect hlt,0
inline_asm_safe_5_x86_O1,main,cmp_reg_imm jg_imm mov_reg_imm ret call_internal jmp_imm,0
inline_asm_safe_5_x86_O2,asm_noise,mov_reg_imm add_reg_imm ret,0
inline_asm_safe_5_x86_O2,safe,mov_reg_imm add_reg_imm ret,0
inline_asm_safe_5_x86_O2,_start,xor_reg_reg mov_reg_reg pop_reg mov_reg_reg and_reg_imm push_reg push_reg xor_reg_reg xor_reg_reg mov_reg_imm call_indirect hlt,0
inline_asm_safe_5_x86_O2,main,cmp_reg_imm jle_imm mov_reg_imm add_reg_imm xor_reg_reg ret,0
inline_asm_safe_5_x86_O3,asm_noise,mov_reg_imm add_reg_imm ret,0
inline_asm_safe_5_x86_O3,safe,mov_reg_imm add_reg_imm ret,0
inline_asm_safe_5_x86_O3,_start,xor_reg_reg mov_reg_reg pop_reg mov_reg_reg and_reg_imm push_reg push_reg xor_reg_reg xor_reg_reg mov_reg_imm call_indirect hlt,0
inline_asm_safe_5_x86_O3,main,cmp_reg_imm jle_imm mov_reg_imm add_reg_imm xor_reg_reg ret,0
inline_asm_safe_6_x86_O0,asm_noise,push_reg mov_reg_reg mov_reg_imm add_reg_imm nop pop_reg ret,0
inline_asm_safe_6_x86_O0,safe,push_reg mov_reg_reg sub_reg_imm mov_mem_reg call_internal mov_reg_mem lea_reg_mem mov_reg_imm mov_reg_reg mov_reg_reg call_strncpy mov_mem_imm nop leave ret,0
inline_asm_safe_6_x86_O0,_start,xor_reg_reg mov_reg_reg pop_reg mov_reg_reg and_reg_imm push_reg push_reg xor_reg_reg xor_reg_reg mov_reg_imm call_indirect hlt,0
inline_asm_safe_6_x86_O0,main,push_reg mov_reg_reg sub_reg_imm mov_mem_reg mov_mem_reg cmp_mem_imm jle_imm mov_reg_mem add_reg_imm mov_reg_mem mov_reg_reg call_internal mov_reg_imm leave ret,0
inline_asm_safe_6_x86_O1,asm_noise,mov_reg_imm add_reg_imm ret,0
inline_asm_safe_6_x86_O1,safe,call_internal ret,0
inline_asm_safe_6_x86_O1,_start,xor_reg_reg mov_reg_reg pop_reg mov_reg_reg and_reg_imm push_reg push_reg xor_reg_reg xor_reg_reg mov_reg_imm call_indirect hlt,0
inline_asm_safe_6_x86_O1,main,cmp_reg_imm jg_imm mov_reg_imm ret call_internal jmp_imm,0
inline_asm_safe_6_x86_O2,asm_noise,mov_reg_imm add_reg_imm ret,0
inline_asm_safe_6_x86_O2,safe,mov_reg_imm add_reg_imm ret,0
inline_asm_safe_6_x86_O2,_start,xor_reg_reg mov_reg_reg pop_reg mov_reg_reg and_reg_imm push_reg push_reg xor_reg_reg xor_reg_reg mov_reg_imm call_indirect hlt,0
inline_asm_safe_6_x86_O2,main,cmp_reg_imm jle_imm mov_reg_imm add_reg_imm xor_reg_reg ret,0
inline_asm_safe_6_x86_O3,asm_noise,mov_reg_imm add_reg_imm ret,0
inline_asm_safe_6_x86_O3,safe,mov_reg_imm add_reg_imm ret,0
inline_asm_safe_6_x86_O3,_start,xor_reg_reg mov_reg_reg pop_reg mov_reg_reg and_reg_imm push_reg push_reg xor_reg_reg xor_reg_reg mov_reg_imm call_indirect hlt,0
inline_asm_safe_6_x86_O3,main,cmp_reg_imm jle_imm mov_reg_imm add_reg_imm xor_reg_reg ret,0
inline_asm_safe_7_x86_O0,asm_noise,push_reg mov_reg_reg mov_reg_imm add_reg_imm nop pop_reg ret,0
inline_asm_safe_7_x86_O0,safe,push_reg mov_reg_reg sub_reg_imm mov_mem_reg call_internal mov_reg_mem lea_reg_mem mov_reg_imm mov_reg_reg mov_reg_reg call_strncpy mov_mem_imm nop leave ret,0
inline_asm_safe_7_x86_O0,_start,xor_reg_reg mov_reg_reg pop_reg mov_reg_reg and_reg_imm push_reg push_reg xor_reg_reg xor_reg_reg mov_reg_imm call_indirect hlt,0
inline_asm_safe_7_x86_O0,main,push_reg mov_reg_reg sub_reg_imm mov_mem_reg mov_mem_reg cmp_mem_imm jle_imm mov_reg_mem add_reg_imm mov_reg_mem mov_reg_reg call_internal mov_reg_imm leave ret,0
inline_asm_safe_7_x86_O1,asm_noise,mov_reg_imm add_reg_imm ret,0
inline_asm_safe_7_x86_O1,safe,call_internal ret,0
inline_asm_safe_7_x86_O1,_start,xor_reg_reg mov_reg_reg pop_reg mov_reg_reg and_reg_imm push_reg push_reg xor_reg_reg xor_reg_reg mov_reg_imm call_indirect hlt,0
inline_asm_safe_7_x86_O1,main,cmp_reg_imm jg_imm mov_reg_imm ret call_internal jmp_imm,0
inline_asm_safe_7_x86_O2,asm_noise,mov_reg_imm add_reg_imm ret,0
inline_asm_safe_7_x86_O2,safe,mov_reg_imm add_reg_imm ret,0
inline_asm_safe_7_x86_O2,_start,xor_reg_reg mov_reg_reg pop_reg mov_reg_reg and_reg_imm push_reg push_reg xor_reg_reg xor_reg_reg mov_reg_imm call_indirect hlt,0
inline_asm_safe_7_x86_O2,main,cmp_reg_imm jle_imm mov_reg_imm add_reg_imm xor_reg_reg ret,0
inline_asm_safe_7_x86_O3,asm_noise,mov_reg_imm add_reg_imm ret,0
inline_asm_safe_7_x86_O3,safe,mov_reg_imm add_reg_imm ret,0
inline_asm_safe_7_x86_O3,_start,xor_reg_reg mov_reg_reg pop_reg mov_reg_reg and_reg_imm push_reg push_reg xor_reg_reg xor_reg_reg mov_reg_imm call_indirect hlt,0
inline_asm_safe_7_x86_O3,main,cmp_reg_imm jle_imm mov_reg_imm add_reg_imm xor_reg_reg ret,0
inline_asm_safe_8_x86_O0,asm_noise,push_reg mov_reg_reg mov_reg_imm add_reg_imm nop pop_reg ret,0
inline_asm_safe_8_x86_O0,safe,push_reg mov_reg_reg sub_reg_imm mov_mem_reg call_internal mov_reg_mem lea_reg_mem mov_reg_imm mov_reg_reg mov_reg_reg call_strncpy mov_mem_imm nop leave ret,0
inline_asm_safe_8_x86_O0,_start,xor_reg_reg mov_reg_reg pop_reg mov_reg_reg and_reg_imm push_reg push_reg xor_reg_reg xor_reg_reg mov_reg_imm call_indirect hlt,0
inline_asm_safe_8_x86_O0,main,push_reg mov_reg_reg sub_reg_imm mov_mem_reg mov_mem_reg cmp_mem_imm jle_imm mov_reg_mem add_reg_imm mov_reg_mem mov_reg_reg call_internal mov_reg_imm leave ret,0
inline_asm_safe_8_x86_O1,asm_noise,mov_reg_imm add_reg_imm ret,0
inline_asm_safe_8_x86_O1,safe,call_internal ret,0
inline_asm_safe_8_x86_O1,_start,xor_reg_reg mov_reg_reg pop_reg mov_reg_reg and_reg_imm push_reg push_reg xor_reg_reg xor_reg_reg mov_reg_imm call_indirect hlt,0
inline_asm_safe_8_x86_O1,main,cmp_reg_imm jg_imm mov_reg_imm ret call_internal jmp_imm,0
inline_asm_safe_8_x86_O2,asm_noise,mov_reg_imm add_reg_imm ret,0
inline_asm_safe_8_x86_O2,safe,mov_reg_imm add_reg_imm ret,0
inline_asm_safe_8_x86_O2,_start,xor_reg_reg mov_reg_reg pop_reg mov_reg_reg and_reg_imm push_reg push_reg xor_reg_reg xor_reg_reg mov_reg_imm call_indirect hlt,0
inline_asm_safe_8_x86_O2,main,cmp_reg_imm jle_imm mov_reg_imm add_reg_imm xor_reg_reg ret,0
inline_asm_safe_8_x86_O3,asm_noise,mov_reg_imm add_reg_imm ret,0
inline_asm_safe_8_x86_O3,safe,mov_reg_imm add_reg_imm ret,0
inline_asm_safe_8_x86_O3,_start,xor_reg_reg mov_reg_reg pop_reg mov_reg_reg and_reg_imm push_reg push_reg xor_reg_reg xor_reg_reg mov_reg_imm call_indirect hlt,0
inline_asm_safe_8_x86_O3,main,cmp_reg_imm jle_imm mov_reg_imm add_reg_imm xor_reg_reg ret,0
inline_asm_safe_9_x86_O0,asm_noise,push_reg mov_reg_reg mov_reg_imm add_reg_imm nop pop_reg ret,0
inline_asm_safe_9_x86_O0,safe,push_reg mov_reg_reg sub_reg_imm mov_mem_reg call_internal mov_reg_mem lea_reg_mem mov_reg_imm mov_reg_reg mov_reg_reg call_strncpy mov_mem_imm nop leave ret,0
inline_asm_safe_9_x86_O0,_start,xor_reg_reg mov_reg_reg pop_reg mov_reg_reg and_reg_imm push_reg push_reg xor_reg_reg xor_reg_reg mov_reg_imm call_indirect hlt,0
inline_asm_safe_9_x86_O0,main,push_reg mov_reg_reg sub_reg_imm mov_mem_reg mov_mem_reg cmp_mem_imm jle_imm mov_reg_mem add_reg_imm mov_reg_mem mov_reg_reg call_internal mov_reg_imm leave ret,0
inline_asm_safe_9_x86_O1,asm_noise,mov_reg_imm add_reg_imm ret,0
inline_asm_safe_9_x86_O1,safe,call_internal ret,0
inline_asm_safe_9_x86_O1,_start,xor_reg_reg mov_reg_reg pop_reg mov_reg_reg and_reg_imm push_reg push_reg xor_reg_reg xor_reg_reg mov_reg_imm call_indirect hlt,0
inline_asm_safe_9_x86_O1,main,cmp_reg_imm jg_imm mov_reg_imm ret call_internal jmp_imm,0
inline_asm_safe_9_x86_O2,asm_noise,mov_reg_imm add_reg_imm ret,0
inline_asm_safe_9_x86_O2,safe,mov_reg_imm add_reg_imm ret,0
inline_asm_safe_9_x86_O2,_start,xor_reg_reg mov_reg_reg pop_reg mov_reg_reg and_reg_imm push_reg push_reg xor_reg_reg xor_reg_reg mov_reg_imm call_indirect hlt,0
inline_asm_safe_9_x86_O2,main,cmp_reg_imm jle_imm mov_reg_imm add_reg_imm xor_reg_reg ret,0
inline_asm_safe_9_x86_O3,asm_noise,mov_reg_imm add_reg_imm ret,0
inline_asm_safe_9_x86_O3,safe,mov_reg_imm add_reg_imm ret,0
inline_asm_safe_9_x86_O3,_start,xor_reg_reg mov_reg_reg pop_reg mov_reg_reg and_reg_imm push_reg push_reg xor_reg_reg xor_reg_reg mov_reg_imm call_indirect hlt,0
inline_asm_safe_9_x86_O3,main,cmp_reg_imm jle_imm mov_reg_imm add_reg_imm xor_reg_reg ret,0
inline_asm_vuln_0_x86_O0,asm_noise,push_reg mov_reg_reg mov_reg_imm add_reg_imm nop pop_reg ret,0
inline_asm_vuln_0_x86_O0,_start,xor_reg_reg mov_reg_reg pop_reg mov_reg_reg and_reg_imm push_reg push_reg xor_reg_reg xor_reg_reg mov_reg_imm call_indirect hlt,0
inline_asm_vuln_0_x86_O0,main,push_reg mov_reg_reg sub_reg_imm mov_mem_reg mov_mem_reg cmp_mem_imm jle_imm mov_reg_mem add_reg_imm mov_reg_mem mov_reg_reg call_internal mov_reg_imm leave ret,0
inline_asm_vuln_0_x86_O0,vulnerable,push_reg mov_reg_reg sub_reg_imm mov_mem_reg call_internal mov_reg_mem lea_reg_mem mov_reg_reg mov_reg_reg call_strcpy nop leave ret,1
inline_asm_vuln_0_x86_O1,asm_noise,mov_reg_imm add_reg_imm ret,0
inline_asm_vuln_0_x86_O1,_start,xor_reg_reg mov_reg_reg pop_reg mov_reg_reg and_reg_imm push_reg push_reg xor_reg_reg xor_reg_reg mov_reg_imm call_indirect hlt,0
inline_asm_vuln_0_x86_O1,main,cmp_reg_imm jg_imm mov_reg_imm ret sub_reg_imm mov_reg_mem call_internal mov_reg_imm add_reg_imm ret,0
inline_asm_vuln_0_x86_O1,vulnerable,push_reg sub_reg_imm mov_reg_reg call_internal mov_reg_reg mov_reg_reg call_strcpy add_reg_imm pop_reg ret,1
inline_asm_vuln_0_x86_O2,asm_noise,mov_reg_imm add_reg_imm ret,0
inline_asm_vuln_0_x86_O2,_start,xor_reg_reg mov_reg_reg pop_reg mov_reg_reg and_reg_imm push_reg push_reg xor_reg_reg xor_reg_reg mov_reg_imm call_indirect hlt,0
inline_asm_vuln_0_x86_O2,main,cmp_reg_imm jg_imm xor_reg_reg ret push_reg mov_reg_mem call_internal xor_reg_reg pop_reg ret,0
inline_asm_vuln_0_x86_O2,vulnerable,sub_reg_imm mov_reg_reg mov_reg_imm add_reg_imm mov_reg_reg call_strcpy add_reg_imm ret,1
inline_asm_vuln_0_x86_O3,asm_noise,mov_reg_imm add_reg_imm ret,0
inline_asm_vuln_0_x86_O3,_start,xor_reg_reg mov_reg_reg pop_reg mov_reg_reg and_reg_imm push_reg push_reg xor_reg_reg xor_reg_reg mov_reg_imm call_indirect hlt,0
inline_asm_vuln_0_x86_O3,main,cmp_reg_imm jg_imm xor_reg_reg ret sub_reg_imm mov_reg_imm add_reg_imm mov_reg_mem mov_reg_reg call_strcpy xor_reg_reg add_reg_imm ret,0
inline_asm_vuln_0_x86_O3,vulnerable,sub_reg_imm mov_reg_reg mov_reg_imm add_reg_imm mov_reg_reg call_strcpy add_reg_imm ret,1
inline_asm_vuln_1_x86_O0,asm_noise,push_reg mov_reg_reg mov_reg_imm add_reg_imm nop pop_reg ret,0
inline_asm_vuln_1_x86_O0,_start,xor_reg_reg mov_reg_reg pop_reg mov_reg_reg and_reg_imm push_reg push_reg xor_reg_reg xor_reg_reg mov_reg_imm call_indirect hlt,0
inline_asm_vuln_1_x86_O0,main,push_reg mov_reg_reg sub_reg_imm mov_mem_reg mov_mem_reg cmp_mem_imm jle_imm mov_reg_mem add_reg_imm mov_reg_mem mov_reg_reg call_internal mov_reg_imm leave ret,0
inline_asm_vuln_1_x86_O0,vulnerable,push_reg mov_reg_reg sub_reg_imm mov_mem_reg call_internal mov_reg_mem lea_reg_mem mov_reg_reg mov_reg_reg call_strcpy nop leave ret,1
inline_asm_vuln_1_x86_O1,asm_noise,mov_reg_imm add_reg_imm ret,0
inline_asm_vuln_1_x86_O1,_start,xor_reg_reg mov_reg_reg pop_reg mov_reg_reg and_reg_imm push_reg push_reg xor_reg_reg xor_reg_reg mov_reg_imm call_indirect hlt,0
inline_asm_vuln_1_x86_O1,main,cmp_reg_imm jg_imm mov_reg_imm ret sub_reg_imm mov_reg_mem call_internal mov_reg_imm add_reg_imm ret,0
inline_asm_vuln_1_x86_O1,vulnerable,push_reg sub_reg_imm mov_reg_reg call_internal mov_reg_reg mov_reg_reg call_strcpy add_reg_imm pop_reg ret,1
inline_asm_vuln_1_x86_O2,asm_noise,mov_reg_imm add_reg_imm ret,0
inline_asm_vuln_1_x86_O2,_start,xor_reg_reg mov_reg_reg pop_reg mov_reg_reg and_reg_imm push_reg push_reg xor_reg_reg xor_reg_reg mov_reg_imm call_indirect hlt,0
inline_asm_vuln_1_x86_O2,main,cmp_reg_imm jg_imm xor_reg_reg ret push_reg mov_reg_mem call_internal xor_reg_reg pop_reg ret,0
inline_asm_vuln_1_x86_O2,vulnerable,sub_reg_imm mov_reg_reg mov_reg_imm add_reg_imm mov_reg_reg call_strcpy add_reg_imm ret,1
inline_asm_vuln_1_x86_O3,asm_noise,mov_reg_imm add_reg_imm ret,0
inline_asm_vuln_1_x86_O3,_start,xor_reg_reg mov_reg_reg pop_reg mov_reg_reg and_reg_imm push_reg push_reg xor_reg_reg xor_reg_reg mov_reg_imm call_indirect hlt,0
inline_asm_vuln_1_x86_O3,main,cmp_reg_imm jg_imm xor_reg_reg ret sub_reg_imm mov_reg_imm add_reg_imm mov_reg_mem mov_reg_reg call_strcpy xor_reg_reg add_reg_imm ret,0
inline_asm_vuln_1_x86_O3,vulnerable,sub_reg_imm mov_reg_reg mov_reg_imm add_reg_imm mov_reg_reg call_strcpy add_reg_imm ret,1
inline_asm_vuln_2_x86_O0,asm_noise,push_reg mov_reg_reg mov_reg_imm add_reg_imm nop pop_reg ret,0
inline_asm_vuln_2_x86_O0,_start,xor_reg_reg mov_reg_reg pop_reg mov_reg_reg and_reg_imm push_reg push_reg xor_reg_reg xor_reg_reg mov_reg_imm call_indirect hlt,0
inline_asm_vuln_2_x86_O0,main,push_reg mov_reg_reg sub_reg_imm mov_mem_reg mov_mem_reg cmp_mem_imm jle_imm mov_reg_mem add_reg_imm mov_reg_mem mov_reg_reg call_internal mov_reg_imm leave ret,0
inline_asm_vuln_2_x86_O0,vulnerable,push_reg mov_reg_reg sub_reg_imm mov_mem_reg call_internal mov_reg_mem lea_reg_mem mov_reg_reg mov_reg_reg call_strcpy nop leave ret,1
inline_asm_vuln_2_x86_O1,asm_noise,mov_reg_imm add_reg_imm ret,0
inline_asm_vuln_2_x86_O1,_start,xor_reg_reg mov_reg_reg pop_reg mov_reg_reg and_reg_imm push_reg push_reg xor_reg_reg xor_reg_reg mov_reg_imm call_indirect hlt,0
inline_asm_vuln_2_x86_O1,main,cmp_reg_imm jg_imm mov_reg_imm ret sub_reg_imm mov_reg_mem call_internal mov_reg_imm add_reg_imm ret,0
inline_asm_vuln_2_x86_O1,vulnerable,push_reg sub_reg_imm mov_reg_reg call_internal mov_reg_reg mov_reg_reg call_strcpy add_reg_imm pop_reg ret,1
inline_asm_vuln_2_x86_O2,asm_noise,mov_reg_imm add_reg_imm ret,0
inline_asm_vuln_2_x86_O2,_start,xor_reg_reg mov_reg_reg pop_reg mov_reg_reg and_reg_imm push_reg push_reg xor_reg_reg xor_reg_reg mov_reg_imm call_indirect hlt,0
inline_asm_vuln_2_x86_O2,main,cmp_reg_imm jg_imm xor_reg_reg ret push_reg mov_reg_mem call_internal xor_reg_reg pop_reg ret,0
inline_asm_vuln_2_x86_O2,vulnerable,sub_reg_imm mov_reg_reg mov_reg_imm add_reg_imm mov_reg_reg call_strcpy add_reg_imm ret,1
inline_asm_vuln_2_x86_O3,asm_noise,mov_reg_imm add_reg_imm ret,0
inline_asm_vuln_2_x86_O3,_start,xor_reg_reg mov_reg_reg pop_reg mov_reg_reg and_reg_imm push_reg push_reg xor_reg_reg xor_reg_reg mov_reg_imm call_indirect hlt,0
inline_asm_vuln_2_x86_O3,main,cmp_reg_imm jg_imm xor_reg_reg ret sub_reg_imm mov_reg_imm add_reg_imm mov_reg_mem mov_reg_reg call_strcpy xor_reg_reg add_reg_imm ret,0
inline_asm_vuln_2_x86_O3,vulnerable,sub_reg_imm mov_reg_reg mov_reg_imm add_reg_imm mov_reg_reg call_strcpy add_reg_imm ret,1
inline_asm_vuln_3_x86_O0,asm_noise,push_reg mov_reg_reg mov_reg_imm add_reg_imm nop pop_reg ret,0
inline_asm_vuln_3_x86_O0,_start,xor_reg_reg mov_reg_reg pop_reg mov_reg_reg and_reg_imm push_reg push_reg xor_reg_reg xor_reg_reg mov_reg_imm call_indirect hlt,0
inline_asm_vuln_3_x86_O0,main,push_reg mov_reg_reg sub_reg_imm mov_mem_reg mov_mem_reg cmp_mem_imm jle_imm mov_reg_mem add_reg_imm mov_reg_mem mov_reg_reg call_internal mov_reg_imm leave ret,0
inline_asm_vuln_3_x86_O0,vulnerable,push_reg mov_reg_reg sub_reg_imm mov_mem_reg call_internal mov_reg_mem lea_reg_mem mov_reg_reg mov_reg_reg call_strcpy nop leave ret,1
inline_asm_vuln_3_x86_O1,asm_noise,mov_reg_imm add_reg_imm ret,0
inline_asm_vuln_3_x86_O1,_start,xor_reg_reg mov_reg_reg pop_reg mov_reg_reg and_reg_imm push_reg push_reg xor_reg_reg xor_reg_reg mov_reg_imm call_indirect hlt,0
inline_asm_vuln_3_x86_O1,main,cmp_reg_imm jg_imm mov_reg_imm ret sub_reg_imm mov_reg_mem call_internal mov_reg_imm add_reg_imm ret,0
inline_asm_vuln_3_x86_O1,vulnerable,push_reg sub_reg_imm mov_reg_reg call_internal mov_reg_reg mov_reg_reg call_strcpy add_reg_imm pop_reg ret,1
inline_asm_vuln_3_x86_O2,asm_noise,mov_reg_imm add_reg_imm ret,0
inline_asm_vuln_3_x86_O2,_start,xor_reg_reg mov_reg_reg pop_reg mov_reg_reg and_reg_imm push_reg push_reg xor_reg_reg xor_reg_reg mov_reg_imm call_indirect hlt,0
inline_asm_vuln_3_x86_O2,main,cmp_reg_imm jg_imm xor_reg_reg ret push_reg mov_reg_mem call_internal xor_reg_reg pop_reg ret,0
inline_asm_vuln_3_x86_O2,vulnerable,sub_reg_imm mov_reg_reg mov_reg_imm add_reg_imm mov_reg_reg call_strcpy add_reg_imm ret,1
inline_asm_vuln_3_x86_O3,asm_noise,mov_reg_imm add_reg_imm ret,0
inline_asm_vuln_3_x86_O3,_start,xor_reg_reg mov_reg_reg pop_reg mov_reg_reg and_reg_imm push_reg push_reg xor_reg_reg xor_reg_reg mov_reg_imm call_indirect hlt,0
inline_asm_vuln_3_x86_O3,main,cmp_reg_imm jg_imm xor_reg_reg ret sub_reg_imm mov_reg_imm add_reg_imm mov_reg_mem mov_reg_reg call_strcpy xor_reg_reg add_reg_imm ret,0
inline_asm_vuln_3_x86_O3,vulnerable,sub_reg_imm mov_reg_reg mov_reg_imm add_reg_imm mov_reg_reg call_strcpy add_reg_imm ret,1
inline_asm_vuln_4_x86_O0,asm_noise,push_reg mov_reg_reg mov_reg_imm add_reg_imm nop pop_reg ret,0
inline_asm_vuln_4_x86_O0,_start,xor_reg_reg mov_reg_reg pop_reg mov_reg_reg and_reg_imm push_reg push_reg xor_reg_reg xor_reg_reg mov_reg_imm call_indirect hlt,0
inline_asm_vuln_4_x86_O0,main,push_reg mov_reg_reg sub_reg_imm mov_mem_reg mov_mem_reg cmp_mem_imm jle_imm mov_reg_mem add_reg_imm mov_reg_mem mov_reg_reg call_internal mov_reg_imm leave ret,0
inline_asm_vuln_4_x86_O0,vulnerable,push_reg mov_reg_reg sub_reg_imm mov_mem_reg call_internal mov_reg_mem lea_reg_mem mov_reg_reg mov_reg_reg call_strcpy nop leave ret,1
inline_asm_vuln_4_x86_O1,asm_noise,mov_reg_imm add_reg_imm ret,0
inline_asm_vuln_4_x86_O1,_start,xor_reg_reg mov_reg_reg pop_reg mov_reg_reg and_reg_imm push_reg push_reg xor_reg_reg xor_reg_reg mov_reg_imm call_indirect hlt,0
inline_asm_vuln_4_x86_O1,main,cmp_reg_imm jg_imm mov_reg_imm ret sub_reg_imm mov_reg_mem call_internal mov_reg_imm add_reg_imm ret,0
inline_asm_vuln_4_x86_O1,vulnerable,push_reg sub_reg_imm mov_reg_reg call_internal mov_reg_reg mov_reg_reg call_strcpy add_reg_imm pop_reg ret,1
inline_asm_vuln_4_x86_O2,asm_noise,mov_reg_imm add_reg_imm ret,0
inline_asm_vuln_4_x86_O2,_start,xor_reg_reg mov_reg_reg pop_reg mov_reg_reg and_reg_imm push_reg push_reg xor_reg_reg xor_reg_reg mov_reg_imm call_indirect hlt,0
inline_asm_vuln_4_x86_O2,main,cmp_reg_imm jg_imm xor_reg_reg ret push_reg mov_reg_mem call_internal xor_reg_reg pop_reg ret,0
inline_asm_vuln_4_x86_O2,vulnerable,sub_reg_imm mov_reg_reg mov_reg_imm add_reg_imm mov_reg_reg call_strcpy add_reg_imm ret,1
inline_asm_vuln_4_x86_O3,asm_noise,mov_reg_imm add_reg_imm ret,0
inline_asm_vuln_4_x86_O3,_start,xor_reg_reg mov_reg_reg pop_reg mov_reg_reg and_reg_imm push_reg push_reg xor_reg_reg xor_reg_reg mov_reg_imm call_indirect hlt,0
inline_asm_vuln_4_x86_O3,main,cmp_reg_imm jg_imm xor_reg_reg ret sub_reg_imm mov_reg_imm add_reg_imm mov_reg_mem mov_reg_reg call_strcpy xor_reg_reg add_reg_imm ret,0
inline_asm_vuln_4_x86_O3,vulnerable,sub_reg_imm mov_reg_reg mov_reg_imm add_reg_imm mov_reg_reg call_strcpy add_reg_imm ret,1
inline_asm_vuln_5_x86_O0,asm_noise,push_reg mov_reg_reg mov_reg_imm add_reg_imm nop pop_reg ret,0
inline_asm_vuln_5_x86_O0,_start,xor_reg_reg mov_reg_reg pop_reg mov_reg_reg and_reg_imm push_reg push_reg xor_reg_reg xor_reg_reg mov_reg_imm call_indirect hlt,0
inline_asm_vuln_5_x86_O0,main,push_reg mov_reg_reg sub_reg_imm mov_mem_reg mov_mem_reg cmp_mem_imm jle_imm mov_reg_mem add_reg_imm mov_reg_mem mov_reg_reg call_internal mov_reg_imm leave ret,0
inline_asm_vuln_5_x86_O0,vulnerable,push_reg mov_reg_reg sub_reg_imm mov_mem_reg call_internal mov_reg_mem lea_reg_mem mov_reg_reg mov_reg_reg call_strcpy nop leave ret,1
inline_asm_vuln_5_x86_O1,asm_noise,mov_reg_imm add_reg_imm ret,0
inline_asm_vuln_5_x86_O1,_start,xor_reg_reg mov_reg_reg pop_reg mov_reg_reg and_reg_imm push_reg push_reg xor_reg_reg xor_reg_reg mov_reg_imm call_indirect hlt,0
inline_asm_vuln_5_x86_O1,main,cmp_reg_imm jg_imm mov_reg_imm ret sub_reg_imm mov_reg_mem call_internal mov_reg_imm add_reg_imm ret,0
inline_asm_vuln_5_x86_O1,vulnerable,push_reg sub_reg_imm mov_reg_reg call_internal mov_reg_reg mov_reg_reg call_strcpy add_reg_imm pop_reg ret,1
inline_asm_vuln_5_x86_O2,asm_noise,mov_reg_imm add_reg_imm ret,0
inline_asm_vuln_5_x86_O2,_start,xor_reg_reg mov_reg_reg pop_reg mov_reg_reg and_reg_imm push_reg push_reg xor_reg_reg xor_reg_reg mov_reg_imm call_indirect hlt,0
inline_asm_vuln_5_x86_O2,main,cmp_reg_imm jg_imm xor_reg_reg ret push_reg mov_reg_mem call_internal xor_reg_reg pop_reg ret,0
inline_asm_vuln_5_x86_O2,vulnerable,sub_reg_imm mov_reg_reg mov_reg_imm add_reg_imm mov_reg_reg call_strcpy add_reg_imm ret,1
inline_asm_vuln_5_x86_O3,asm_noise,mov_reg_imm add_reg_imm ret,0
inline_asm_vuln_5_x86_O3,_start,xor_reg_reg mov_reg_reg pop_reg mov_reg_reg and_reg_imm push_reg push_reg xor_reg_reg xor_reg_reg mov_reg_imm call_indirect hlt,0
inline_asm_vuln_5_x86_O3,main,cmp_reg_imm jg_imm xor_reg_reg ret sub_reg_imm mov_reg_imm add_reg_imm mov_reg_mem mov_reg_reg call_strcpy xor_reg_reg add_reg_imm ret,0
inline_asm_vuln_5_x86_O3,vulnerable,sub_reg_imm mov_reg_reg mov_reg_imm add_reg_imm mov_reg_reg call_strcpy add_reg_imm ret,1
inline_asm_vuln_6_x86_O0,asm_noise,push_reg mov_reg_reg mov_reg_imm add_reg_imm nop pop_reg ret,0
inline_asm_vuln_6_x86_O0,_start,xor_reg_reg mov_reg_reg pop_reg mov_reg_reg and_reg_imm push_reg push_reg xor_reg_reg xor_reg_reg mov_reg_imm call_indirect hlt,0
inline_asm_vuln_6_x86_O0,main,push_reg mov_reg_reg sub_reg_imm mov_mem_reg mov_mem_reg cmp_mem_imm jle_imm mov_reg_mem add_reg_imm mov_reg_mem mov_reg_reg call_internal mov_reg_imm leave ret,0
inline_asm_vuln_6_x86_O0,vulnerable,push_reg mov_reg_reg sub_reg_imm mov_mem_reg call_internal mov_reg_mem lea_reg_mem mov_reg_reg mov_reg_reg call_strcpy nop leave ret,1
inline_asm_vuln_6_x86_O1,asm_noise,mov_reg_imm add_reg_imm ret,0
inline_asm_vuln_6_x86_O1,_start,xor_reg_reg mov_reg_reg pop_reg mov_reg_reg and_reg_imm push_reg push_reg xor_reg_reg xor_reg_reg mov_reg_imm call_indirect hlt,0
inline_asm_vuln_6_x86_O1,main,cmp_reg_imm jg_imm mov_reg_imm ret sub_reg_imm mov_reg_mem call_internal mov_reg_imm add_reg_imm ret,0
inline_asm_vuln_6_x86_O1,vulnerable,push_reg sub_reg_imm mov_reg_reg call_internal mov_reg_reg mov_reg_reg call_strcpy add_reg_imm pop_reg ret,1
inline_asm_vuln_6_x86_O2,asm_noise,mov_reg_imm add_reg_imm ret,0
inline_asm_vuln_6_x86_O2,_start,xor_reg_reg mov_reg_reg pop_reg mov_reg_reg and_reg_imm push_reg push_reg xor_reg_reg xor_reg_reg mov_reg_imm call_indirect hlt,0
inline_asm_vuln_6_x86_O2,main,cmp_reg_imm jg_imm xor_reg_reg ret push_reg mov_reg_mem call_internal xor_reg_reg pop_reg ret,0
inline_asm_vuln_6_x86_O2,vulnerable,sub_reg_imm mov_reg_reg mov_reg_imm add_reg_imm mov_reg_reg call_strcpy add_reg_imm ret,1
inline_asm_vuln_6_x86_O3,asm_noise,mov_reg_imm add_reg_imm ret,0
inline_asm_vuln_6_x86_O3,_start,xor_reg_reg mov_reg_reg pop_reg mov_reg_reg and_reg_imm push_reg push_reg xor_reg_reg xor_reg_reg mov_reg_imm call_indirect hlt,0
inline_asm_vuln_6_x86_O3,main,cmp_reg_imm jg_imm xor_reg_reg ret sub_reg_imm mov_reg_imm add_reg_imm mov_reg_mem mov_reg_reg call_strcpy xor_reg_reg add_reg_imm ret,0
inline_asm_vuln_6_x86_O3,vulnerable,sub_reg_imm mov_reg_reg mov_reg_imm add_reg_imm mov_reg_reg call_strcpy add_reg_imm ret,1
inline_asm_vuln_7_x86_O0,asm_noise,push_reg mov_reg_reg mov_reg_imm add_reg_imm nop pop_reg ret,0
inline_asm_vuln_7_x86_O0,_start,xor_reg_reg mov_reg_reg pop_reg mov_reg_reg and_reg_imm push_reg push_reg xor_reg_reg xor_reg_reg mov_reg_imm call_indirect hlt,0
inline_asm_vuln_7_x86_O0,main,push_reg mov_reg_reg sub_reg_imm mov_mem_reg mov_mem_reg cmp_mem_imm jle_imm mov_reg_mem add_reg_imm mov_reg_mem mov_reg_reg call_internal mov_reg_imm leave ret,0
inline_asm_vuln_7_x86_O0,vulnerable,push_reg mov_reg_reg sub_reg_imm mov_mem_reg call_internal mov_reg_mem lea_reg_mem mov_reg_reg mov_reg_reg call_strcpy nop leave ret,1
inline_asm_vuln_7_x86_O1,asm_noise,mov_reg_imm add_reg_imm ret,0
inline_asm_vuln_7_x86_O1,_start,xor_reg_reg mov_reg_reg pop_reg mov_reg_reg and_reg_imm push_reg push_reg xor_reg_reg xor_reg_reg mov_reg_imm call_indirect hlt,0
inline_asm_vuln_7_x86_O1,main,cmp_reg_imm jg_imm mov_reg_imm ret sub_reg_imm mov_reg_mem call_internal mov_reg_imm add_reg_imm ret,0
inline_asm_vuln_7_x86_O1,vulnerable,push_reg sub_reg_imm mov_reg_reg call_internal mov_reg_reg mov_reg_reg call_strcpy add_reg_imm pop_reg ret,1
inline_asm_vuln_7_x86_O2,asm_noise,mov_reg_imm add_reg_imm ret,0
inline_asm_vuln_7_x86_O2,_start,xor_reg_reg mov_reg_reg pop_reg mov_reg_reg and_reg_imm push_reg push_reg xor_reg_reg xor_reg_reg mov_reg_imm call_indirect hlt,0
inline_asm_vuln_7_x86_O2,main,cmp_reg_imm jg_imm xor_reg_reg ret push_reg mov_reg_mem call_internal xor_reg_reg pop_reg ret,0
inline_asm_vuln_7_x86_O2,vulnerable,sub_reg_imm mov_reg_reg mov_reg_imm add_reg_imm mov_reg_reg call_strcpy add_reg_imm ret,1
inline_asm_vuln_7_x86_O3,asm_noise,mov_reg_imm add_reg_imm ret,0
inline_asm_vuln_7_x86_O3,_start,xor_reg_reg mov_reg_reg pop_reg mov_reg_reg and_reg_imm push_reg push_reg xor_reg_reg xor_reg_reg mov_reg_imm call_indirect hlt,0
inline_asm_vuln_7_x86_O3,main,cmp_reg_imm jg_imm xor_reg_reg ret sub_reg_imm mov_reg_imm add_reg_imm mov_reg_mem mov_reg_reg call_strcpy xor_reg_reg add_reg_imm ret,0
inline_asm_vuln_7_x86_O3,vulnerable,sub_reg_imm mov_reg_reg mov_reg_imm add_reg_imm mov_reg_reg call_strcpy add_reg_imm ret,1
inline_asm_vuln_8_x86_O0,asm_noise,push_reg mov_reg_reg mov_reg_imm add_reg_imm nop pop_reg ret,0
inline_asm_vuln_8_x86_O0,_start,xor_reg_reg mov_reg_reg pop_reg mov_reg_reg and_reg_imm push_reg push_reg xor_reg_reg xor_reg_reg mov_reg_imm call_indirect hlt,0
inline_asm_vuln_8_x86_O0,main,push_reg mov_reg_reg sub_reg_imm mov_mem_reg mov_mem_reg cmp_mem_imm jle_imm mov_reg_mem add_reg_imm mov_reg_mem mov_reg_reg call_internal mov_reg_imm leave ret,0
inline_asm_vuln_8_x86_O0,vulnerable,push_reg mov_reg_reg sub_reg_imm mov_mem_reg call_internal mov_reg_mem lea_reg_mem mov_reg_reg mov_reg_reg call_strcpy nop leave ret,1
inline_asm_vuln_8_x86_O1,asm_noise,mov_reg_imm add_reg_imm ret,0
inline_asm_vuln_8_x86_O1,_start,xor_reg_reg mov_reg_reg pop_reg mov_reg_reg and_reg_imm push_reg push_reg xor_reg_reg xor_reg_reg mov_reg_imm call_indirect hlt,0
inline_asm_vuln_8_x86_O1,main,cmp_reg_imm jg_imm mov_reg_imm ret sub_reg_imm mov_reg_mem call_internal mov_reg_imm add_reg_imm ret,0
inline_asm_vuln_8_x86_O1,vulnerable,push_reg sub_reg_imm mov_reg_reg call_internal mov_reg_reg mov_reg_reg call_strcpy add_reg_imm pop_reg ret,1
inline_asm_vuln_8_x86_O2,asm_noise,mov_reg_imm add_reg_imm ret,0
inline_asm_vuln_8_x86_O2,_start,xor_reg_reg mov_reg_reg pop_reg mov_reg_reg and_reg_imm push_reg push_reg xor_reg_reg xor_reg_reg mov_reg_imm call_indirect hlt,0
inline_asm_vuln_8_x86_O2,main,cmp_reg_imm jg_imm xor_reg_reg ret push_reg mov_reg_mem call_internal xor_reg_reg pop_reg ret,0
inline_asm_vuln_8_x86_O2,vulnerable,sub_reg_imm mov_reg_reg mov_reg_imm add_reg_imm mov_reg_reg call_strcpy add_reg_imm ret,1
inline_asm_vuln_8_x86_O3,asm_noise,mov_reg_imm add_reg_imm ret,0
inline_asm_vuln_8_x86_O3,_start,xor_reg_reg mov_reg_reg pop_reg mov_reg_reg and_reg_imm push_reg push_reg xor_reg_reg xor_reg_reg mov_reg_imm call_indirect hlt,0
inline_asm_vuln_8_x86_O3,main,cmp_reg_imm jg_imm xor_reg_reg ret sub_reg_imm mov_reg_imm add_reg_imm mov_reg_mem mov_reg_reg call_strcpy xor_reg_reg add_reg_imm ret,0
inline_asm_vuln_8_x86_O3,vulnerable,sub_reg_imm mov_reg_reg mov_reg_imm add_reg_imm mov_reg_reg call_strcpy add_reg_imm ret,1
inline_asm_vuln_9_x86_O0,asm_noise,push_reg mov_reg_reg mov_reg_imm add_reg_imm nop pop_reg ret,0
inline_asm_vuln_9_x86_O0,_start,xor_reg_reg mov_reg_reg pop_reg mov_reg_reg and_reg_imm push_reg push_reg xor_reg_reg xor_reg_reg mov_reg_imm call_indirect hlt,0
inline_asm_vuln_9_x86_O0,main,push_reg mov_reg_reg sub_reg_imm mov_mem_reg mov_mem_reg cmp_mem_imm jle_imm mov_reg_mem add_reg_imm mov_reg_mem mov_reg_reg call_internal mov_reg_imm leave ret,0
inline_asm_vuln_9_x86_O0,vulnerable,push_reg mov_reg_reg sub_reg_imm mov_mem_reg call_internal mov_reg_mem lea_reg_mem mov_reg_reg mov_reg_reg call_strcpy nop leave ret,1
inline_asm_vuln_9_x86_O1,asm_noise,mov_reg_imm add_reg_imm ret,0
inline_asm_vuln_9_x86_O1,_start,xor_reg_reg mov_reg_reg pop_reg mov_reg_reg and_reg_imm push_reg push_reg xor_reg_reg xor_reg_reg mov_reg_imm call_indirect hlt,0
inline_asm_vuln_9_x86_O1,main,cmp_reg_imm jg_imm mov_reg_imm ret sub_reg_imm mov_reg_mem call_internal mov_reg_imm add_reg_imm ret,0
inline_asm_vuln_9_x86_O1,vulnerable,push_reg sub_reg_imm mov_reg_reg call_internal mov_reg_reg mov_reg_reg call_strcpy add_reg_imm pop_reg ret,1
inline_asm_vuln_9_x86_O2,asm_noise,mov_reg_imm add_reg_imm ret,0
inline_asm_vuln_9_x86_O2,_start,xor_reg_reg mov_reg_reg pop_reg mov_reg_reg and_reg_imm push_reg push_reg xor_reg_reg xor_reg_reg mov_reg_imm call_indirect hlt,0
inline_asm_vuln_9_x86_O2,main,cmp_reg_imm jg_imm xor_reg_reg ret push_reg mov_reg_mem call_internal xor_reg_reg pop_reg ret,0
inline_asm_vuln_9_x86_O2,vulnerable,sub_reg_imm mov_reg_reg mov_reg_imm add_reg_imm mov_reg_reg call_strcpy add_reg_imm ret,1
inline_asm_vuln_9_x86_O3,asm_noise,mov_reg_imm add_reg_imm ret,0
inline_asm_vuln_9_x86_O3,_start,xor_reg_reg mov_reg_reg pop_reg mov_reg_reg and_reg_imm push_reg push_reg xor_reg_reg xor_reg_reg mov_reg_imm call_indirect hlt,0
inline_asm_vuln_9_x86_O3,main,cmp_reg_imm jg_imm xor_reg_reg ret sub_reg_imm mov_reg_imm add_reg_imm mov_reg_mem mov_reg_reg call_strcpy xor_reg_reg add_reg_imm ret,0
inline_asm_vuln_9_x86_O3,vulnerable,sub_reg_imm mov_reg_reg mov_reg_imm add_reg_imm mov_reg_reg call_strcpy add_reg_imm ret,1
int_overflow_vuln_0_x86_O0,_start,xor_reg_reg mov_reg_reg pop_reg mov_reg_reg and_reg_imm push_reg push_reg xor_reg_reg xor_reg_reg mov_reg_imm call_indirect hlt,0
int_overflow_vuln_0_x86_O0,main,push_reg mov_reg_reg sub_reg_imm mov_mem_imm mov_mem_imm mov_reg_mem imul_reg_mem mov_mem_reg mov_reg_mem lea_reg_mem mov_reg_reg mov_reg_reg mov_reg_imm call_printf mov_reg_imm leave ret,0
int_overflow_vuln_0_x86_O1,_start,xor_reg_reg mov_reg_reg pop_reg mov_reg_reg and_reg_imm push_reg push_reg xor_reg_reg xor_reg_reg mov_reg_imm call_indirect hlt,0
int_overflow_vuln_0_x86_O1,main,sub_reg_imm mov_reg_imm lea_reg_mem mov_reg_imm call_printf mov_reg_imm add_reg_imm ret,0
int_overflow_vuln_0_x86_O2,_start,xor_reg_reg mov_reg_reg pop_reg mov_reg_reg and_reg_imm push_reg push_reg xor_reg_reg xor_reg_reg mov_reg_imm call_indirect hlt,0
int_overflow_vuln_0_x86_O2,main,sub_reg_imm mov_reg_imm lea_reg_mem xor_reg_reg call_printf xor_reg_reg add_reg_imm ret,0
int_overflow_vuln_0_x86_O3,_start,xor_reg_reg mov_reg_reg pop_reg mov_reg_reg and_reg_imm push_reg push_reg xor_reg_reg xor_reg_reg mov_reg_imm call_indirect hlt,0
int_overflow_vuln_0_x86_O3,main,sub_reg_imm mov_reg_imm lea_reg_mem xor_reg_reg call_printf xor_reg_reg add_reg_imm ret,0
int_overflow_vuln_1_x86_O0,_start,xor_reg_reg mov_reg_reg pop_reg mov_reg_reg and_reg_imm push_reg push_reg xor_reg_reg xor_reg_reg mov_reg_imm call_indirect hlt,0
int_overflow_vuln_1_x86_O0,main,push_reg mov_reg_reg sub_reg_imm mov_mem_imm mov_mem_imm mov_reg_mem imul_reg_mem mov_mem_reg mov_reg_mem lea_reg_mem mov_reg_reg mov_reg_reg mov_reg_imm call_printf mov_reg_imm leave ret,0
int_overflow_vuln_1_x86_O1,_start,xor_reg_reg mov_reg_reg pop_reg mov_reg_reg and_reg_imm push_reg push_reg xor_reg_reg xor_reg_reg mov_reg_imm call_indirect hlt,0
int_overflow_vuln_1_x86_O1,main,sub_reg_imm mov_reg_imm lea_reg_mem mov_reg_imm call_printf mov_reg_imm add_reg_imm ret,0
int_overflow_vuln_1_x86_O2,_start,xor_reg_reg mov_reg_reg pop_reg mov_reg_reg and_reg_imm push_reg push_reg xor_reg_reg xor_reg_reg mov_reg_imm call_indirect hlt,0
int_overflow_vuln_1_x86_O2,main,sub_reg_imm mov_reg_imm lea_reg_mem xor_reg_reg call_printf xor_reg_reg add_reg_imm ret,0
int_overflow_vuln_1_x86_O3,_start,xor_reg_reg mov_reg_reg pop_reg mov_reg_reg and_reg_imm push_reg push_reg xor_reg_reg xor_reg_reg mov_reg_imm call_indirect hlt,0
int_overflow_vuln_1_x86_O3,main,sub_reg_imm mov_reg_imm lea_reg_mem xor_reg_reg call_printf xor_reg_reg add_reg_imm ret,0
int_overflow_vuln_2_x86_O0,_start,xor_reg_reg mov_reg_reg pop_reg mov_reg_reg and_reg_imm push_reg push_reg xor_reg_reg xor_reg_reg mov_reg_imm call_indirect hlt,0
int_overflow_vuln_2_x86_O0,main,push_reg mov_reg_reg sub_reg_imm mov_mem_imm mov_mem_imm mov_reg_mem imul_reg_mem mov_mem_reg mov_reg_mem lea_reg_mem mov_reg_reg mov_reg_reg mov_reg_imm call_printf mov_reg_imm leave ret,0
int_overflow_vuln_2_x86_O1,_start,xor_reg_reg mov_reg_reg pop_reg mov_reg_reg and_reg_imm push_reg push_reg xor_reg_reg xor_reg_reg mov_reg_imm call_indirect hlt,0
int_overflow_vuln_2_x86_O1,main,sub_reg_imm mov_reg_imm lea_reg_mem mov_reg_imm call_printf mov_reg_imm add_reg_imm ret,0
int_overflow_vuln_2_x86_O2,_start,xor_reg_reg mov_reg_reg pop_reg mov_reg_reg and_reg_imm push_reg push_reg xor_reg_reg xor_reg_reg mov_reg_imm call_indirect hlt,0
int_overflow_vuln_2_x86_O2,main,sub_reg_imm mov_reg_imm lea_reg_mem xor_reg_reg call_printf xor_reg_reg add_reg_imm ret,0
int_overflow_vuln_2_x86_O3,_start,xor_reg_reg mov_reg_reg pop_reg mov_reg_reg and_reg_imm push_reg push_reg xor_reg_reg xor_reg_reg mov_reg_imm call_indirect hlt,0
int_overflow_vuln_2_x86_O3,main,sub_reg_imm mov_reg_imm lea_reg_mem xor_reg_reg call_printf xor_reg_reg add_reg_imm ret,0
int_overflow_vuln_3_x86_O0,_start,xor_reg_reg mov_reg_reg pop_reg mov_reg_reg and_reg_imm push_reg push_reg xor_reg_reg xor_reg_reg mov_reg_imm call_indirect hlt,0
int_overflow_vuln_3_x86_O0,main,push_reg mov_reg_reg sub_reg_imm mov_mem_imm mov_mem_imm mov_reg_mem imul_reg_mem mov_mem_reg mov_reg_mem lea_reg_mem mov_reg_reg mov_reg_reg mov_reg_imm call_printf mov_reg_imm leave ret,0
int_overflow_vuln_3_x86_O1,_start,xor_reg_reg mov_reg_reg pop_reg mov_reg_reg and_reg_imm push_reg push_reg xor_reg_reg xor_reg_reg mov_reg_imm call_indirect hlt,0
int_overflow_vuln_3_x86_O1,main,sub_reg_imm mov_reg_imm lea_reg_mem mov_reg_imm call_printf mov_reg_imm add_reg_imm ret,0
int_overflow_vuln_3_x86_O2,_start,xor_reg_reg mov_reg_reg pop_reg mov_reg_reg and_reg_imm push_reg push_reg xor_reg_reg xor_reg_reg mov_reg_imm call_indirect hlt,0
int_overflow_vuln_3_x86_O2,main,sub_reg_imm mov_reg_imm lea_reg_mem xor_reg_reg call_printf xor_reg_reg add_reg_imm ret,0
int_overflow_vuln_3_x86_O3,_start,xor_reg_reg mov_reg_reg pop_reg mov_reg_reg and_reg_imm push_reg push_reg xor_reg_reg xor_reg_reg mov_reg_imm call_indirect hlt,0
int_overflow_vuln_3_x86_O3,main,sub_reg_imm mov_reg_imm lea_reg_mem xor_reg_reg call_printf xor_reg_reg add_reg_imm ret,0
int_overflow_vuln_4_x86_O0,_start,xor_reg_reg mov_reg_reg pop_reg mov_reg_reg and_reg_imm push_reg push_reg xor_reg_reg xor_reg_reg mov_reg_imm call_indirect hlt,0
int_overflow_vuln_4_x86_O0,main,push_reg mov_reg_reg sub_reg_imm mov_mem_imm mov_mem_imm mov_reg_mem imul_reg_mem mov_mem_reg mov_reg_mem lea_reg_mem mov_reg_reg mov_reg_reg mov_reg_imm call_printf mov_reg_imm leave ret,0
int_overflow_vuln_4_x86_O1,_start,xor_reg_reg mov_reg_reg pop_reg mov_reg_reg and_reg_imm push_reg push_reg xor_reg_reg xor_reg_reg mov_reg_imm call_indirect hlt,0
int_overflow_vuln_4_x86_O1,main,sub_reg_imm mov_reg_imm lea_reg_mem mov_reg_imm call_printf mov_reg_imm add_reg_imm ret,0
int_overflow_vuln_4_x86_O2,_start,xor_reg_reg mov_reg_reg pop_reg mov_reg_reg and_reg_imm push_reg push_reg xor_reg_reg xor_reg_reg mov_reg_imm call_indirect hlt,0
int_overflow_vuln_4_x86_O2,main,sub_reg_imm mov_reg_imm lea_reg_mem xor_reg_reg call_printf xor_reg_reg add_reg_imm ret,0
int_overflow_vuln_4_x86_O3,_start,xor_reg_reg mov_reg_reg pop_reg mov_reg_reg and_reg_imm push_reg push_reg xor_reg_reg xor_reg_reg mov_reg_imm call_indirect hlt,0
int_overflow_vuln_4_x86_O3,main,sub_reg_imm mov_reg_imm lea_reg_mem xor_reg_reg call_printf xor_reg_reg add_reg_imm ret,0
int_overflow_vuln_5_x86_O0,_start,xor_reg_reg mov_reg_reg pop_reg mov_reg_reg and_reg_imm push_reg push_reg xor_reg_reg xor_reg_reg mov_reg_imm call_indirect hlt,0
int_overflow_vuln_5_x86_O0,main,push_reg mov_reg_reg sub_reg_imm mov_mem_imm mov_mem_imm mov_reg_mem imul_reg_mem mov_mem_reg mov_reg_mem lea_reg_mem mov_reg_reg mov_reg_reg mov_reg_imm call_printf mov_reg_imm leave ret,0
int_overflow_vuln_5_x86_O1,_start,xor_reg_reg mov_reg_reg pop_reg mov_reg_reg and_reg_imm push_reg push_reg xor_reg_reg xor_reg_reg mov_reg_imm call_indirect hlt,0
int_overflow_vuln_5_x86_O1,main,sub_reg_imm mov_reg_imm lea_reg_mem mov_reg_imm call_printf mov_reg_imm add_reg_imm ret,0
int_overflow_vuln_5_x86_O2,_start,xor_reg_reg mov_reg_reg pop_reg mov_reg_reg and_reg_imm push_reg push_reg xor_reg_reg xor_reg_reg mov_reg_imm call_indirect hlt,0
int_overflow_vuln_5_x86_O2,main,sub_reg_imm mov_reg_imm lea_reg_mem xor_reg_reg call_printf xor_reg_reg add_reg_imm ret,0
int_overflow_vuln_5_x86_O3,_start,xor_reg_reg mov_reg_reg pop_reg mov_reg_reg and_reg_imm push_reg push_reg xor_reg_reg xor_reg_reg mov_reg_imm call_indirect hlt,0
int_overflow_vuln_5_x86_O3,main,sub_reg_imm mov_reg_imm lea_reg_mem xor_reg_reg call_printf xor_reg_reg add_reg_imm ret,0
int_overflow_vuln_6_x86_O0,_start,xor_reg_reg mov_reg_reg pop_reg mov_reg_reg and_reg_imm push_reg push_reg xor_reg_reg xor_reg_reg mov_reg_imm call_indirect hlt,0
int_overflow_vuln_6_x86_O0,main,push_reg mov_reg_reg sub_reg_imm mov_mem_imm mov_mem_imm mov_reg_mem imul_reg_mem mov_mem_reg mov_reg_mem lea_reg_mem mov_reg_reg mov_reg_reg mov_reg_imm call_printf mov_reg_imm leave ret,0
int_overflow_vuln_6_x86_O1,_start,xor_reg_reg mov_reg_reg pop_reg mov_reg_reg and_reg_imm push_reg push_reg xor_reg_reg xor_reg_reg mov_reg_imm call_indirect hlt,0
int_overflow_vuln_6_x86_O1,main,sub_reg_imm mov_reg_imm lea_reg_mem mov_reg_imm call_printf mov_reg_imm add_reg_imm ret,0
int_overflow_vuln_6_x86_O2,_start,xor_reg_reg mov_reg_reg pop_reg mov_reg_reg and_reg_imm push_reg push_reg xor_reg_reg xor_reg_reg mov_reg_imm call_indirect hlt,0
int_overflow_vuln_6_x86_O2,main,sub_reg_imm mov_reg_imm lea_reg_mem xor_reg_reg call_printf xor_reg_reg add_reg_imm ret,0
int_overflow_vuln_6_x86_O3,_start,xor_reg_reg mov_reg_reg pop_reg mov_reg_reg and_reg_imm push_reg push_reg xor_reg_reg xor_reg_reg mov_reg_imm call_indirect hlt,0
int_overflow_vuln_6_x86_O3,main,sub_reg_imm mov_reg_imm lea_reg_mem xor_reg_reg call_printf xor_reg_reg add_reg_imm ret,0
int_overflow_vuln_7_x86_O0,_start,xor_reg_reg mov_reg_reg pop_reg mov_reg_reg and_reg_imm push_reg push_reg xor_reg_reg xor_reg_reg mov_reg_imm call_indirect hlt,0
int_overflow_vuln_7_x86_O0,main,push_reg mov_reg_reg sub_reg_imm mov_mem_imm mov_mem_imm mov_reg_mem imul_reg_mem mov_mem_reg mov_reg_mem lea_reg_mem mov_reg_reg mov_reg_reg mov_reg_imm call_printf mov_reg_imm leave ret,0
int_overflow_vuln_7_x86_O1,_start,xor_reg_reg mov_reg_reg pop_reg mov_reg_reg and_reg_imm push_reg push_reg xor_reg_reg xor_reg_reg mov_reg_imm call_indirect hlt,0
int_overflow_vuln_7_x86_O1,main,sub_reg_imm mov_reg_imm lea_reg_mem mov_reg_imm call_printf mov_reg_imm add_reg_imm ret,0
int_overflow_vuln_7_x86_O2,_start,xor_reg_reg mov_reg_reg pop_reg mov_reg_reg and_reg_imm push_reg push_reg xor_reg_reg xor_reg_reg mov_reg_imm call_indirect hlt,0
int_overflow_vuln_7_x86_O2,main,sub_reg_imm mov_reg_imm lea_reg_mem xor_reg_reg call_printf xor_reg_reg add_reg_imm ret,0
int_overflow_vuln_7_x86_O3,_start,xor_reg_reg mov_reg_reg pop_reg mov_reg_reg and_reg_imm push_reg push_reg xor_reg_reg xor_reg_reg mov_reg_imm call_indirect hlt,0
int_overflow_vuln_7_x86_O3,main,sub_reg_imm mov_reg_imm lea_reg_mem xor_reg_reg call_printf xor_reg_reg add_reg_imm ret,0
int_overflow_vuln_8_x86_O0,_start,xor_reg_reg mov_reg_reg pop_reg mov_reg_reg and_reg_imm push_reg push_reg xor_reg_reg xor_reg_reg mov_reg_imm call_indirect hlt,0
int_overflow_vuln_8_x86_O0,main,push_reg mov_reg_reg sub_reg_imm mov_mem_imm mov_mem_imm mov_reg_mem imul_reg_mem mov_mem_reg mov_reg_mem lea_reg_mem mov_reg_reg mov_reg_reg mov_reg_imm call_printf mov_reg_imm leave ret,0
int_overflow_vuln_8_x86_O1,_start,xor_reg_reg mov_reg_reg pop_reg mov_reg_reg and_reg_imm push_reg push_reg xor_reg_reg xor_reg_reg mov_reg_imm call_indirect hlt,0
int_overflow_vuln_8_x86_O1,main,sub_reg_imm mov_reg_imm lea_reg_mem mov_reg_imm call_printf mov_reg_imm add_reg_imm ret,0
int_overflow_vuln_8_x86_O2,_start,xor_reg_reg mov_reg_reg pop_reg mov_reg_reg and_reg_imm push_reg push_reg xor_reg_reg xor_reg_reg mov_reg_imm call_indirect hlt,0
int_overflow_vuln_8_x86_O2,main,sub_reg_imm mov_reg_imm lea_reg_mem xor_reg_reg call_printf xor_reg_reg add_reg_imm ret,0
int_overflow_vuln_8_x86_O3,_start,xor_reg_reg mov_reg_reg pop_reg mov_reg_reg and_reg_imm push_reg push_reg xor_reg_reg xor_reg_reg mov_reg_imm call_indirect hlt,0
int_overflow_vuln_8_x86_O3,main,sub_reg_imm mov_reg_imm lea_reg_mem xor_reg_reg call_printf xor_reg_reg add_reg_imm ret,0
int_overflow_vuln_9_x86_O0,_start,xor_reg_reg mov_reg_reg pop_reg mov_reg_reg and_reg_imm push_reg push_reg xor_reg_reg xor_reg_reg mov_reg_imm call_indirect hlt,0
int_overflow_vuln_9_x86_O0,main,push_reg mov_reg_reg sub_reg_imm mov_mem_imm mov_mem_imm mov_reg_mem imul_reg_mem mov_mem_reg mov_reg_mem lea_reg_mem mov_reg_reg mov_reg_reg mov_reg_imm call_printf mov_reg_imm leave ret,0
int_overflow_vuln_9_x86_O1,_start,xor_reg_reg mov_reg_reg pop_reg mov_reg_reg and_reg_imm push_reg push_reg xor_reg_reg xor_reg_reg mov_reg_imm call_indirect hlt,0
int_overflow_vuln_9_x86_O1,main,sub_reg_imm mov_reg_imm lea_reg_mem mov_reg_imm call_printf mov_reg_imm add_reg_imm ret,0
int_overflow_vuln_9_x86_O2,_start,xor_reg_reg mov_reg_reg pop_reg mov_reg_reg and_reg_imm push_reg push_reg xor_reg_reg xor_reg_reg mov_reg_imm call_indirect hlt,0
int_overflow_vuln_9_x86_O2,main,sub_reg_imm mov_reg_imm lea_reg_mem xor_reg_reg call_printf xor_reg_reg add_reg_imm ret,0
int_overflow_vuln_9_x86_O3,_start,xor_reg_reg mov_reg_reg pop_reg mov_reg_reg and_reg_imm push_reg push_reg xor_reg_reg xor_reg_reg mov_reg_imm call_indirect hlt,0
int_overflow_vuln_9_x86_O3,main,sub_reg_imm mov_reg_imm lea_reg_mem xor_reg_reg call_printf xor_reg_reg add_reg_imm ret,0
int_safe_0_x86_O0,safe_mul,push_reg mov_reg_reg mov_mem_reg mov_mem_reg mov_reg_imm cdq idiv_mem cmp_mem_reg jle_imm mov_reg_imm jmp_imm mov_reg_mem imul_reg_mem pop_reg ret,0
int_safe_0_x86_O0,_start,xor_reg_reg mov_reg_reg pop_reg mov_reg_reg and_reg_imm push_reg push_reg xor_reg_reg xor_reg_reg mov_reg_imm call_indirect hlt,0
int_safe_0_x86_O0,main,push_reg mov_reg_reg mov_reg_imm mov_reg_imm call_internal mov_reg_reg lea_reg_mem mov_reg_reg mov_reg_reg mov_reg_imm call_printf mov_reg_imm pop_reg ret,0
int_safe_0_x86_O1,safe_mul,mov_reg_imm mov_reg_imm idiv_reg cmp_reg_reg jl_imm mov_reg_reg imul_reg_reg ret mov_reg_imm ret,0
int_safe_0_x86_O1,_start,xor_reg_reg mov_reg_reg pop_reg mov_reg_reg and_reg_imm push_reg push_reg xor_reg_reg xor_reg_reg mov_reg_imm call_indirect hlt,0
int_safe_0_x86_O1,main,sub_reg_imm mov_reg_imm lea_reg_mem mov_reg_imm call_printf mov_reg_imm add_reg_imm ret,0
int_safe_0_x86_O2,safe_mul,mov_reg_imm xor_reg_reg idiv_reg cmp_reg_reg jl_imm mov_reg_reg imul_reg_reg ret nop_mem mov_reg_imm ret,0
int_safe_0_x86_O2,_start,xor_reg_reg mov_reg_reg pop_reg mov_reg_reg and_reg_imm push_reg push_reg xor_reg_reg xor_reg_reg mov_reg_imm call_indirect hlt,0
int_safe_0_x86_O2,main,sub_reg_imm mov_reg_imm lea_reg_mem xor_reg_reg call_printf xor_reg_reg add_reg_imm ret,0
int_safe_0_x86_O3,safe_mul,mov_reg_imm xor_reg_reg idiv_reg cmp_reg_reg jl_imm mov_reg_reg imul_reg_reg ret nop_mem mov_reg_imm ret,0
int_safe_0_x86_O3,_start,xor_reg_reg mov_reg_reg pop_reg mov_reg_reg and_reg_imm push_reg push_reg xor_reg_reg xor_reg_reg mov_reg_imm call_indirect hlt,0
int_safe_0_x86_O3,main,sub_reg_imm mov_reg_imm lea_reg_mem xor_reg_reg call_printf xor_reg_reg add_reg_imm ret,0
int_safe_1_x86_O0,safe_mul,push_reg mov_reg_reg mov_mem_reg mov_mem_reg mov_reg_imm cdq idiv_mem cmp_mem_reg jle_imm mov_reg_imm jmp_imm mov_reg_mem imul_reg_mem pop_reg ret,0
int_safe_1_x86_O0,_start,xor_reg_reg mov_reg_reg pop_reg mov_reg_reg and_reg_imm push_reg push_reg xor_reg_reg xor_reg_reg mov_reg_imm call_indirect hlt,0
int_safe_1_x86_O0,main,push_reg mov_reg_reg mov_reg_imm mov_reg_imm call_internal mov_reg_reg lea_reg_mem mov_reg_reg mov_reg_reg mov_reg_imm call_printf mov_reg_imm pop_reg ret,0
int_safe_1_x86_O1,safe_mul,mov_reg_imm mov_reg_imm idiv_reg cmp_reg_reg jl_imm mov_reg_reg imul_reg_reg ret mov_reg_imm ret,0
int_safe_1_x86_O1,_start,xor_reg_reg mov_reg_reg pop_reg mov_reg_reg and_reg_imm push_reg push_reg xor_reg_reg xor_reg_reg mov_reg_imm call_indirect hlt,0
int_safe_1_x86_O1,main,sub_reg_imm mov_reg_imm lea_reg_mem mov_reg_imm call_printf mov_reg_imm add_reg_imm ret,0
int_safe_1_x86_O2,safe_mul,mov_reg_imm xor_reg_reg idiv_reg cmp_reg_reg jl_imm mov_reg_reg imul_reg_reg ret nop_mem mov_reg_imm ret,0
int_safe_1_x86_O2,_start,xor_reg_reg mov_reg_reg pop_reg mov_reg_reg and_reg_imm push_reg push_reg xor_reg_reg xor_reg_reg mov_reg_imm call_indirect hlt,0
int_safe_1_x86_O2,main,sub_reg_imm mov_reg_imm lea_reg_mem xor_reg_reg call_printf xor_reg_reg add_reg_imm ret,0
int_safe_1_x86_O3,safe_mul,mov_reg_imm xor_reg_reg idiv_reg cmp_reg_reg jl_imm mov_reg_reg imul_reg_reg ret nop_mem mov_reg_imm ret,0
int_safe_1_x86_O3,_start,xor_reg_reg mov_reg_reg pop_reg mov_reg_reg and_reg_imm push_reg push_reg xor_reg_reg xor_reg_reg mov_reg_imm call_indirect hlt,0
int_safe_1_x86_O3,main,sub_reg_imm mov_reg_imm lea_reg_mem xor_reg_reg call_printf xor_reg_reg add_reg_imm ret,0
int_safe_2_x86_O0,safe_mul,push_reg mov_reg_reg mov_mem_reg mov_mem_reg mov_reg_imm cdq idiv_mem cmp_mem_reg jle_imm mov_reg_imm jmp_imm mov_reg_mem imul_reg_mem pop_reg ret,0
int_safe_2_x86_O0,_start,xor_reg_reg mov_reg_reg pop_reg mov_reg_reg and_reg_imm push_reg push_reg xor_reg_reg xor_reg_reg mov_reg_imm call_indirect hlt,0
int_safe_2_x86_O0,main,push_reg mov_reg_reg mov_reg_imm mov_reg_imm call_internal mov_reg_reg lea_reg_mem mov_reg_reg mov_reg_reg mov_reg_imm call_printf mov_reg_imm pop_reg ret,0
int_safe_2_x86_O1,safe_mul,mov_reg_imm mov_reg_imm idiv_reg cmp_reg_reg jl_imm mov_reg_reg imul_reg_reg ret mov_reg_imm ret,0
int_safe_2_x86_O1,_start,xor_reg_reg mov_reg_reg pop_reg mov_reg_reg and_reg_imm push_reg push_reg xor_reg_reg xor_reg_reg mov_reg_imm call_indirect hlt,0
int_safe_2_x86_O1,main,sub_reg_imm mov_reg_imm lea_reg_mem mov_reg_imm call_printf mov_reg_imm add_reg_imm ret,0
int_safe_2_x86_O2,safe_mul,mov_reg_imm xor_reg_reg idiv_reg cmp_reg_reg jl_imm mov_reg_reg imul_reg_reg ret nop_mem mov_reg_imm ret,0
int_safe_2_x86_O2,_start,xor_reg_reg mov_reg_reg pop_reg mov_reg_reg and_reg_imm push_reg push_reg xor_reg_reg xor_reg_reg mov_reg_imm call_indirect hlt,0
int_safe_2_x86_O2,main,sub_reg_imm mov_reg_imm lea_reg_mem xor_reg_reg call_printf xor_reg_reg add_reg_imm ret,0
int_safe_2_x86_O3,safe_mul,mov_reg_imm xor_reg_reg idiv_reg cmp_reg_reg jl_imm mov_reg_reg imul_reg_reg ret nop_mem mov_reg_imm ret,0
int_safe_2_x86_O3,_start,xor_reg_reg mov_reg_reg pop_reg mov_reg_reg and_reg_imm push_reg push_reg xor_reg_reg xor_reg_reg mov_reg_imm call_indirect hlt,0
int_safe_2_x86_O3,main,sub_reg_imm mov_reg_imm lea_reg_mem xor_reg_reg call_printf xor_reg_reg add_reg_imm ret,0
int_safe_3_x86_O0,safe_mul,push_reg mov_reg_reg mov_mem_reg mov_mem_reg mov_reg_imm cdq idiv_mem cmp_mem_reg jle_imm mov_reg_imm jmp_imm mov_reg_mem imul_reg_mem pop_reg ret,0
int_safe_3_x86_O0,_start,xor_reg_reg mov_reg_reg pop_reg mov_reg_reg and_reg_imm push_reg push_reg xor_reg_reg xor_reg_reg mov_reg_imm call_indirect hlt,0
int_safe_3_x86_O0,main,push_reg mov_reg_reg mov_reg_imm mov_reg_imm call_internal mov_reg_reg lea_reg_mem mov_reg_reg mov_reg_reg mov_reg_imm call_printf mov_reg_imm pop_reg ret,0
int_safe_3_x86_O1,safe_mul,mov_reg_imm mov_reg_imm idiv_reg cmp_reg_reg jl_imm mov_reg_reg imul_reg_reg ret mov_reg_imm ret,0
int_safe_3_x86_O1,_start,xor_reg_reg mov_reg_reg pop_reg mov_reg_reg and_reg_imm push_reg push_reg xor_reg_reg xor_reg_reg mov_reg_imm call_indirect hlt,0
int_safe_3_x86_O1,main,sub_reg_imm mov_reg_imm lea_reg_mem mov_reg_imm call_printf mov_reg_imm add_reg_imm ret,0
int_safe_3_x86_O2,safe_mul,mov_reg_imm xor_reg_reg idiv_reg cmp_reg_reg jl_imm mov_reg_reg imul_reg_reg ret nop_mem mov_reg_imm ret,0
int_safe_3_x86_O2,_start,xor_reg_reg mov_reg_reg pop_reg mov_reg_reg and_reg_imm push_reg push_reg xor_reg_reg xor_reg_reg mov_reg_imm call_indirect hlt,0
int_safe_3_x86_O2,main,sub_reg_imm mov_reg_imm lea_reg_mem xor_reg_reg call_printf xor_reg_reg add_reg_imm ret,0
int_safe_3_x86_O3,safe_mul,mov_reg_imm xor_reg_reg idiv_reg cmp_reg_reg jl_imm mov_reg_reg imul_reg_reg ret nop_mem mov_reg_imm ret,0
int_safe_3_x86_O3,_start,xor_reg_reg mov_reg_reg pop_reg mov_reg_reg and_reg_imm push_reg push_reg xor_reg_reg xor_reg_reg mov_reg_imm call_indirect hlt,0
int_safe_3_x86_O3,main,sub_reg_imm mov_reg_imm lea_reg_mem xor_reg_reg call_printf xor_reg_reg add_reg_imm ret,0
int_safe_4_x86_O0,safe_mul,push_reg mov_reg_reg mov_mem_reg mov_mem_reg mov_reg_imm cdq idiv_mem cmp_mem_reg jle_imm mov_reg_imm jmp_imm mov_reg_mem imul_reg_mem pop_reg ret,0
int_safe_4_x86_O0,_start,xor_reg_reg mov_reg_reg pop_reg mov_reg_reg and_reg_imm push_reg push_reg xor_reg_reg xor_reg_reg mov_reg_imm call_indirect hlt,0
int_safe_4_x86_O0,main,push_reg mov_reg_reg mov_reg_imm mov_reg_imm call_internal mov_reg_reg lea_reg_mem mov_reg_reg mov_reg_reg mov_reg_imm call_printf mov_reg_imm pop_reg ret,0
int_safe_4_x86_O1,safe_mul,mov_reg_imm mov_reg_imm idiv_reg cmp_reg_reg jl_imm mov_reg_reg imul_reg_reg ret mov_reg_imm ret,0
int_safe_4_x86_O1,_start,xor_reg_reg mov_reg_reg pop_reg mov_reg_reg and_reg_imm push_reg push_reg xor_reg_reg xor_reg_reg mov_reg_imm call_indirect hlt,0
int_safe_4_x86_O1,main,sub_reg_imm mov_reg_imm lea_reg_mem mov_reg_imm call_printf mov_reg_imm add_reg_imm ret,0
int_safe_4_x86_O2,safe_mul,mov_reg_imm xor_reg_reg idiv_reg cmp_reg_reg jl_imm mov_reg_reg imul_reg_reg ret nop_mem mov_reg_imm ret,0
int_safe_4_x86_O2,_start,xor_reg_reg mov_reg_reg pop_reg mov_reg_reg and_reg_imm push_reg push_reg xor_reg_reg xor_reg_reg mov_reg_imm call_indirect hlt,0
int_safe_4_x86_O2,main,sub_reg_imm mov_reg_imm lea_reg_mem xor_reg_reg call_printf xor_reg_reg add_reg_imm ret,0
int_safe_4_x86_O3,safe_mul,mov_reg_imm xor_reg_reg idiv_reg cmp_reg_reg jl_imm mov_reg_reg imul_reg_reg ret nop_mem mov_reg_imm ret,0
int_safe_4_x86_O3,_start,xor_reg_reg mov_reg_reg pop_reg mov_reg_reg and_reg_imm push_reg push_reg xor_reg_reg xor_reg_reg mov_reg_imm call_indirect hlt,0
int_safe_4_x86_O3,main,sub_reg_imm mov_reg_imm lea_reg_mem xor_reg_reg call_printf xor_reg_reg add_reg_imm ret,0
int_safe_5_x86_O0,safe_mul,push_reg mov_reg_reg mov_mem_reg mov_mem_reg mov_reg_imm cdq idiv_mem cmp_mem_reg jle_imm mov_reg_imm jmp_imm mov_reg_mem imul_reg_mem pop_reg ret,0
int_safe_5_x86_O0,_start,xor_reg_reg mov_reg_reg pop_reg mov_reg_reg and_reg_imm push_reg push_reg xor_reg_reg xor_reg_reg mov_reg_imm call_indirect hlt,0
int_safe_5_x86_O0,main,push_reg mov_reg_reg mov_reg_imm mov_reg_imm call_internal mov_reg_reg lea_reg_mem mov_reg_reg mov_reg_reg mov_reg_imm call_printf mov_reg_imm pop_reg ret,0
int_safe_5_x86_O1,safe_mul,mov_reg_imm mov_reg_imm idiv_reg cmp_reg_reg jl_imm mov_reg_reg imul_reg_reg ret mov_reg_imm ret,0
int_safe_5_x86_O1,_start,xor_reg_reg mov_reg_reg pop_reg mov_reg_reg and_reg_imm push_reg push_reg xor_reg_reg xor_reg_reg mov_reg_imm call_indirect hlt,0
int_safe_5_x86_O1,main,sub_reg_imm mov_reg_imm lea_reg_mem mov_reg_imm call_printf mov_reg_imm add_reg_imm ret,0
int_safe_5_x86_O2,safe_mul,mov_reg_imm xor_reg_reg idiv_reg cmp_reg_reg jl_imm mov_reg_reg imul_reg_reg ret nop_mem mov_reg_imm ret,0
int_safe_5_x86_O2,_start,xor_reg_reg mov_reg_reg pop_reg mov_reg_reg and_reg_imm push_reg push_reg xor_reg_reg xor_reg_reg mov_reg_imm call_indirect hlt,0
int_safe_5_x86_O2,main,sub_reg_imm mov_reg_imm lea_reg_mem xor_reg_reg call_printf xor_reg_reg add_reg_imm ret,0
int_safe_5_x86_O3,safe_mul,mov_reg_imm xor_reg_reg idiv_reg cmp_reg_reg jl_imm mov_reg_reg imul_reg_reg ret nop_mem mov_reg_imm ret,0
int_safe_5_x86_O3,_start,xor_reg_reg mov_reg_reg pop_reg mov_reg_reg and_reg_imm push_reg push_reg xor_reg_reg xor_reg_reg mov_reg_imm call_indirect hlt,0
int_safe_5_x86_O3,main,sub_reg_imm mov_reg_imm lea_reg_mem xor_reg_reg call_printf xor_reg_reg add_reg_imm ret,0
int_safe_6_x86_O0,safe_mul,push_reg mov_reg_reg mov_mem_reg mov_mem_reg mov_reg_imm cdq idiv_mem cmp_mem_reg jle_imm mov_reg_imm jmp_imm mov_reg_mem imul_reg_mem pop_reg ret,0
int_safe_6_x86_O0,_start,xor_reg_reg mov_reg_reg pop_reg mov_reg_reg and_reg_imm push_reg push_reg xor_reg_reg xor_reg_reg mov_reg_imm call_indirect hlt,0
int_safe_6_x86_O0,main,push_reg mov_reg_reg mov_reg_imm mov_reg_imm call_internal mov_reg_reg lea_reg_mem mov_reg_reg mov_reg_reg mov_reg_imm call_printf mov_reg_imm pop_reg ret,0
int_safe_6_x86_O1,safe_mul,mov_reg_imm mov_reg_imm idiv_reg cmp_reg_reg jl_imm mov_reg_reg imul_reg_reg ret mov_reg_imm ret,0
int_safe_6_x86_O1,_start,xor_reg_reg mov_reg_reg pop_reg mov_reg_reg and_reg_imm push_reg push_reg xor_reg_reg xor_reg_reg mov_reg_imm call_indirect hlt,0
int_safe_6_x86_O1,main,sub_reg_imm mov_reg_imm lea_reg_mem mov_reg_imm call_printf mov_reg_imm add_reg_imm ret,0
int_safe_6_x86_O2,safe_mul,mov_reg_imm xor_reg_reg idiv_reg cmp_reg_reg jl_imm mov_reg_reg imul_reg_reg ret nop_mem mov_reg_imm ret,0
int_safe_6_x86_O2,_start,xor_reg_reg mov_reg_reg pop_reg mov_reg_reg and_reg_imm push_reg push_reg xor_reg_reg xor_reg_reg mov_reg_imm call_indirect hlt,0
int_safe_6_x86_O2,main,sub_reg_imm mov_reg_imm lea_reg_mem xor_reg_reg call_printf xor_reg_reg add_reg_imm ret,0
int_safe_6_x86_O3,safe_mul,mov_reg_imm xor_reg_reg idiv_reg cmp_reg_reg jl_imm mov_reg_reg imul_reg_reg ret nop_mem mov_reg_imm ret,0
int_safe_6_x86_O3,_start,xor_reg_reg mov_reg_reg pop_reg mov_reg_reg and_reg_imm push_reg push_reg xor_reg_reg xor_reg_reg mov_reg_imm call_indirect hlt,0
int_safe_6_x86_O3,main,sub_reg_imm mov_reg_imm lea_reg_mem xor_reg_reg call_printf xor_reg_reg add_reg_imm ret,0
int_safe_7_x86_O0,safe_mul,push_reg mov_reg_reg mov_mem_reg mov_mem_reg mov_reg_imm cdq idiv_mem cmp_mem_reg jle_imm mov_reg_imm jmp_imm mov_reg_mem imul_reg_mem pop_reg ret,0
int_safe_7_x86_O0,_start,xor_reg_reg mov_reg_reg pop_reg mov_reg_reg and_reg_imm push_reg push_reg xor_reg_reg xor_reg_reg mov_reg_imm call_indirect hlt,0
int_safe_7_x86_O0,main,push_reg mov_reg_reg mov_reg_imm mov_reg_imm call_internal mov_reg_reg lea_reg_mem mov_reg_reg mov_reg_reg mov_reg_imm call_printf mov_reg_imm pop_reg ret,0
int_safe_7_x86_O1,safe_mul,mov_reg_imm mov_reg_imm idiv_reg cmp_reg_reg jl_imm mov_reg_reg imul_reg_reg ret mov_reg_imm ret,0
int_safe_7_x86_O1,_start,xor_reg_reg mov_reg_reg pop_reg mov_reg_reg and_reg_imm push_reg push_reg xor_reg_reg xor_reg_reg mov_reg_imm call_indirect hlt,0
int_safe_7_x86_O1,main,sub_reg_imm mov_reg_imm lea_reg_mem mov_reg_imm call_printf mov_reg_imm add_reg_imm ret,0
int_safe_7_x86_O2,safe_mul,mov_reg_imm xor_reg_reg idiv_reg cmp_reg_reg jl_imm mov_reg_reg imul_reg_reg ret nop_mem mov_reg_imm ret,0
int_safe_7_x86_O2,_start,xor_reg_reg mov_reg_reg pop_reg mov_reg_reg and_reg_imm push_reg push_reg xor_reg_reg xor_reg_reg mov_reg_imm call_indirect hlt,0
int_safe_7_x86_O2,main,sub_reg_imm mov_reg_imm lea_reg_mem xor_reg_reg call_printf xor_reg_reg add_reg_imm ret,0
int_safe_7_x86_O3,safe_mul,mov_reg_imm xor_reg_reg idiv_reg cmp_reg_reg jl_imm mov_reg_reg imul_reg_reg ret nop_mem mov_reg_imm ret,0
int_safe_7_x86_O3,_start,xor_reg_reg mov_reg_reg pop_reg mov_reg_reg and_reg_imm push_reg push_reg xor_reg_reg xor_reg_reg mov_reg_imm call_indirect hlt,0
int_safe_7_x86_O3,main,sub_reg_imm mov_reg_imm lea_reg_mem xor_reg_reg call_printf xor_reg_reg add_reg_imm ret,0
int_safe_8_x86_O0,safe_mul,push_reg mov_reg_reg mov_mem_reg mov_mem_reg mov_reg_imm cdq idiv_mem cmp_mem_reg jle_imm mov_reg_imm jmp_imm mov_reg_mem imul_reg_mem pop_reg ret,0
int_safe_8_x86_O0,_start,xor_reg_reg mov_reg_reg pop_reg mov_reg_reg and_reg_imm push_reg push_reg xor_reg_reg xor_reg_reg mov_reg_imm call_indirect hlt,0
int_safe_8_x86_O0,main,push_reg mov_reg_reg mov_reg_imm mov_reg_imm call_internal mov_reg_reg lea_reg_mem mov_reg_reg mov_reg_reg mov_reg_imm call_printf mov_reg_imm pop_reg ret,0
int_safe_8_x86_O1,safe_mul,mov_reg_imm mov_reg_imm idiv_reg cmp_reg_reg jl_imm mov_reg_reg imul_reg_reg ret mov_reg_imm ret,0
int_safe_8_x86_O1,_start,xor_reg_reg mov_reg_reg pop_reg mov_reg_reg and_reg_imm push_reg push_reg xor_reg_reg xor_reg_reg mov_reg_imm call_indirect hlt,0
int_safe_8_x86_O1,main,sub_reg_imm mov_reg_imm lea_reg_mem mov_reg_imm call_printf mov_reg_imm add_reg_imm ret,0
int_safe_8_x86_O2,safe_mul,mov_reg_imm xor_reg_reg idiv_reg cmp_reg_reg jl_imm mov_reg_reg imul_reg_reg ret nop_mem mov_reg_imm ret,0
int_safe_8_x86_O2,_start,xor_reg_reg mov_reg_reg pop_reg mov_reg_reg and_reg_imm push_reg push_reg xor_reg_reg xor_reg_reg mov_reg_imm call_indirect hlt,0
int_safe_8_x86_O2,main,sub_reg_imm mov_reg_imm lea_reg_mem xor_reg_reg call_printf xor_reg_reg add_reg_imm ret,0
int_safe_8_x86_O3,safe_mul,mov_reg_imm xor_reg_reg idiv_reg cmp_reg_reg jl_imm mov_reg_reg imul_reg_reg ret nop_mem mov_reg_imm ret,0
int_safe_8_x86_O3,_start,xor_reg_reg mov_reg_reg pop_reg mov_reg_reg and_reg_imm push_reg push_reg xor_reg_reg xor_reg_reg mov_reg_imm call_indirect hlt,0
int_safe_8_x86_O3,main,sub_reg_imm mov_reg_imm lea_reg_mem xor_reg_reg call_printf xor_reg_reg add_reg_imm ret,0
int_safe_9_x86_O0,safe_mul,push_reg mov_reg_reg mov_mem_reg mov_mem_reg mov_reg_imm cdq idiv_mem cmp_mem_reg jle_imm mov_reg_imm jmp_imm mov_reg_mem imul_reg_mem pop_reg ret,0
int_safe_9_x86_O0,_start,xor_reg_reg mov_reg_reg pop_reg mov_reg_reg and_reg_imm push_reg push_reg xor_reg_reg xor_reg_reg mov_reg_imm call_indirect hlt,0
int_safe_9_x86_O0,main,push_reg mov_reg_reg mov_reg_imm mov_reg_imm call_internal mov_reg_reg lea_reg_mem mov_reg_reg mov_reg_reg mov_reg_imm call_printf mov_reg_imm pop_reg ret,0
int_safe_9_x86_O1,safe_mul,mov_reg_imm mov_reg_imm idiv_reg cmp_reg_reg jl_imm mov_reg_reg imul_reg_reg ret mov_reg_imm ret,0
int_safe_9_x86_O1,_start,xor_reg_reg mov_reg_reg pop_reg mov_reg_reg and_reg_imm push_reg push_reg xor_reg_reg xor_reg_reg mov_reg_imm call_indirect hlt,0
int_safe_9_x86_O1,main,sub_reg_imm mov_reg_imm lea_reg_mem mov_reg_imm call_printf mov_reg_imm add_reg_imm ret,0
int_safe_9_x86_O2,safe_mul,mov_reg_imm xor_reg_reg idiv_reg cmp_reg_reg jl_imm mov_reg_reg imul_reg_reg ret nop_mem mov_reg_imm ret,0
int_safe_9_x86_O2,_start,xor_reg_reg mov_reg_reg pop_reg mov_reg_reg and_reg_imm push_reg push_reg xor_reg_reg xor_reg_reg mov_reg_imm call_indirect hlt,0
int_safe_9_x86_O2,main,sub_reg_imm mov_reg_imm lea_reg_mem xor_reg_reg call_printf xor_reg_reg add_reg_imm ret,0
int_safe_9_x86_O3,safe_mul,mov_reg_imm xor_reg_reg idiv_reg cmp_reg_reg jl_imm mov_reg_reg imul_reg_reg ret nop_mem mov_reg_imm ret,0
int_safe_9_x86_O3,_start,xor_reg_reg mov_reg_reg pop_reg mov_reg_reg and_reg_imm push_reg push_reg xor_reg_reg xor_reg_reg mov_reg_imm call_indirect hlt,0
int_safe_9_x86_O3,main,sub_reg_imm mov_reg_imm lea_reg_mem xor_reg_reg call_printf xor_reg_reg add_reg_imm ret,0
null_deref_safe_0_x86_O0,_start,xor_reg_reg mov_reg_reg pop_reg mov_reg_reg and_reg_imm push_reg push_reg xor_reg_reg xor_reg_reg mov_reg_imm call_indirect hlt,0
null_deref_safe_0_x86_O0,main,push_reg mov_reg_reg sub_reg_imm mov_mem_imm cmp_mem_imm je_imm mov_reg_mem mov_reg_mem lea_reg_mem mov_reg_reg mov_reg_reg mov_reg_imm call_printf mov_reg_imm leave ret,0
null_deref_safe_0_x86_O1,_start,xor_reg_reg mov_reg_reg pop_reg mov_reg_reg and_reg_imm push_reg push_reg xor_reg_reg xor_reg_reg mov_reg_imm call_indirect hlt,0
null_deref_safe_0_x86_O1,main,mov_reg_imm ret,0
null_deref_safe_0_x86_O2,_start,xor_reg_reg mov_reg_reg pop_reg mov_reg_reg and_reg_imm push_reg push_reg xor_reg_reg xor_reg_reg mov_reg_imm call_indirect hlt,0
null_deref_safe_0_x86_O3,_start,xor_reg_reg mov_reg_reg pop_reg mov_reg_reg and_reg_imm push_reg push_reg xor_reg_reg xor_reg_reg mov_reg_imm call_indirect hlt,0
null_deref_safe_1_x86_O0,_start,xor_reg_reg mov_reg_reg pop_reg mov_reg_reg and_reg_imm push_reg push_reg xor_reg_reg xor_reg_reg mov_reg_imm call_indirect hlt,0
null_deref_safe_1_x86_O0,main,push_reg mov_reg_reg sub_reg_imm mov_mem_imm cmp_mem_imm je_imm mov_reg_mem mov_reg_mem lea_reg_mem mov_reg_reg mov_reg_reg mov_reg_imm call_printf mov_reg_imm leave ret,0
null_deref_safe_1_x86_O1,_start,xor_reg_reg mov_reg_reg pop_reg mov_reg_reg and_reg_imm push_reg push_reg xor_reg_reg xor_reg_reg mov_reg_imm call_indirect hlt,0
null_deref_safe_1_x86_O1,main,mov_reg_imm ret,0
null_deref_safe_1_x86_O2,_start,xor_reg_reg mov_reg_reg pop_reg mov_reg_reg and_reg_imm push_reg push_reg xor_reg_reg xor_reg_reg mov_reg_imm call_indirect hlt,0
null_deref_safe_1_x86_O3,_start,xor_reg_reg mov_reg_reg pop_reg mov_reg_reg and_reg_imm push_reg push_reg xor_reg_reg xor_reg_reg mov_reg_imm call_indirect hlt,0
null_deref_safe_2_x86_O0,_start,xor_reg_reg mov_reg_reg pop_reg mov_reg_reg and_reg_imm push_reg push_reg xor_reg_reg xor_reg_reg mov_reg_imm call_indirect hlt,0
null_deref_safe_2_x86_O0,main,push_reg mov_reg_reg sub_reg_imm mov_mem_imm cmp_mem_imm je_imm mov_reg_mem mov_reg_mem lea_reg_mem mov_reg_reg mov_reg_reg mov_reg_imm call_printf mov_reg_imm leave ret,0
null_deref_safe_2_x86_O1,_start,xor_reg_reg mov_reg_reg pop_reg mov_reg_reg and_reg_imm push_reg push_reg xor_reg_reg xor_reg_reg mov_reg_imm call_indirect hlt,0
null_deref_safe_2_x86_O1,main,mov_reg_imm ret,0
null_deref_safe_2_x86_O2,_start,xor_reg_reg mov_reg_reg pop_reg mov_reg_reg and_reg_imm push_reg push_reg xor_reg_reg xor_reg_reg mov_reg_imm call_indirect hlt,0
null_deref_safe_2_x86_O3,_start,xor_reg_reg mov_reg_reg pop_reg mov_reg_reg and_reg_imm push_reg push_reg xor_reg_reg xor_reg_reg mov_reg_imm call_indirect hlt,0
null_deref_safe_3_x86_O0,_start,xor_reg_reg mov_reg_reg pop_reg mov_reg_reg and_reg_imm push_reg push_reg xor_reg_reg xor_reg_reg mov_reg_imm call_indirect hlt,0
null_deref_safe_3_x86_O0,main,push_reg mov_reg_reg sub_reg_imm mov_mem_imm cmp_mem_imm je_imm mov_reg_mem mov_reg_mem lea_reg_mem mov_reg_reg mov_reg_reg mov_reg_imm call_printf mov_reg_imm leave ret,0
null_deref_safe_3_x86_O1,_start,xor_reg_reg mov_reg_reg pop_reg mov_reg_reg and_reg_imm push_reg push_reg xor_reg_reg xor_reg_reg mov_reg_imm call_indirect hlt,0
null_deref_safe_3_x86_O1,main,mov_reg_imm ret,0
null_deref_safe_3_x86_O2,_start,xor_reg_reg mov_reg_reg pop_reg mov_reg_reg and_reg_imm push_reg push_reg xor_reg_reg xor_reg_reg mov_reg_imm call_indirect hlt,0
null_deref_safe_3_x86_O3,_start,xor_reg_reg mov_reg_reg pop_reg mov_reg_reg and_reg_imm push_reg push_reg xor_reg_reg xor_reg_reg mov_reg_imm call_indirect hlt,0
null_deref_safe_4_x86_O0,_start,xor_reg_reg mov_reg_reg pop_reg mov_reg_reg and_reg_imm push_reg push_reg xor_reg_reg xor_reg_reg mov_reg_imm call_indirect hlt,0
null_deref_safe_4_x86_O0,main,push_reg mov_reg_reg sub_reg_imm mov_mem_imm cmp_mem_imm je_imm mov_reg_mem mov_reg_mem lea_reg_mem mov_reg_reg mov_reg_reg mov_reg_imm call_printf mov_reg_imm leave ret,0
null_deref_safe_4_x86_O1,_start,xor_reg_reg mov_reg_reg pop_reg mov_reg_reg and_reg_imm push_reg push_reg xor_reg_reg xor_reg_reg mov_reg_imm call_indirect hlt,0
null_deref_safe_4_x86_O1,main,mov_reg_imm ret,0
null_deref_safe_4_x86_O2,_start,xor_reg_reg mov_reg_reg pop_reg mov_reg_reg and_reg_imm push_reg push_reg xor_reg_reg xor_reg_reg mov_reg_imm call_indirect hlt,0
null_deref_safe_4_x86_O3,_start,xor_reg_reg mov_reg_reg pop_reg mov_reg_reg and_reg_imm push_reg push_reg xor_reg_reg xor_reg_reg mov_reg_imm call_indirect hlt,0
null_deref_safe_5_x86_O0,_start,xor_reg_reg mov_reg_reg pop_reg mov_reg_reg and_reg_imm push_reg push_reg xor_reg_reg xor_reg_reg mov_reg_imm call_indirect hlt,0
null_deref_safe_5_x86_O0,main,push_reg mov_reg_reg sub_reg_imm mov_mem_imm cmp_mem_imm je_imm mov_reg_mem mov_reg_mem lea_reg_mem mov_reg_reg mov_reg_reg mov_reg_imm call_printf mov_reg_imm leave ret,0
null_deref_safe_5_x86_O1,_start,xor_reg_reg mov_reg_reg pop_reg mov_reg_reg and_reg_imm push_reg push_reg xor_reg_reg xor_reg_reg mov_reg_imm call_indirect hlt,0
null_deref_safe_5_x86_O1,main,mov_reg_imm ret,0
null_deref_safe_5_x86_O2,_start,xor_reg_reg mov_reg_reg pop_reg mov_reg_reg and_reg_imm push_reg push_reg xor_reg_reg xor_reg_reg mov_reg_imm call_indirect hlt,0
null_deref_safe_5_x86_O3,_start,xor_reg_reg mov_reg_reg pop_reg mov_reg_reg and_reg_imm push_reg push_reg xor_reg_reg xor_reg_reg mov_reg_imm call_indirect hlt,0
null_deref_safe_6_x86_O0,_start,xor_reg_reg mov_reg_reg pop_reg mov_reg_reg and_reg_imm push_reg push_reg xor_reg_reg xor_reg_reg mov_reg_imm call_indirect hlt,0
null_deref_safe_6_x86_O0,main,push_reg mov_reg_reg sub_reg_imm mov_mem_imm cmp_mem_imm je_imm mov_reg_mem mov_reg_mem lea_reg_mem mov_reg_reg mov_reg_reg mov_reg_imm call_printf mov_reg_imm leave ret,0
null_deref_safe_6_x86_O1,_start,xor_reg_reg mov_reg_reg pop_reg mov_reg_reg and_reg_imm push_reg push_reg xor_reg_reg xor_reg_reg mov_reg_imm call_indirect hlt,0
null_deref_safe_6_x86_O1,main,mov_reg_imm ret,0
null_deref_safe_6_x86_O2,_start,xor_reg_reg mov_reg_reg pop_reg mov_reg_reg and_reg_imm push_reg push_reg xor_reg_reg xor_reg_reg mov_reg_imm call_indirect hlt,0
null_deref_safe_6_x86_O3,_start,xor_reg_reg mov_reg_reg pop_reg mov_reg_reg and_reg_imm push_reg push_reg xor_reg_reg xor_reg_reg mov_reg_imm call_indirect hlt,0
null_deref_safe_7_x86_O0,_start,xor_reg_reg mov_reg_reg pop_reg mov_reg_reg and_reg_imm push_reg push_reg xor_reg_reg xor_reg_reg mov_reg_imm call_indirect hlt,0
null_deref_safe_7_x86_O0,main,push_reg mov_reg_reg sub_reg_imm mov_mem_imm cmp_mem_imm je_imm mov_reg_mem mov_reg_mem lea_reg_mem mov_reg_reg mov_reg_reg mov_reg_imm call_printf mov_reg_imm leave ret,0
null_deref_safe_7_x86_O1,_start,xor_reg_reg mov_reg_reg pop_reg mov_reg_reg and_reg_imm push_reg push_reg xor_reg_reg xor_reg_reg mov_reg_imm call_indirect hlt,0
null_deref_safe_7_x86_O1,main,mov_reg_imm ret,0
null_deref_safe_7_x86_O2,_start,xor_reg_reg mov_reg_reg pop_reg mov_reg_reg and_reg_imm push_reg push_reg xor_reg_reg xor_reg_reg mov_reg_imm call_indirect hlt,0
null_deref_safe_7_x86_O3,_start,xor_reg_reg mov_reg_reg pop_reg mov_reg_reg and_reg_imm push_reg push_reg xor_reg_reg xor_reg_reg mov_reg_imm call_indirect hlt,0
null_deref_safe_8_x86_O0,_start,xor_reg_reg mov_reg_reg pop_reg mov_reg_reg and_reg_imm push_reg push_reg xor_reg_reg xor_reg_reg mov_reg_imm call_indirect hlt,0
null_deref_safe_8_x86_O0,main,push_reg mov_reg_reg sub_reg_imm mov_mem_imm cmp_mem_imm je_imm mov_reg_mem mov_reg_mem lea_reg_mem mov_reg_reg mov_reg_reg mov_reg_imm call_printf mov_reg_imm leave ret,0
null_deref_safe_8_x86_O1,_start,xor_reg_reg mov_reg_reg pop_reg mov_reg_reg and_reg_imm push_reg push_reg xor_reg_reg xor_reg_reg mov_reg_imm call_indirect hlt,0
null_deref_safe_8_x86_O1,main,mov_reg_imm ret,0
null_deref_safe_8_x86_O2,_start,xor_reg_reg mov_reg_reg pop_reg mov_reg_reg and_reg_imm push_reg push_reg xor_reg_reg xor_reg_reg mov_reg_imm call_indirect hlt,0
null_deref_safe_8_x86_O3,_start,xor_reg_reg mov_reg_reg pop_reg mov_reg_reg and_reg_imm push_reg push_reg xor_reg_reg xor_reg_reg mov_reg_imm call_indirect hlt,0
null_deref_safe_9_x86_O0,_start,xor_reg_reg mov_reg_reg pop_reg mov_reg_reg and_reg_imm push_reg push_reg xor_reg_reg xor_reg_reg mov_reg_imm call_indirect hlt,0
null_deref_safe_9_x86_O0,main,push_reg mov_reg_reg sub_reg_imm mov_mem_imm cmp_mem_imm je_imm mov_reg_mem mov_reg_mem lea_reg_mem mov_reg_reg mov_reg_reg mov_reg_imm call_printf mov_reg_imm leave ret,0
null_deref_safe_9_x86_O1,_start,xor_reg_reg mov_reg_reg pop_reg mov_reg_reg and_reg_imm push_reg push_reg xor_reg_reg xor_reg_reg mov_reg_imm call_indirect hlt,0
null_deref_safe_9_x86_O1,main,mov_reg_imm ret,0
null_deref_safe_9_x86_O2,_start,xor_reg_reg mov_reg_reg pop_reg mov_reg_reg and_reg_imm push_reg push_reg xor_reg_reg xor_reg_reg mov_reg_imm call_indirect hlt,0
null_deref_safe_9_x86_O3,_start,xor_reg_reg mov_reg_reg pop_reg mov_reg_reg and_reg_imm push_reg push_reg xor_reg_reg xor_reg_reg mov_reg_imm call_indirect hlt,0
null_deref_vuln_0_x86_O0,_start,xor_reg_reg mov_reg_reg pop_reg mov_reg_reg and_reg_imm push_reg push_reg xor_reg_reg xor_reg_reg mov_reg_imm call_indirect hlt,0
null_deref_vuln_0_x86_O0,main,push_reg mov_reg_reg sub_reg_imm mov_mem_imm mov_reg_mem mov_reg_mem lea_reg_mem mov_reg_reg mov_reg_reg mov_reg_imm call_printf mov_reg_imm leave ret,0
null_deref_vuln_0_x86_O1,_start,xor_reg_reg mov_reg_reg pop_reg mov_reg_reg and_reg_imm push_reg push_reg xor_reg_reg xor_reg_reg mov_reg_imm call_indirect hlt,0
null_deref_vuln_0_x86_O1,main,sub_reg_imm mov_reg_mem lea_reg_mem mov_reg_imm call_printf mov_reg_imm add_reg_imm ret,0
null_deref_vuln_0_x86_O2,_start,xor_reg_reg mov_reg_reg pop_reg mov_reg_reg and_reg_imm push_reg push_reg xor_reg_reg xor_reg_reg mov_reg_imm call_indirect hlt,0
null_deref_vuln_0_x86_O2,main,mov_reg_mem ud2,0
null_deref_vuln_0_x86_O3,_start,xor_reg_reg mov_reg_reg pop_reg mov_reg_reg and_reg_imm push_reg push_reg xor_reg_reg xor_reg_reg mov_reg_imm call_indirect hlt,0
null_deref_vuln_0_x86_O3,main,mov_reg_mem ud2,0
null_deref_vuln_1_x86_O0,_start,xor_reg_reg mov_reg_reg pop_reg mov_reg_reg and_reg_imm push_reg push_reg xor_reg_reg xor_reg_reg mov_reg_imm call_indirect hlt,0
null_deref_vuln_1_x86_O0,main,push_reg mov_reg_reg sub_reg_imm mov_mem_imm mov_reg_mem mov_reg_mem lea_reg_mem mov_reg_reg mov_reg_reg mov_reg_imm call_printf mov_reg_imm leave ret,0
null_deref_vuln_1_x86_O1,_start,xor_reg_reg mov_reg_reg pop_reg mov_reg_reg and_reg_imm push_reg push_reg xor_reg_reg xor_reg_reg mov_reg_imm call_indirect hlt,0
null_deref_vuln_1_x86_O1,main,sub_reg_imm mov_reg_mem lea_reg_mem mov_reg_imm call_printf mov_reg_imm add_reg_imm ret,0
null_deref_vuln_1_x86_O2,_start,xor_reg_reg mov_reg_reg pop_reg mov_reg_reg and_reg_imm push_reg push_reg xor_reg_reg xor_reg_reg mov_reg_imm call_indirect hlt,0
null_deref_vuln_1_x86_O2,main,mov_reg_mem ud2,0
null_deref_vuln_1_x86_O3,_start,xor_reg_reg mov_reg_reg pop_reg mov_reg_reg and_reg_imm push_reg push_reg xor_reg_reg xor_reg_reg mov_reg_imm call_indirect hlt,0
null_deref_vuln_1_x86_O3,main,mov_reg_mem ud2,0
null_deref_vuln_2_x86_O0,_start,xor_reg_reg mov_reg_reg pop_reg mov_reg_reg and_reg_imm push_reg push_reg xor_reg_reg xor_reg_reg mov_reg_imm call_indirect hlt,0
null_deref_vuln_2_x86_O0,main,push_reg mov_reg_reg sub_reg_imm mov_mem_imm mov_reg_mem mov_reg_mem lea_reg_mem mov_reg_reg mov_reg_reg mov_reg_imm call_printf mov_reg_imm leave ret,0
null_deref_vuln_2_x86_O1,_start,xor_reg_reg mov_reg_reg pop_reg mov_reg_reg and_reg_imm push_reg push_reg xor_reg_reg xor_reg_reg mov_reg_imm call_indirect hlt,0
null_deref_vuln_2_x86_O1,main,sub_reg_imm mov_reg_mem lea_reg_mem mov_reg_imm call_printf mov_reg_imm add_reg_imm ret,0
null_deref_vuln_2_x86_O2,_start,xor_reg_reg mov_reg_reg pop_reg mov_reg_reg and_reg_imm push_reg push_reg xor_reg_reg xor_reg_reg mov_reg_imm call_indirect hlt,0
null_deref_vuln_2_x86_O2,main,mov_reg_mem ud2,0
null_deref_vuln_2_x86_O3,_start,xor_reg_reg mov_reg_reg pop_reg mov_reg_reg and_reg_imm push_reg push_reg xor_reg_reg xor_reg_reg mov_reg_imm call_indirect hlt,0
null_deref_vuln_2_x86_O3,main,mov_reg_mem ud2,0
null_deref_vuln_3_x86_O0,_start,xor_reg_reg mov_reg_reg pop_reg mov_reg_reg and_reg_imm push_reg push_reg xor_reg_reg xor_reg_reg mov_reg_imm call_indirect hlt,0
null_deref_vuln_3_x86_O0,main,push_reg mov_reg_reg sub_reg_imm mov_mem_imm mov_reg_mem mov_reg_mem lea_reg_mem mov_reg_reg mov_reg_reg mov_reg_imm call_printf mov_reg_imm leave ret,0
null_deref_vuln_3_x86_O1,_start,xor_reg_reg mov_reg_reg pop_reg mov_reg_reg and_reg_imm push_reg push_reg xor_reg_reg xor_reg_reg mov_reg_imm call_indirect hlt,0
null_deref_vuln_3_x86_O1,main,sub_reg_imm mov_reg_mem lea_reg_mem mov_reg_imm call_printf mov_reg_imm add_reg_imm ret,0
null_deref_vuln_3_x86_O2,_start,xor_reg_reg mov_reg_reg pop_reg mov_reg_reg and_reg_imm push_reg push_reg xor_reg_reg xor_reg_reg mov_reg_imm call_indirect hlt,0
null_deref_vuln_3_x86_O2,main,mov_reg_mem ud2,0
null_deref_vuln_3_x86_O3,_start,xor_reg_reg mov_reg_reg pop_reg mov_reg_reg and_reg_imm push_reg push_reg xor_reg_reg xor_reg_reg mov_reg_imm call_indirect hlt,0
null_deref_vuln_3_x86_O3,main,mov_reg_mem ud2,0
null_deref_vuln_4_x86_O0,_start,xor_reg_reg mov_reg_reg pop_reg mov_reg_reg and_reg_imm push_reg push_reg xor_reg_reg xor_reg_reg mov_reg_imm call_indirect hlt,0
null_deref_vuln_4_x86_O0,main,push_reg mov_reg_reg sub_reg_imm mov_mem_imm mov_reg_mem mov_reg_mem lea_reg_mem mov_reg_reg mov_reg_reg mov_reg_imm call_printf mov_reg_imm leave ret,0
null_deref_vuln_4_x86_O1,_start,xor_reg_reg mov_reg_reg pop_reg mov_reg_reg and_reg_imm push_reg push_reg xor_reg_reg xor_reg_reg mov_reg_imm call_indirect hlt,0
null_deref_vuln_4_x86_O1,main,sub_reg_imm mov_reg_mem lea_reg_mem mov_reg_imm call_printf mov_reg_imm add_reg_imm ret,0
null_deref_vuln_4_x86_O2,_start,xor_reg_reg mov_reg_reg pop_reg mov_reg_reg and_reg_imm push_reg push_reg xor_reg_reg xor_reg_reg mov_reg_imm call_indirect hlt,0
null_deref_vuln_4_x86_O2,main,mov_reg_mem ud2,0
null_deref_vuln_4_x86_O3,_start,xor_reg_reg mov_reg_reg pop_reg mov_reg_reg and_reg_imm push_reg push_reg xor_reg_reg xor_reg_reg mov_reg_imm call_indirect hlt,0
null_deref_vuln_4_x86_O3,main,mov_reg_mem ud2,0
null_deref_vuln_5_x86_O0,_start,xor_reg_reg mov_reg_reg pop_reg mov_reg_reg and_reg_imm push_reg push_reg xor_reg_reg xor_reg_reg mov_reg_imm call_indirect hlt,0
null_deref_vuln_5_x86_O0,main,push_reg mov_reg_reg sub_reg_imm mov_mem_imm mov_reg_mem mov_reg_mem lea_reg_mem mov_reg_reg mov_reg_reg mov_reg_imm call_printf mov_reg_imm leave ret,0
null_deref_vuln_5_x86_O1,_start,xor_reg_reg mov_reg_reg pop_reg mov_reg_reg and_reg_imm push_reg push_reg xor_reg_reg xor_reg_reg mov_reg_imm call_indirect hlt,0
null_deref_vuln_5_x86_O1,main,sub_reg_imm mov_reg_mem lea_reg_mem mov_reg_imm call_printf mov_reg_imm add_reg_imm ret,0
null_deref_vuln_5_x86_O2,_start,xor_reg_reg mov_reg_reg pop_reg mov_reg_reg and_reg_imm push_reg push_reg xor_reg_reg xor_reg_reg mov_reg_imm call_indirect hlt,0
null_deref_vuln_5_x86_O2,main,mov_reg_mem ud2,0
null_deref_vuln_5_x86_O3,_start,xor_reg_reg mov_reg_reg pop_reg mov_reg_reg and_reg_imm push_reg push_reg xor_reg_reg xor_reg_reg mov_reg_imm call_indirect hlt,0
null_deref_vuln_5_x86_O3,main,mov_reg_mem ud2,0
null_deref_vuln_6_x86_O0,_start,xor_reg_reg mov_reg_reg pop_reg mov_reg_reg and_reg_imm push_reg push_reg xor_reg_reg xor_reg_reg mov_reg_imm call_indirect hlt,0
null_deref_vuln_6_x86_O0,main,push_reg mov_reg_reg sub_reg_imm mov_mem_imm mov_reg_mem mov_reg_mem lea_reg_mem mov_reg_reg mov_reg_reg mov_reg_imm call_printf mov_reg_imm leave ret,0
null_deref_vuln_6_x86_O1,_start,xor_reg_reg mov_reg_reg pop_reg mov_reg_reg and_reg_imm push_reg push_reg xor_reg_reg xor_reg_reg mov_reg_imm call_indirect hlt,0
null_deref_vuln_6_x86_O1,main,sub_reg_imm mov_reg_mem lea_reg_mem mov_reg_imm call_printf mov_reg_imm add_reg_imm ret,0
null_deref_vuln_6_x86_O2,_start,xor_reg_reg mov_reg_reg pop_reg mov_reg_reg and_reg_imm push_reg push_reg xor_reg_reg xor_reg_reg mov_reg_imm call_indirect hlt,0
null_deref_vuln_6_x86_O2,main,mov_reg_mem ud2,0
null_deref_vuln_6_x86_O3,_start,xor_reg_reg mov_reg_reg pop_reg mov_reg_reg and_reg_imm push_reg push_reg xor_reg_reg xor_reg_reg mov_reg_imm call_indirect hlt,0
null_deref_vuln_6_x86_O3,main,mov_reg_mem ud2,0
null_deref_vuln_7_x86_O0,_start,xor_reg_reg mov_reg_reg pop_reg mov_reg_reg and_reg_imm push_reg push_reg xor_reg_reg xor_reg_reg mov_reg_imm call_indirect hlt,0
null_deref_vuln_7_x86_O0,main,push_reg mov_reg_reg sub_reg_imm mov_mem_imm mov_reg_mem mov_reg_mem lea_reg_mem mov_reg_reg mov_reg_reg mov_reg_imm call_printf mov_reg_imm leave ret,0
null_deref_vuln_7_x86_O1,_start,xor_reg_reg mov_reg_reg pop_reg mov_reg_reg and_reg_imm push_reg push_reg xor_reg_reg xor_reg_reg mov_reg_imm call_indirect hlt,0
null_deref_vuln_7_x86_O1,main,sub_reg_imm mov_reg_mem lea_reg_mem mov_reg_imm call_printf mov_reg_imm add_reg_imm ret,0
null_deref_vuln_7_x86_O2,_start,xor_reg_reg mov_reg_reg pop_reg mov_reg_reg and_reg_imm push_reg push_reg xor_reg_reg xor_reg_reg mov_reg_imm call_indirect hlt,0
null_deref_vuln_7_x86_O2,main,mov_reg_mem ud2,0
null_deref_vuln_7_x86_O3,_start,xor_reg_reg mov_reg_reg pop_reg mov_reg_reg and_reg_imm push_reg push_reg xor_reg_reg xor_reg_reg mov_reg_imm call_indirect hlt,0
null_deref_vuln_7_x86_O3,main,mov_reg_mem ud2,0
null_deref_vuln_8_x86_O0,_start,xor_reg_reg mov_reg_reg pop_reg mov_reg_reg and_reg_imm push_reg push_reg xor_reg_reg xor_reg_reg mov_reg_imm call_indirect hlt,0
null_deref_vuln_8_x86_O0,main,push_reg mov_reg_reg sub_reg_imm mov_mem_imm mov_reg_mem mov_reg_mem lea_reg_mem mov_reg_reg mov_reg_reg mov_reg_imm call_printf mov_reg_imm leave ret,0
null_deref_vuln_8_x86_O1,_start,xor_reg_reg mov_reg_reg pop_reg mov_reg_reg and_reg_imm push_reg push_reg xor_reg_reg xor_reg_reg mov_reg_imm call_indirect hlt,0
null_deref_vuln_8_x86_O1,main,sub_reg_imm mov_reg_mem lea_reg_mem mov_reg_imm call_printf mov_reg_imm add_reg_imm ret,0
null_deref_vuln_8_x86_O2,_start,xor_reg_reg mov_reg_reg pop_reg mov_reg_reg and_reg_imm push_reg push_reg xor_reg_reg xor_reg_reg mov_reg_imm call_indirect hlt,0
null_deref_vuln_8_x86_O2,main,mov_reg_mem ud2,0
null_deref_vuln_8_x86_O3,_start,xor_reg_reg mov_reg_reg pop_reg mov_reg_reg and_reg_imm push_reg push_reg xor_reg_reg xor_reg_reg mov_reg_imm call_indirect hlt,0
null_deref_vuln_8_x86_O3,main,mov_reg_mem ud2,0
null_deref_vuln_9_x86_O0,_start,xor_reg_reg mov_reg_reg pop_reg mov_reg_reg and_reg_imm push_reg push_reg xor_reg_reg xor_reg_reg mov_reg_imm call_indirect hlt,0
null_deref_vuln_9_x86_O0,main,push_reg mov_reg_reg sub_reg_imm mov_mem_imm mov_reg_mem mov_reg_mem lea_reg_mem mov_reg_reg mov_reg_reg mov_reg_imm call_printf mov_reg_imm leave ret,0
null_deref_vuln_9_x86_O1,_start,xor_reg_reg mov_reg_reg pop_reg mov_reg_reg and_reg_imm push_reg push_reg xor_reg_reg xor_reg_reg mov_reg_imm call_indirect hlt,0
null_deref_vuln_9_x86_O1,main,sub_reg_imm mov_reg_mem lea_reg_mem mov_reg_imm call_printf mov_reg_imm add_reg_imm ret,0
null_deref_vuln_9_x86_O2,_start,xor_reg_reg mov_reg_reg pop_reg mov_reg_reg and_reg_imm push_reg push_reg xor_reg_reg xor_reg_reg mov_reg_imm call_indirect hlt,0
null_deref_vuln_9_x86_O2,main,mov_reg_mem ud2,0
null_deref_vuln_9_x86_O3,_start,xor_reg_reg mov_reg_reg pop_reg mov_reg_reg and_reg_imm push_reg push_reg xor_reg_reg xor_reg_reg mov_reg_imm call_indirect hlt,0
null_deref_vuln_9_x86_O3,main,mov_reg_mem ud2,0
oob_safe_0_x86_O0,_start,xor_reg_reg mov_reg_reg pop_reg mov_reg_reg and_reg_imm push_reg push_reg xor_reg_reg xor_reg_reg mov_reg_imm call_indirect hlt,0
oob_safe_0_x86_O0,main,push_reg mov_reg_reg mov_mem_imm mov_reg_imm pop_reg ret,0
oob_safe_0_x86_O1,_start,xor_reg_reg mov_reg_reg pop_reg mov_reg_reg and_reg_imm push_reg push_reg xor_reg_reg xor_reg_reg mov_reg_imm call_indirect hlt,0
oob_safe_0_x86_O1,main,mov_reg_imm ret,0
oob_safe_0_x86_O2,_start,xor_reg_reg mov_reg_reg pop_reg mov_reg_reg and_reg_imm push_reg push_reg xor_reg_reg xor_reg_reg mov_reg_imm call_indirect hlt,0
oob_safe_0_x86_O3,_start,xor_reg_reg mov_reg_reg pop_reg mov_reg_reg and_reg_imm push_reg push_reg xor_reg_reg xor_reg_reg mov_reg_imm call_indirect hlt,0
oob_safe_1_x86_O0,_start,xor_reg_reg mov_reg_reg pop_reg mov_reg_reg and_reg_imm push_reg push_reg xor_reg_reg xor_reg_reg mov_reg_imm call_indirect hlt,0
oob_safe_1_x86_O0,main,push_reg mov_reg_reg mov_mem_imm mov_reg_imm pop_reg ret,0
oob_safe_1_x86_O1,_start,xor_reg_reg mov_reg_reg pop_reg mov_reg_reg and_reg_imm push_reg push_reg xor_reg_reg xor_reg_reg mov_reg_imm call_indirect hlt,0
oob_safe_1_x86_O1,main,mov_reg_imm ret,0
oob_safe_1_x86_O2,_start,xor_reg_reg mov_reg_reg pop_reg mov_reg_reg and_reg_imm push_reg push_reg xor_reg_reg xor_reg_reg mov_reg_imm call_indirect hlt,0
oob_safe_1_x86_O3,_start,xor_reg_reg mov_reg_reg pop_reg mov_reg_reg and_reg_imm push_reg push_reg xor_reg_reg xor_reg_reg mov_reg_imm call_indirect hlt,0
oob_safe_2_x86_O0,_start,xor_reg_reg mov_reg_reg pop_reg mov_reg_reg and_reg_imm push_reg push_reg xor_reg_reg xor_reg_reg mov_reg_imm call_indirect hlt,0
oob_safe_2_x86_O0,main,push_reg mov_reg_reg mov_mem_imm mov_reg_imm pop_reg ret,0
oob_safe_2_x86_O1,_start,xor_reg_reg mov_reg_reg pop_reg mov_reg_reg and_reg_imm push_reg push_reg xor_reg_reg xor_reg_reg mov_reg_imm call_indirect hlt,0
oob_safe_2_x86_O1,main,mov_reg_imm ret,0
oob_safe_2_x86_O2,_start,xor_reg_reg mov_reg_reg pop_reg mov_reg_reg and_reg_imm push_reg push_reg xor_reg_reg xor_reg_reg mov_reg_imm call_indirect hlt,0
oob_safe_2_x86_O3,_start,xor_reg_reg mov_reg_reg pop_reg mov_reg_reg and_reg_imm push_reg push_reg xor_reg_reg xor_reg_reg mov_reg_imm call_indirect hlt,0
oob_safe_3_x86_O0,_start,xor_reg_reg mov_reg_reg pop_reg mov_reg_reg and_reg_imm push_reg push_reg xor_reg_reg xor_reg_reg mov_reg_imm call_indirect hlt,0
oob_safe_3_x86_O0,main,push_reg mov_reg_reg mov_mem_imm mov_reg_imm pop_reg ret,0
oob_safe_3_x86_O1,_start,xor_reg_reg mov_reg_reg pop_reg mov_reg_reg and_reg_imm push_reg push_reg xor_reg_reg xor_reg_reg mov_reg_imm call_indirect hlt,0
oob_safe_3_x86_O1,main,mov_reg_imm ret,0
oob_safe_3_x86_O2,_start,xor_reg_reg mov_reg_reg pop_reg mov_reg_reg and_reg_imm push_reg push_reg xor_reg_reg xor_reg_reg mov_reg_imm call_indirect hlt,0
oob_safe_3_x86_O3,_start,xor_reg_reg mov_reg_reg pop_reg mov_reg_reg and_reg_imm push_reg push_reg xor_reg_reg xor_reg_reg mov_reg_imm call_indirect hlt,0
oob_safe_4_x86_O0,_start,xor_reg_reg mov_reg_reg pop_reg mov_reg_reg and_reg_imm push_reg push_reg xor_reg_reg xor_reg_reg mov_reg_imm call_indirect hlt,0
oob_safe_4_x86_O0,main,push_reg mov_reg_reg mov_mem_imm mov_reg_imm pop_reg ret,0
oob_safe_4_x86_O1,_start,xor_reg_reg mov_reg_reg pop_reg mov_reg_reg and_reg_imm push_reg push_reg xor_reg_reg xor_reg_reg mov_reg_imm call_indirect hlt,0
oob_safe_4_x86_O1,main,mov_reg_imm ret,0
oob_safe_4_x86_O2,_start,xor_reg_reg mov_reg_reg pop_reg mov_reg_reg and_reg_imm push_reg push_reg xor_reg_reg xor_reg_reg mov_reg_imm call_indirect hlt,0
oob_safe_4_x86_O3,_start,xor_reg_reg mov_reg_reg pop_reg mov_reg_reg and_reg_imm push_reg push_reg xor_reg_reg xor_reg_reg mov_reg_imm call_indirect hlt,0
oob_safe_5_x86_O0,_start,xor_reg_reg mov_reg_reg pop_reg mov_reg_reg and_reg_imm push_reg push_reg xor_reg_reg xor_reg_reg mov_reg_imm call_indirect hlt,0
oob_safe_5_x86_O0,main,push_reg mov_reg_reg mov_mem_imm mov_reg_imm pop_reg ret,0
oob_safe_5_x86_O1,_start,xor_reg_reg mov_reg_reg pop_reg mov_reg_reg and_reg_imm push_reg push_reg xor_reg_reg xor_reg_reg mov_reg_imm call_indirect hlt,0
oob_safe_5_x86_O1,main,mov_reg_imm ret,0
oob_safe_5_x86_O2,_start,xor_reg_reg mov_reg_reg pop_reg mov_reg_reg and_reg_imm push_reg push_reg xor_reg_reg xor_reg_reg mov_reg_imm call_indirect hlt,0
oob_safe_5_x86_O3,_start,xor_reg_reg mov_reg_reg pop_reg mov_reg_reg and_reg_imm push_reg push_reg xor_reg_reg xor_reg_reg mov_reg_imm call_indirect hlt,0
oob_safe_6_x86_O0,_start,xor_reg_reg mov_reg_reg pop_reg mov_reg_reg and_reg_imm push_reg push_reg xor_reg_reg xor_reg_reg mov_reg_imm call_indirect hlt,0
oob_safe_6_x86_O0,main,push_reg mov_reg_reg mov_mem_imm mov_reg_imm pop_reg ret,0
oob_safe_6_x86_O1,_start,xor_reg_reg mov_reg_reg pop_reg mov_reg_reg and_reg_imm push_reg push_reg xor_reg_reg xor_reg_reg mov_reg_imm call_indirect hlt,0
oob_safe_6_x86_O1,main,mov_reg_imm ret,0
oob_safe_6_x86_O2,_start,xor_reg_reg mov_reg_reg pop_reg mov_reg_reg and_reg_imm push_reg push_reg xor_reg_reg xor_reg_reg mov_reg_imm call_indirect hlt,0
oob_safe_6_x86_O3,_start,xor_reg_reg mov_reg_reg pop_reg mov_reg_reg and_reg_imm push_reg push_reg xor_reg_reg xor_reg_reg mov_reg_imm call_indirect hlt,0
oob_safe_7_x86_O0,_start,xor_reg_reg mov_reg_reg pop_reg mov_reg_reg and_reg_imm push_reg push_reg xor_reg_reg xor_reg_reg mov_reg_imm call_indirect hlt,0
oob_safe_7_x86_O0,main,push_reg mov_reg_reg mov_mem_imm mov_reg_imm pop_reg ret,0
oob_safe_7_x86_O1,_start,xor_reg_reg mov_reg_reg pop_reg mov_reg_reg and_reg_imm push_reg push_reg xor_reg_reg xor_reg_reg mov_reg_imm call_indirect hlt,0
oob_safe_7_x86_O1,main,mov_reg_imm ret,0
oob_safe_7_x86_O2,_start,xor_reg_reg mov_reg_reg pop_reg mov_reg_reg and_reg_imm push_reg push_reg xor_reg_reg xor_reg_reg mov_reg_imm call_indirect hlt,0
oob_safe_7_x86_O3,_start,xor_reg_reg mov_reg_reg pop_reg mov_reg_reg and_reg_imm push_reg push_reg xor_reg_reg xor_reg_reg mov_reg_imm call_indirect hlt,0
oob_safe_8_x86_O0,_start,xor_reg_reg mov_reg_reg pop_reg mov_reg_reg and_reg_imm push_reg push_reg xor_reg_reg xor_reg_reg mov_reg_imm call_indirect hlt,0
oob_safe_8_x86_O0,main,push_reg mov_reg_reg mov_mem_imm mov_reg_imm pop_reg ret,0
oob_safe_8_x86_O1,_start,xor_reg_reg mov_reg_reg pop_reg mov_reg_reg and_reg_imm push_reg push_reg xor_reg_reg xor_reg_reg mov_reg_imm call_indirect hlt,0
oob_safe_8_x86_O1,main,mov_reg_imm ret,0
oob_safe_8_x86_O2,_start,xor_reg_reg mov_reg_reg pop_reg mov_reg_reg and_reg_imm push_reg push_reg xor_reg_reg xor_reg_reg mov_reg_imm call_indirect hlt,0
oob_safe_8_x86_O3,_start,xor_reg_reg mov_reg_reg pop_reg mov_reg_reg and_reg_imm push_reg push_reg xor_reg_reg xor_reg_reg mov_reg_imm call_indirect hlt,0
oob_safe_9_x86_O0,_start,xor_reg_reg mov_reg_reg pop_reg mov_reg_reg and_reg_imm push_reg push_reg xor_reg_reg xor_reg_reg mov_reg_imm call_indirect hlt,0
oob_safe_9_x86_O0,main,push_reg mov_reg_reg mov_mem_imm mov_reg_imm pop_reg ret,0
oob_safe_9_x86_O1,_start,xor_reg_reg mov_reg_reg pop_reg mov_reg_reg and_reg_imm push_reg push_reg xor_reg_reg xor_reg_reg mov_reg_imm call_indirect hlt,0
oob_safe_9_x86_O1,main,mov_reg_imm ret,0
oob_safe_9_x86_O2,_start,xor_reg_reg mov_reg_reg pop_reg mov_reg_reg and_reg_imm push_reg push_reg xor_reg_reg xor_reg_reg mov_reg_imm call_indirect hlt,0
oob_safe_9_x86_O3,_start,xor_reg_reg mov_reg_reg pop_reg mov_reg_reg and_reg_imm push_reg push_reg xor_reg_reg xor_reg_reg mov_reg_imm call_indirect hlt,0
oob_vuln_0_x86_O0,_start,xor_reg_reg mov_reg_reg pop_reg mov_reg_reg and_reg_imm push_reg push_reg xor_reg_reg xor_reg_reg mov_reg_imm call_indirect hlt,0
oob_vuln_0_x86_O0,main,push_reg mov_reg_reg mov_mem_imm mov_reg_imm pop_reg ret,0
oob_vuln_0_x86_O1,_start,xor_reg_reg mov_reg_reg pop_reg mov_reg_reg and_reg_imm push_reg push_reg xor_reg_reg xor_reg_reg mov_reg_imm call_indirect hlt,0
oob_vuln_0_x86_O1,main,mov_reg_imm ret,0
oob_vuln_0_x86_O2,_start,xor_reg_reg mov_reg_reg pop_reg mov_reg_reg and_reg_imm push_reg push_reg xor_reg_reg xor_reg_reg mov_reg_imm call_indirect hlt,0
oob_vuln_0_x86_O3,_start,xor_reg_reg mov_reg_reg pop_reg mov_reg_reg and_reg_imm push_reg push_reg xor_reg_reg xor_reg_reg mov_reg_imm call_indirect hlt,0
oob_vuln_1_x86_O0,_start,xor_reg_reg mov_reg_reg pop_reg mov_reg_reg and_reg_imm push_reg push_reg xor_reg_reg xor_reg_reg mov_reg_imm call_indirect hlt,0
oob_vuln_1_x86_O0,main,push_reg mov_reg_reg mov_mem_imm mov_reg_imm pop_reg ret,0
oob_vuln_1_x86_O1,_start,xor_reg_reg mov_reg_reg pop_reg mov_reg_reg and_reg_imm push_reg push_reg xor_reg_reg xor_reg_reg mov_reg_imm call_indirect hlt,0
oob_vuln_1_x86_O1,main,mov_reg_imm ret,0
oob_vuln_1_x86_O2,_start,xor_reg_reg mov_reg_reg pop_reg mov_reg_reg and_reg_imm push_reg push_reg xor_reg_reg xor_reg_reg mov_reg_imm call_indirect hlt,0
oob_vuln_1_x86_O3,_start,xor_reg_reg mov_reg_reg pop_reg mov_reg_reg and_reg_imm push_reg push_reg xor_reg_reg xor_reg_reg mov_reg_imm call_indirect hlt,0
oob_vuln_2_x86_O0,_start,xor_reg_reg mov_reg_reg pop_reg mov_reg_reg and_reg_imm push_reg push_reg xor_reg_reg xor_reg_reg mov_reg_imm call_indirect hlt,0
oob_vuln_2_x86_O0,main,push_reg mov_reg_reg mov_mem_imm mov_reg_imm pop_reg ret,0
oob_vuln_2_x86_O1,_start,xor_reg_reg mov_reg_reg pop_reg mov_reg_reg and_reg_imm push_reg push_reg xor_reg_reg xor_reg_reg mov_reg_imm call_indirect hlt,0
oob_vuln_2_x86_O1,main,mov_reg_imm ret,0
oob_vuln_2_x86_O2,_start,xor_reg_reg mov_reg_reg pop_reg mov_reg_reg and_reg_imm push_reg push_reg xor_reg_reg xor_reg_reg mov_reg_imm call_indirect hlt,0
oob_vuln_2_x86_O3,_start,xor_reg_reg mov_reg_reg pop_reg mov_reg_reg and_reg_imm push_reg push_reg xor_reg_reg xor_reg_reg mov_reg_imm call_indirect hlt,0
oob_vuln_3_x86_O0,_start,xor_reg_reg mov_reg_reg pop_reg mov_reg_reg and_reg_imm push_reg push_reg xor_reg_reg xor_reg_reg mov_reg_imm call_indirect hlt,0
oob_vuln_3_x86_O0,main,push_reg mov_reg_reg mov_mem_imm mov_reg_imm pop_reg ret,0
oob_vuln_3_x86_O1,_start,xor_reg_reg mov_reg_reg pop_reg mov_reg_reg and_reg_imm push_reg push_reg xor_reg_reg xor_reg_reg mov_reg_imm call_indirect hlt,0
oob_vuln_3_x86_O1,main,mov_reg_imm ret,0
oob_vuln_3_x86_O2,_start,xor_reg_reg mov_reg_reg pop_reg mov_reg_reg and_reg_imm push_reg push_reg xor_reg_reg xor_reg_reg mov_reg_imm call_indirect hlt,0
oob_vuln_3_x86_O3,_start,xor_reg_reg mov_reg_reg pop_reg mov_reg_reg and_reg_imm push_reg push_reg xor_reg_reg xor_reg_reg mov_reg_imm call_indirect hlt,0
oob_vuln_4_x86_O0,_start,xor_reg_reg mov_reg_reg pop_reg mov_reg_reg and_reg_imm push_reg push_reg xor_reg_reg xor_reg_reg mov_reg_imm call_indirect hlt,0
oob_vuln_4_x86_O0,main,push_reg mov_reg_reg mov_mem_imm mov_reg_imm pop_reg ret,0
oob_vuln_4_x86_O1,_start,xor_reg_reg mov_reg_reg pop_reg mov_reg_reg and_reg_imm push_reg push_reg xor_reg_reg xor_reg_reg mov_reg_imm call_indirect hlt,0
oob_vuln_4_x86_O1,main,mov_reg_imm ret,0
oob_vuln_4_x86_O2,_start,xor_reg_reg mov_reg_reg pop_reg mov_reg_reg and_reg_imm push_reg push_reg xor_reg_reg xor_reg_reg mov_reg_imm call_indirect hlt,0
oob_vuln_4_x86_O3,_start,xor_reg_reg mov_reg_reg pop_reg mov_reg_reg and_reg_imm push_reg push_reg xor_reg_reg xor_reg_reg mov_reg_imm call_indirect hlt,0
oob_vuln_5_x86_O0,_start,xor_reg_reg mov_reg_reg pop_reg mov_reg_reg and_reg_imm push_reg push_reg xor_reg_reg xor_reg_reg mov_reg_imm call_indirect hlt,0
oob_vuln_5_x86_O0,main,push_reg mov_reg_reg mov_mem_imm mov_reg_imm pop_reg ret,0
oob_vuln_5_x86_O1,_start,xor_reg_reg mov_reg_reg pop_reg mov_reg_reg and_reg_imm push_reg push_reg xor_reg_reg xor_reg_reg mov_reg_imm call_indirect hlt,0
oob_vuln_5_x86_O1,main,mov_reg_imm ret,0
oob_vuln_5_x86_O2,_start,xor_reg_reg mov_reg_reg pop_reg mov_reg_reg and_reg_imm push_reg push_reg xor_reg_reg xor_reg_reg mov_reg_imm call_indirect hlt,0
oob_vuln_5_x86_O3,_start,xor_reg_reg mov_reg_reg pop_reg mov_reg_reg and_reg_imm push_reg push_reg xor_reg_reg xor_reg_reg mov_reg_imm call_indirect hlt,0
oob_vuln_6_x86_O0,_start,xor_reg_reg mov_reg_reg pop_reg mov_reg_reg and_reg_imm push_reg push_reg xor_reg_reg xor_reg_reg mov_reg_imm call_indirect hlt,0
oob_vuln_6_x86_O0,main,push_reg mov_reg_reg mov_mem_imm mov_reg_imm pop_reg ret,0
oob_vuln_6_x86_O1,_start,xor_reg_reg mov_reg_reg pop_reg mov_reg_reg and_reg_imm push_reg push_reg xor_reg_reg xor_reg_reg mov_reg_imm call_indirect hlt,0
oob_vuln_6_x86_O1,main,mov_reg_imm ret,0
oob_vuln_6_x86_O2,_start,xor_reg_reg mov_reg_reg pop_reg mov_reg_reg and_reg_imm push_reg push_reg xor_reg_reg xor_reg_reg mov_reg_imm call_indirect hlt,0
oob_vuln_6_x86_O3,_start,xor_reg_reg mov_reg_reg pop_reg mov_reg_reg and_reg_imm push_reg push_reg xor_reg_reg xor_reg_reg mov_reg_imm call_indirect hlt,0
oob_vuln_7_x86_O0,_start,xor_reg_reg mov_reg_reg pop_reg mov_reg_reg and_reg_imm push_reg push_reg xor_reg_reg xor_reg_reg mov_reg_imm call_indirect hlt,0
oob_vuln_7_x86_O0,main,push_reg mov_reg_reg mov_mem_imm mov_reg_imm pop_reg ret,0
oob_vuln_7_x86_O1,_start,xor_reg_reg mov_reg_reg pop_reg mov_reg_reg and_reg_imm push_reg push_reg xor_reg_reg xor_reg_reg mov_reg_imm call_indirect hlt,0
oob_vuln_7_x86_O1,main,mov_reg_imm ret,0
oob_vuln_7_x86_O2,_start,xor_reg_reg mov_reg_reg pop_reg mov_reg_reg and_reg_imm push_reg push_reg xor_reg_reg xor_reg_reg mov_reg_imm call_indirect hlt,0
oob_vuln_7_x86_O3,_start,xor_reg_reg mov_reg_reg pop_reg mov_reg_reg and_reg_imm push_reg push_reg xor_reg_reg xor_reg_reg mov_reg_imm call_indirect hlt,0
oob_vuln_8_x86_O0,_start,xor_reg_reg mov_reg_reg pop_reg mov_reg_reg and_reg_imm push_reg push_reg xor_reg_reg xor_reg_reg mov_reg_imm call_indirect hlt,0
oob_vuln_8_x86_O0,main,push_reg mov_reg_reg mov_mem_imm mov_reg_imm pop_reg ret,0
oob_vuln_8_x86_O1,_start,xor_reg_reg mov_reg_reg pop_reg mov_reg_reg and_reg_imm push_reg push_reg xor_reg_reg xor_reg_reg mov_reg_imm call_indirect hlt,0
oob_vuln_8_x86_O1,main,mov_reg_imm ret,0
oob_vuln_8_x86_O2,_start,xor_reg_reg mov_reg_reg pop_reg mov_reg_reg and_reg_imm push_reg push_reg xor_reg_reg xor_reg_reg mov_reg_imm call_indirect hlt,0
oob_vuln_8_x86_O3,_start,xor_reg_reg mov_reg_reg pop_reg mov_reg_reg and_reg_imm push_reg push_reg xor_reg_reg xor_reg_reg mov_reg_imm call_indirect hlt,0
oob_vuln_9_x86_O0,_start,xor_reg_reg mov_reg_reg pop_reg mov_reg_reg and_reg_imm push_reg push_reg xor_reg_reg xor_reg_reg mov_reg_imm call_indirect hlt,0
oob_vuln_9_x86_O0,main,push_reg mov_reg_reg mov_mem_imm mov_reg_imm pop_reg ret,0
oob_vuln_9_x86_O1,_start,xor_reg_reg mov_reg_reg pop_reg mov_reg_reg and_reg_imm push_reg push_reg xor_reg_reg xor_reg_reg mov_reg_imm call_indirect hlt,0
oob_vuln_9_x86_O1,main,mov_reg_imm ret,0
oob_vuln_9_x86_O2,_start,xor_reg_reg mov_reg_reg pop_reg mov_reg_reg and_reg_imm push_reg push_reg xor_reg_reg xor_reg_reg mov_reg_imm call_indirect hlt,0
oob_vuln_9_x86_O3,_start,xor_reg_reg mov_reg_reg pop_reg mov_reg_reg and_reg_imm push_reg push_reg xor_reg_reg xor_reg_reg mov_reg_imm call_indirect hlt,0
opaque_predicate_safe_0_x86_O0,always_true,push_reg mov_reg_reg mov_mem_imm mov_reg_mem imul_reg_reg and_reg_imm test_reg_reg je_imm mov_reg_mem imul_reg_reg and_reg_imm test_reg_reg je_imm mov_reg_imm jmp_imm mov_reg_imm pop_reg ret,0
opaque_predicate_safe_0_x86_O0,safe,push_reg mov_reg_reg sub_reg_imm mov_mem_reg call_internal test_reg_reg je_imm mov_reg_mem lea_reg_mem mov_reg_imm mov_reg_reg mov_reg_reg call_strncpy mov_mem_imm nop leave ret,0
opaque_predicate_safe_0_x86_O0,_start,xor_reg_reg mov_reg_reg pop_reg mov_reg_reg and_reg_imm push_reg push_reg xor_reg_reg xor_reg_reg mov_reg_imm call_indirect hlt,0
opaque_predicate_safe_0_x86_O0,main,push_reg mov_reg_reg sub_reg_imm mov_mem_reg mov_mem_reg cmp_mem_imm jle_imm mov_reg_mem add_reg_imm mov_reg_mem mov_reg_reg call_internal mov_reg_imm leave ret,0
opaque_predicate_safe_0_x86_O1,always_true,mov_reg_imm ret,0
opaque_predicate_safe_0_x86_O1,_start,xor_reg_reg mov_reg_reg pop_reg mov_reg_reg and_reg_imm push_reg push_reg xor_reg_reg xor_reg_reg mov_reg_imm call_indirect hlt,0
opaque_predicate_safe_0_x86_O1,main,mov_reg_imm ret,0
opaque_predicate_safe_0_x86_O2,always_true,mov_reg_imm ret,0
opaque_predicate_safe_0_x86_O2,_start,xor_reg_reg mov_reg_reg pop_reg mov_reg_reg and_reg_imm push_reg push_reg xor_reg_reg xor_reg_reg mov_reg_imm call_indirect hlt,0
opaque_predicate_safe_0_x86_O3,always_true,mov_reg_imm ret,0
opaque_predicate_safe_0_x86_O3,_start,xor_reg_reg mov_reg_reg pop_reg mov_reg_reg and_reg_imm push_reg push_reg xor_reg_reg xor_reg_reg mov_reg_imm call_indirect hlt,0
opaque_predicate_safe_1_x86_O0,always_true,push_reg mov_reg_reg mov_mem_imm mov_reg_mem imul_reg_reg and_reg_imm test_reg_reg je_imm mov_reg_mem imul_reg_reg and_reg_imm test_reg_reg je_imm mov_reg_imm jmp_imm mov_reg_imm pop_reg ret,0
opaque_predicate_safe_1_x86_O0,safe,push_reg mov_reg_reg sub_reg_imm mov_mem_reg call_internal test_reg_reg je_imm mov_reg_mem lea_reg_mem mov_reg_imm mov_reg_reg mov_reg_reg call_strncpy mov_mem_imm nop leave ret,0
opaque_predicate_safe_1_x86_O0,_start,xor_reg_reg mov_reg_reg pop_reg mov_reg_reg and_reg_imm push_reg push_reg xor_reg_reg xor_reg_reg mov_reg_imm call_indirect hlt,0
opaque_predicate_safe_1_x86_O0,main,push_reg mov_reg_reg sub_reg_imm mov_mem_reg mov_mem_reg cmp_mem_imm jle_imm mov_reg_mem add_reg_imm mov_reg_mem mov_reg_reg call_internal mov_reg_imm leave ret,0
opaque_predicate_safe_1_x86_O1,always_true,mov_reg_imm ret,0
opaque_predicate_safe_1_x86_O1,_start,xor_reg_reg mov_reg_reg pop_reg mov_reg_reg and_reg_imm push_reg push_reg xor_reg_reg xor_reg_reg mov_reg_imm call_indirect hlt,0
opaque_predicate_safe_1_x86_O1,main,mov_reg_imm ret,0
opaque_predicate_safe_1_x86_O2,always_true,mov_reg_imm ret,0
opaque_predicate_safe_1_x86_O2,_start,xor_reg_reg mov_reg_reg pop_reg mov_reg_reg and_reg_imm push_reg push_reg xor_reg_reg xor_reg_reg mov_reg_imm call_indirect hlt,0
opaque_predicate_safe_1_x86_O3,always_true,mov_reg_imm ret,0
opaque_predicate_safe_1_x86_O3,_start,xor_reg_reg mov_reg_reg pop_reg mov_reg_reg and_reg_imm push_reg push_reg xor_reg_reg xor_reg_reg mov_reg_imm call_indirect hlt,0
opaque_predicate_safe_2_x86_O0,always_true,push_reg mov_reg_reg mov_mem_imm mov_reg_mem imul_reg_reg and_reg_imm test_reg_reg je_imm mov_reg_mem imul_reg_reg and_reg_imm test_reg_reg je_imm mov_reg_imm jmp_imm mov_reg_imm pop_reg ret,0
opaque_predicate_safe_2_x86_O0,safe,push_reg mov_reg_reg sub_reg_imm mov_mem_reg call_internal test_reg_reg je_imm mov_reg_mem lea_reg_mem mov_reg_imm mov_reg_reg mov_reg_reg call_strncpy mov_mem_imm nop leave ret,0
opaque_predicate_safe_2_x86_O0,_start,xor_reg_reg mov_reg_reg pop_reg mov_reg_reg and_reg_imm push_reg push_reg xor_reg_reg xor_reg_reg mov_reg_imm call_indirect hlt,0
opaque_predicate_safe_2_x86_O0,main,push_reg mov_reg_reg sub_reg_imm mov_mem_reg mov_mem_reg cmp_mem_imm jle_imm mov_reg_mem add_reg_imm mov_reg_mem mov_reg_reg call_internal mov_reg_imm leave ret,0
opaque_predicate_safe_2_x86_O1,always_true,mov_reg_imm ret,0
opaque_predicate_safe_2_x86_O1,_start,xor_reg_reg mov_reg_reg pop_reg mov_reg_reg and_reg_imm push_reg push_reg xor_reg_reg xor_reg_reg mov_reg_imm call_indirect hlt,0
opaque_predicate_safe_2_x86_O1,main,mov_reg_imm ret,0
opaque_predicate_safe_2_x86_O2,always_true,mov_reg_imm ret,0
opaque_predicate_safe_2_x86_O2,_start,xor_reg_reg mov_reg_reg pop_reg mov_reg_reg and_reg_imm push_reg push_reg xor_reg_reg xor_reg_reg mov_reg_imm call_indirect hlt,0
opaque_predicate_safe_2_x86_O3,always_true,mov_reg_imm ret,0
opaque_predicate_safe_2_x86_O3,_start,xor_reg_reg mov_reg_reg pop_reg mov_reg_reg and_reg_imm push_reg push_reg xor_reg_reg xor_reg_reg mov_reg_imm call_indirect hlt,0
opaque_predicate_safe_3_x86_O0,always_true,push_reg mov_reg_reg mov_mem_imm mov_reg_mem imul_reg_reg and_reg_imm test_reg_reg je_imm mov_reg_mem imul_reg_reg and_reg_imm test_reg_reg je_imm mov_reg_imm jmp_imm mov_reg_imm pop_reg ret,0
opaque_predicate_safe_3_x86_O0,safe,push_reg mov_reg_reg sub_reg_imm mov_mem_reg call_internal test_reg_reg je_imm mov_reg_mem lea_reg_mem mov_reg_imm mov_reg_reg mov_reg_reg call_strncpy mov_mem_imm nop leave ret,0
opaque_predicate_safe_3_x86_O0,_start,xor_reg_reg mov_reg_reg pop_reg mov_reg_reg and_reg_imm push_reg push_reg xor_reg_reg xor_reg_reg mov_reg_imm call_indirect hlt,0
opaque_predicate_safe_3_x86_O0,main,push_reg mov_reg_reg sub_reg_imm mov_mem_reg mov_mem_reg cmp_mem_imm jle_imm mov_reg_mem add_reg_imm mov_reg_mem mov_reg_reg call_internal mov_reg_imm leave ret,0
opaque_predicate_safe_3_x86_O1,always_true,mov_reg_imm ret,0
opaque_predicate_safe_3_x86_O1,_start,xor_reg_reg mov_reg_reg pop_reg mov_reg_reg and_reg_imm push_reg push_reg xor_reg_reg xor_reg_reg mov_reg_imm call_indirect hlt,0
opaque_predicate_safe_3_x86_O1,main,mov_reg_imm ret,0
opaque_predicate_safe_3_x86_O2,always_true,mov_reg_imm ret,0
opaque_predicate_safe_3_x86_O2,_start,xor_reg_reg mov_reg_reg pop_reg mov_reg_reg and_reg_imm push_reg push_reg xor_reg_reg xor_reg_reg mov_reg_imm call_indirect hlt,0
opaque_predicate_safe_3_x86_O3,always_true,mov_reg_imm ret,0
opaque_predicate_safe_3_x86_O3,_start,xor_reg_reg mov_reg_reg pop_reg mov_reg_reg and_reg_imm push_reg push_reg xor_reg_reg xor_reg_reg mov_reg_imm call_indirect hlt,0
opaque_predicate_safe_4_x86_O0,always_true,push_reg mov_reg_reg mov_mem_imm mov_reg_mem imul_reg_reg and_reg_imm test_reg_reg je_imm mov_reg_mem imul_reg_reg and_reg_imm test_reg_reg je_imm mov_reg_imm jmp_imm mov_reg_imm pop_reg ret,0
opaque_predicate_safe_4_x86_O0,safe,push_reg mov_reg_reg sub_reg_imm mov_mem_reg call_internal test_reg_reg je_imm mov_reg_mem lea_reg_mem mov_reg_imm mov_reg_reg mov_reg_reg call_strncpy mov_mem_imm nop leave ret,0
opaque_predicate_safe_4_x86_O0,_start,xor_reg_reg mov_reg_reg pop_reg mov_reg_reg and_reg_imm push_reg push_reg xor_reg_reg xor_reg_reg mov_reg_imm call_indirect hlt,0
opaque_predicate_safe_4_x86_O0,main,push_reg mov_reg_reg sub_reg_imm mov_mem_reg mov_mem_reg cmp_mem_imm jle_imm mov_reg_mem add_reg_imm mov_reg_mem mov_reg_reg call_internal mov_reg_imm leave ret,0
opaque_predicate_safe_4_x86_O1,always_true,mov_reg_imm ret,0
opaque_predicate_safe_4_x86_O1,_start,xor_reg_reg mov_reg_reg pop_reg mov_reg_reg and_reg_imm push_reg push_reg xor_reg_reg xor_reg_reg mov_reg_imm call_indirect hlt,0
opaque_predicate_safe_4_x86_O1,main,mov_reg_imm ret,0
opaque_predicate_safe_4_x86_O2,always_true,mov_reg_imm ret,0
opaque_predicate_safe_4_x86_O2,_start,xor_reg_reg mov_reg_reg pop_reg mov_reg_reg and_reg_imm push_reg push_reg xor_reg_reg xor_reg_reg mov_reg_imm call_indirect hlt,0
opaque_predicate_safe_4_x86_O3,always_true,mov_reg_imm ret,0
opaque_predicate_safe_4_x86_O3,_start,xor_reg_reg mov_reg_reg pop_reg mov_reg_reg and_reg_imm push_reg push_reg xor_reg_reg xor_reg_reg mov_reg_imm call_indirect hlt,0
opaque_predicate_safe_5_x86_O0,always_true,push_reg mov_reg_reg mov_mem_imm mov_reg_mem imul_reg_reg and_reg_imm test_reg_reg je_imm mov_reg_mem imul_reg_reg and_reg_imm test_reg_reg je_imm mov_reg_imm jmp_imm mov_reg_imm pop_reg ret,0
opaque_predicate_safe_5_x86_O0,safe,push_reg mov_reg_reg sub_reg_imm mov_mem_reg call_internal test_reg_reg je_imm mov_reg_mem lea_reg_mem mov_reg_imm mov_reg_reg mov_reg_reg call_strncpy mov_mem_imm nop leave ret,0
opaque_predicate_safe_5_x86_O0,_start,xor_reg_reg mov_reg_reg pop_reg mov_reg_reg and_reg_imm push_reg push_reg xor_reg_reg xor_reg_reg mov_reg_imm call_indirect hlt,0
opaque_predicate_safe_5_x86_O0,main,push_reg mov_reg_reg sub_reg_imm mov_mem_reg mov_mem_reg cmp_mem_imm jle_imm mov_reg_mem add_reg_imm mov_reg_mem mov_reg_reg call_internal mov_reg_imm leave ret,0
opaque_predicate_safe_5_x86_O1,always_true,mov_reg_imm ret,0
opaque_predicate_safe_5_x86_O1,_start,xor_reg_reg mov_reg_reg pop_reg mov_reg_reg and_reg_imm push_reg push_reg xor_reg_reg xor_reg_reg mov_reg_imm call_indirect hlt,0
opaque_predicate_safe_5_x86_O1,main,mov_reg_imm ret,0
opaque_predicate_safe_5_x86_O2,always_true,mov_reg_imm ret,0
opaque_predicate_safe_5_x86_O2,_start,xor_reg_reg mov_reg_reg pop_reg mov_reg_reg and_reg_imm push_reg push_reg xor_reg_reg xor_reg_reg mov_reg_imm call_indirect hlt,0
opaque_predicate_safe_5_x86_O3,always_true,mov_reg_imm ret,0
opaque_predicate_safe_5_x86_O3,_start,xor_reg_reg mov_reg_reg pop_reg mov_reg_reg and_reg_imm push_reg push_reg xor_reg_reg xor_reg_reg mov_reg_imm call_indirect hlt,0
opaque_predicate_safe_6_x86_O0,always_true,push_reg mov_reg_reg mov_mem_imm mov_reg_mem imul_reg_reg and_reg_imm test_reg_reg je_imm mov_reg_mem imul_reg_reg and_reg_imm test_reg_reg je_imm mov_reg_imm jmp_imm mov_reg_imm pop_reg ret,0
opaque_predicate_safe_6_x86_O0,safe,push_reg mov_reg_reg sub_reg_imm mov_mem_reg call_internal test_reg_reg je_imm mov_reg_mem lea_reg_mem mov_reg_imm mov_reg_reg mov_reg_reg call_strncpy mov_mem_imm nop leave ret,0
opaque_predicate_safe_6_x86_O0,_start,xor_reg_reg mov_reg_reg pop_reg mov_reg_reg and_reg_imm push_reg push_reg xor_reg_reg xor_reg_reg mov_reg_imm call_indirect hlt,0
opaque_predicate_safe_6_x86_O0,main,push_reg mov_reg_reg sub_reg_imm mov_mem_reg mov_mem_reg cmp_mem_imm jle_imm mov_reg_mem add_reg_imm mov_reg_mem mov_reg_reg call_internal mov_reg_imm leave ret,0
opaque_predicate_safe_6_x86_O1,always_true,mov_reg_imm ret,0
opaque_predicate_safe_6_x86_O1,_start,xor_reg_reg mov_reg_reg pop_reg mov_reg_reg and_reg_imm push_reg push_reg xor_reg_reg xor_reg_reg mov_reg_imm call_indirect hlt,0
opaque_predicate_safe_6_x86_O1,main,mov_reg_imm ret,0
opaque_predicate_safe_6_x86_O2,always_true,mov_reg_imm ret,0
opaque_predicate_safe_6_x86_O2,_start,xor_reg_reg mov_reg_reg pop_reg mov_reg_reg and_reg_imm push_reg push_reg xor_reg_reg xor_reg_reg mov_reg_imm call_indirect hlt,0
opaque_predicate_safe_6_x86_O3,always_true,mov_reg_imm ret,0
opaque_predicate_safe_6_x86_O3,_start,xor_reg_reg mov_reg_reg pop_reg mov_reg_reg and_reg_imm push_reg push_reg xor_reg_reg xor_reg_reg mov_reg_imm call_indirect hlt,0
opaque_predicate_safe_7_x86_O0,always_true,push_reg mov_reg_reg mov_mem_imm mov_reg_mem imul_reg_reg and_reg_imm test_reg_reg je_imm mov_reg_mem imul_reg_reg and_reg_imm test_reg_reg je_imm mov_reg_imm jmp_imm mov_reg_imm pop_reg ret,0
opaque_predicate_safe_7_x86_O0,safe,push_reg mov_reg_reg sub_reg_imm mov_mem_reg call_internal test_reg_reg je_imm mov_reg_mem lea_reg_mem mov_reg_imm mov_reg_reg mov_reg_reg call_strncpy mov_mem_imm nop leave ret,0
opaque_predicate_safe_7_x86_O0,_start,xor_reg_reg mov_reg_reg pop_reg mov_reg_reg and_reg_imm push_reg push_reg xor_reg_reg xor_reg_reg mov_reg_imm call_indirect hlt,0
opaque_predicate_safe_7_x86_O0,main,push_reg mov_reg_reg sub_reg_imm mov_mem_reg mov_mem_reg cmp_mem_imm jle_imm mov_reg_mem add_reg_imm mov_reg_mem mov_reg_reg call_internal mov_reg_imm leave ret,0
opaque_predicate_safe_7_x86_O1,always_true,mov_reg_imm ret,0
opaque_predicate_safe_7_x86_O1,_start,xor_reg_reg mov_reg_reg pop_reg mov_reg_reg and_reg_imm push_reg push_reg xor_reg_reg xor_reg_reg mov_reg_imm call_indirect hlt,0
opaque_predicate_safe_7_x86_O1,main,mov_reg_imm ret,0
opaque_predicate_safe_7_x86_O2,always_true,mov_reg_imm ret,0
opaque_predicate_safe_7_x86_O2,_start,xor_reg_reg mov_reg_reg pop_reg mov_reg_reg and_reg_imm push_reg push_reg xor_reg_reg xor_reg_reg mov_reg_imm call_indirect hlt,0
opaque_predicate_safe_7_x86_O3,always_true,mov_reg_imm ret,0
opaque_predicate_safe_7_x86_O3,_start,xor_reg_reg mov_reg_reg pop_reg mov_reg_reg and_reg_imm push_reg push_reg xor_reg_reg xor_reg_reg mov_reg_imm call_indirect hlt,0
opaque_predicate_safe_8_x86_O0,always_true,push_reg mov_reg_reg mov_mem_imm mov_reg_mem imul_reg_reg and_reg_imm test_reg_reg je_imm mov_reg_mem imul_reg_reg and_reg_imm test_reg_reg je_imm mov_reg_imm jmp_imm mov_reg_imm pop_reg ret,0
opaque_predicate_safe_8_x86_O0,safe,push_reg mov_reg_reg sub_reg_imm mov_mem_reg call_internal test_reg_reg je_imm mov_reg_mem lea_reg_mem mov_reg_imm mov_reg_reg mov_reg_reg call_strncpy mov_mem_imm nop leave ret,0
opaque_predicate_safe_8_x86_O0,_start,xor_reg_reg mov_reg_reg pop_reg mov_reg_reg and_reg_imm push_reg push_reg xor_reg_reg xor_reg_reg mov_reg_imm call_indirect hlt,0
opaque_predicate_safe_8_x86_O0,main,push_reg mov_reg_reg sub_reg_imm mov_mem_reg mov_mem_reg cmp_mem_imm jle_imm mov_reg_mem add_reg_imm mov_reg_mem mov_reg_reg call_internal mov_reg_imm leave ret,0
opaque_predicate_safe_8_x86_O1,always_true,mov_reg_imm ret,0
opaque_predicate_safe_8_x86_O1,_start,xor_reg_reg mov_reg_reg pop_reg mov_reg_reg and_reg_imm push_reg push_reg xor_reg_reg xor_reg_reg mov_reg_imm call_indirect hlt,0
opaque_predicate_safe_8_x86_O1,main,mov_reg_imm ret,0
opaque_predicate_safe_8_x86_O2,always_true,mov_reg_imm ret,0
opaque_predicate_safe_8_x86_O2,_start,xor_reg_reg mov_reg_reg pop_reg mov_reg_reg and_reg_imm push_reg push_reg xor_reg_reg xor_reg_reg mov_reg_imm call_indirect hlt,0
opaque_predicate_safe_8_x86_O3,always_true,mov_reg_imm ret,0
opaque_predicate_safe_8_x86_O3,_start,xor_reg_reg mov_reg_reg pop_reg mov_reg_reg and_reg_imm push_reg push_reg xor_reg_reg xor_reg_reg mov_reg_imm call_indirect hlt,0
opaque_predicate_safe_9_x86_O0,always_true,push_reg mov_reg_reg mov_mem_imm mov_reg_mem imul_reg_reg and_reg_imm test_reg_reg je_imm mov_reg_mem imul_reg_reg and_reg_imm test_reg_reg je_imm mov_reg_imm jmp_imm mov_reg_imm pop_reg ret,0
opaque_predicate_safe_9_x86_O0,safe,push_reg mov_reg_reg sub_reg_imm mov_mem_reg call_internal test_reg_reg je_imm mov_reg_mem lea_reg_mem mov_reg_imm mov_reg_reg mov_reg_reg call_strncpy mov_mem_imm nop leave ret,0
opaque_predicate_safe_9_x86_O0,_start,xor_reg_reg mov_reg_reg pop_reg mov_reg_reg and_reg_imm push_reg push_reg xor_reg_reg xor_reg_reg mov_reg_imm call_indirect hlt,0
opaque_predicate_safe_9_x86_O0,main,push_reg mov_reg_reg sub_reg_imm mov_mem_reg mov_mem_reg cmp_mem_imm jle_imm mov_reg_mem add_reg_imm mov_reg_mem mov_reg_reg call_internal mov_reg_imm leave ret,0
opaque_predicate_safe_9_x86_O1,always_true,mov_reg_imm ret,0
opaque_predicate_safe_9_x86_O1,_start,xor_reg_reg mov_reg_reg pop_reg mov_reg_reg and_reg_imm push_reg push_reg xor_reg_reg xor_reg_reg mov_reg_imm call_indirect hlt,0
opaque_predicate_safe_9_x86_O1,main,mov_reg_imm ret,0
opaque_predicate_safe_9_x86_O2,always_true,mov_reg_imm ret,0
opaque_predicate_safe_9_x86_O2,_start,xor_reg_reg mov_reg_reg pop_reg mov_reg_reg and_reg_imm push_reg push_reg xor_reg_reg xor_reg_reg mov_reg_imm call_indirect hlt,0
opaque_predicate_safe_9_x86_O3,always_true,mov_reg_imm ret,0
opaque_predicate_safe_9_x86_O3,_start,xor_reg_reg mov_reg_reg pop_reg mov_reg_reg and_reg_imm push_reg push_reg xor_reg_reg xor_reg_reg mov_reg_imm call_indirect hlt,0
opaque_predicate_vuln_0_x86_O0,always_true,push_reg mov_reg_reg mov_mem_imm mov_reg_mem imul_reg_reg and_reg_imm test_reg_reg je_imm mov_reg_mem imul_reg_reg and_reg_imm test_reg_reg je_imm mov_reg_imm jmp_imm mov_reg_imm pop_reg ret,0
opaque_predicate_vuln_0_x86_O0,_start,xor_reg_reg mov_reg_reg pop_reg mov_reg_reg and_reg_imm push_reg push_reg xor_reg_reg xor_reg_reg mov_reg_imm call_indirect hlt,0
opaque_predicate_vuln_0_x86_O0,main,push_reg mov_reg_reg sub_reg_imm mov_mem_reg mov_mem_reg cmp_mem_imm jle_imm mov_reg_mem add_reg_imm mov_reg_mem mov_reg_reg call_internal mov_reg_imm leave ret,0
opaque_predicate_vuln_0_x86_O0,vulnerable,push_reg mov_reg_reg sub_reg_imm mov_mem_reg call_internal test_reg_reg je_imm mov_reg_mem lea_reg_mem mov_reg_reg mov_reg_reg call_strcpy nop leave ret,1
opaque_predicate_vuln_0_x86_O1,always_true,mov_reg_imm ret,0
opaque_predicate_vuln_0_x86_O1,_start,xor_reg_reg mov_reg_reg pop_reg mov_reg_reg and_reg_imm push_reg push_reg xor_reg_reg xor_reg_reg mov_reg_imm call_indirect hlt,0
opaque_predicate_vuln_0_x86_O1,main,cmp_reg_imm jg_imm mov_reg_imm ret sub_reg_imm mov_reg_mem call_internal mov_reg_imm add_reg_imm ret,0
opaque_predicate_vuln_0_x86_O1,vulnerable,sub_reg_imm mov_reg_reg mov_reg_reg call_strcpy add_reg_imm ret,1
opaque_predicate_vuln_0_x86_O2,always_true,mov_reg_imm ret,0
opaque_predicate_vuln_0_x86_O2,_start,xor_reg_reg mov_reg_reg pop_reg mov_reg_reg and_reg_imm push_reg push_reg xor_reg_reg xor_reg_reg mov_reg_imm call_indirect hlt,0
opaque_predicate_vuln_0_x86_O2,main,cmp_reg_imm jg_imm xor_reg_reg ret sub_reg_imm mov_reg_mem mov_reg_reg call_strcpy xor_reg_reg add_reg_imm ret,0
opaque_predicate_vuln_0_x86_O2,vulnerable,sub_reg_imm mov_reg_reg mov_reg_reg call_strcpy add_reg_imm ret,1
opaque_predicate_vuln_0_x86_O3,always_true,mov_reg_imm ret,0
opaque_predicate_vuln_0_x86_O3,_start,xor_reg_reg mov_reg_reg pop_reg mov_reg_reg and_reg_imm push_reg push_reg xor_reg_reg xor_reg_reg mov_reg_imm call_indirect hlt,0
opaque_predicate_vuln_0_x86_O3,main,cmp_reg_imm jg_imm xor_reg_reg ret sub_reg_imm mov_reg_mem mov_reg_reg call_strcpy xor_reg_reg add_reg_imm ret,0
opaque_predicate_vuln_0_x86_O3,vulnerable,sub_reg_imm mov_reg_reg mov_reg_reg call_strcpy add_reg_imm ret,1
opaque_predicate_vuln_1_x86_O0,always_true,push_reg mov_reg_reg mov_mem_imm mov_reg_mem imul_reg_reg and_reg_imm test_reg_reg je_imm mov_reg_mem imul_reg_reg and_reg_imm test_reg_reg je_imm mov_reg_imm jmp_imm mov_reg_imm pop_reg ret,0
opaque_predicate_vuln_1_x86_O0,_start,xor_reg_reg mov_reg_reg pop_reg mov_reg_reg and_reg_imm push_reg push_reg xor_reg_reg xor_reg_reg mov_reg_imm call_indirect hlt,0
opaque_predicate_vuln_1_x86_O0,main,push_reg mov_reg_reg sub_reg_imm mov_mem_reg mov_mem_reg cmp_mem_imm jle_imm mov_reg_mem add_reg_imm mov_reg_mem mov_reg_reg call_internal mov_reg_imm leave ret,0
opaque_predicate_vuln_1_x86_O0,vulnerable,push_reg mov_reg_reg sub_reg_imm mov_mem_reg call_internal test_reg_reg je_imm mov_reg_mem lea_reg_mem mov_reg_reg mov_reg_reg call_strcpy nop leave ret,1
opaque_predicate_vuln_1_x86_O1,always_true,mov_reg_imm ret,0
opaque_predicate_vuln_1_x86_O1,_start,xor_reg_reg mov_reg_reg pop_reg mov_reg_reg and_reg_imm push_reg push_reg xor_reg_reg xor_reg_reg mov_reg_imm call_indirect hlt,0
opaque_predicate_vuln_1_x86_O1,main,cmp_reg_imm jg_imm mov_reg_imm ret sub_reg_imm mov_reg_mem call_internal mov_reg_imm add_reg_imm ret,0
opaque_predicate_vuln_1_x86_O1,vulnerable,sub_reg_imm mov_reg_reg mov_reg_reg call_strcpy add_reg_imm ret,1
opaque_predicate_vuln_1_x86_O2,always_true,mov_reg_imm ret,0
opaque_predicate_vuln_1_x86_O2,_start,xor_reg_reg mov_reg_reg pop_reg mov_reg_reg and_reg_imm push_reg push_reg xor_reg_reg xor_reg_reg mov_reg_imm call_indirect hlt,0
opaque_predicate_vuln_1_x86_O2,main,cmp_reg_imm jg_imm xor_reg_reg ret sub_reg_imm mov_reg_mem mov_reg_reg call_strcpy xor_reg_reg add_reg_imm ret,0
opaque_predicate_vuln_1_x86_O2,vulnerable,sub_reg_imm mov_reg_reg mov_reg_reg call_strcpy add_reg_imm ret,1
opaque_predicate_vuln_1_x86_O3,always_true,mov_reg_imm ret,0
opaque_predicate_vuln_1_x86_O3,_start,xor_reg_reg mov_reg_reg pop_reg mov_reg_reg and_reg_imm push_reg push_reg xor_reg_reg xor_reg_reg mov_reg_imm call_indirect hlt,0
opaque_predicate_vuln_1_x86_O3,main,cmp_reg_imm jg_imm xor_reg_reg ret sub_reg_imm mov_reg_mem mov_reg_reg call_strcpy xor_reg_reg add_reg_imm ret,0
opaque_predicate_vuln_1_x86_O3,vulnerable,sub_reg_imm mov_reg_reg mov_reg_reg call_strcpy add_reg_imm ret,1
opaque_predicate_vuln_2_x86_O0,always_true,push_reg mov_reg_reg mov_mem_imm mov_reg_mem imul_reg_reg and_reg_imm test_reg_reg je_imm mov_reg_mem imul_reg_reg and_reg_imm test_reg_reg je_imm mov_reg_imm jmp_imm mov_reg_imm pop_reg ret,0
opaque_predicate_vuln_2_x86_O0,_start,xor_reg_reg mov_reg_reg pop_reg mov_reg_reg and_reg_imm push_reg push_reg xor_reg_reg xor_reg_reg mov_reg_imm call_indirect hlt,0
opaque_predicate_vuln_2_x86_O0,main,push_reg mov_reg_reg sub_reg_imm mov_mem_reg mov_mem_reg cmp_mem_imm jle_imm mov_reg_mem add_reg_imm mov_reg_mem mov_reg_reg call_internal mov_reg_imm leave ret,0
opaque_predicate_vuln_2_x86_O0,vulnerable,push_reg mov_reg_reg sub_reg_imm mov_mem_reg call_internal test_reg_reg je_imm mov_reg_mem lea_reg_mem mov_reg_reg mov_reg_reg call_strcpy nop leave ret,1
opaque_predicate_vuln_2_x86_O1,always_true,mov_reg_imm ret,0
opaque_predicate_vuln_2_x86_O1,_start,xor_reg_reg mov_reg_reg pop_reg mov_reg_reg and_reg_imm push_reg push_reg xor_reg_reg xor_reg_reg mov_reg_imm call_indirect hlt,0
opaque_predicate_vuln_2_x86_O1,main,cmp_reg_imm jg_imm mov_reg_imm ret sub_reg_imm mov_reg_mem call_internal mov_reg_imm add_reg_imm ret,0
opaque_predicate_vuln_2_x86_O1,vulnerable,sub_reg_imm mov_reg_reg mov_reg_reg call_strcpy add_reg_imm ret,1
opaque_predicate_vuln_2_x86_O2,always_true,mov_reg_imm ret,0
opaque_predicate_vuln_2_x86_O2,_start,xor_reg_reg mov_reg_reg pop_reg mov_reg_reg and_reg_imm push_reg push_reg xor_reg_reg xor_reg_reg mov_reg_imm call_indirect hlt,0
opaque_predicate_vuln_2_x86_O2,main,cmp_reg_imm jg_imm xor_reg_reg ret sub_reg_imm mov_reg_mem mov_reg_reg call_strcpy xor_reg_reg add_reg_imm ret,0
opaque_predicate_vuln_2_x86_O2,vulnerable,sub_reg_imm mov_reg_reg mov_reg_reg call_strcpy add_reg_imm ret,1
opaque_predicate_vuln_2_x86_O3,always_true,mov_reg_imm ret,0
opaque_predicate_vuln_2_x86_O3,_start,xor_reg_reg mov_reg_reg pop_reg mov_reg_reg and_reg_imm push_reg push_reg xor_reg_reg xor_reg_reg mov_reg_imm call_indirect hlt,0
opaque_predicate_vuln_2_x86_O3,main,cmp_reg_imm jg_imm xor_reg_reg ret sub_reg_imm mov_reg_mem mov_reg_reg call_strcpy xor_reg_reg add_reg_imm ret,0
opaque_predicate_vuln_2_x86_O3,vulnerable,sub_reg_imm mov_reg_reg mov_reg_reg call_strcpy add_reg_imm ret,1
opaque_predicate_vuln_3_x86_O0,always_true,push_reg mov_reg_reg mov_mem_imm mov_reg_mem imul_reg_reg and_reg_imm test_reg_reg je_imm mov_reg_mem imul_reg_reg and_reg_imm test_reg_reg je_imm mov_reg_imm jmp_imm mov_reg_imm pop_reg ret,0
opaque_predicate_vuln_3_x86_O0,_start,xor_reg_reg mov_reg_reg pop_reg mov_reg_reg and_reg_imm push_reg push_reg xor_reg_reg xor_reg_reg mov_reg_imm call_indirect hlt,0
opaque_predicate_vuln_3_x86_O0,main,push_reg mov_reg_reg sub_reg_imm mov_mem_reg mov_mem_reg cmp_mem_imm jle_imm mov_reg_mem add_reg_imm mov_reg_mem mov_reg_reg call_internal mov_reg_imm leave ret,0
opaque_predicate_vuln_3_x86_O0,vulnerable,push_reg mov_reg_reg sub_reg_imm mov_mem_reg call_internal test_reg_reg je_imm mov_reg_mem lea_reg_mem mov_reg_reg mov_reg_reg call_strcpy nop leave ret,1
opaque_predicate_vuln_3_x86_O1,always_true,mov_reg_imm ret,0
opaque_predicate_vuln_3_x86_O1,_start,xor_reg_reg mov_reg_reg pop_reg mov_reg_reg and_reg_imm push_reg push_reg xor_reg_reg xor_reg_reg mov_reg_imm call_indirect hlt,0
opaque_predicate_vuln_3_x86_O1,main,cmp_reg_imm jg_imm mov_reg_imm ret sub_reg_imm mov_reg_mem call_internal mov_reg_imm add_reg_imm ret,0
opaque_predicate_vuln_3_x86_O1,vulnerable,sub_reg_imm mov_reg_reg mov_reg_reg call_strcpy add_reg_imm ret,1
opaque_predicate_vuln_3_x86_O2,always_true,mov_reg_imm ret,0
opaque_predicate_vuln_3_x86_O2,_start,xor_reg_reg mov_reg_reg pop_reg mov_reg_reg and_reg_imm push_reg push_reg xor_reg_reg xor_reg_reg mov_reg_imm call_indirect hlt,0
opaque_predicate_vuln_3_x86_O2,main,cmp_reg_imm jg_imm xor_reg_reg ret sub_reg_imm mov_reg_mem mov_reg_reg call_strcpy xor_reg_reg add_reg_imm ret,0
opaque_predicate_vuln_3_x86_O2,vulnerable,sub_reg_imm mov_reg_reg mov_reg_reg call_strcpy add_reg_imm ret,1
opaque_predicate_vuln_3_x86_O3,always_true,mov_reg_imm ret,0
opaque_predicate_vuln_3_x86_O3,_start,xor_reg_reg mov_reg_reg pop_reg mov_reg_reg and_reg_imm push_reg push_reg xor_reg_reg xor_reg_reg mov_reg_imm call_indirect hlt,0
opaque_predicate_vuln_3_x86_O3,main,cmp_reg_imm jg_imm xor_reg_reg ret sub_reg_imm mov_reg_mem mov_reg_reg call_strcpy xor_reg_reg add_reg_imm ret,0
opaque_predicate_vuln_3_x86_O3,vulnerable,sub_reg_imm mov_reg_reg mov_reg_reg call_strcpy add_reg_imm ret,1
opaque_predicate_vuln_4_x86_O0,always_true,push_reg mov_reg_reg mov_mem_imm mov_reg_mem imul_reg_reg and_reg_imm test_reg_reg je_imm mov_reg_mem imul_reg_reg and_reg_imm test_reg_reg je_imm mov_reg_imm jmp_imm mov_reg_imm pop_reg ret,0
opaque_predicate_vuln_4_x86_O0,_start,xor_reg_reg mov_reg_reg pop_reg mov_reg_reg and_reg_imm push_reg push_reg xor_reg_reg xor_reg_reg mov_reg_imm call_indirect hlt,0
opaque_predicate_vuln_4_x86_O0,main,push_reg mov_reg_reg sub_reg_imm mov_mem_reg mov_mem_reg cmp_mem_imm jle_imm mov_reg_mem add_reg_imm mov_reg_mem mov_reg_reg call_internal mov_reg_imm leave ret,0
opaque_predicate_vuln_4_x86_O0,vulnerable,push_reg mov_reg_reg sub_reg_imm mov_mem_reg call_internal test_reg_reg je_imm mov_reg_mem lea_reg_mem mov_reg_reg mov_reg_reg call_strcpy nop leave ret,1
opaque_predicate_vuln_4_x86_O1,always_true,mov_reg_imm ret,0
opaque_predicate_vuln_4_x86_O1,_start,xor_reg_reg mov_reg_reg pop_reg mov_reg_reg and_reg_imm push_reg push_reg xor_reg_reg xor_reg_reg mov_reg_imm call_indirect hlt,0
opaque_predicate_vuln_4_x86_O1,main,cmp_reg_imm jg_imm mov_reg_imm ret sub_reg_imm mov_reg_mem call_internal mov_reg_imm add_reg_imm ret,0
opaque_predicate_vuln_4_x86_O1,vulnerable,sub_reg_imm mov_reg_reg mov_reg_reg call_strcpy add_reg_imm ret,1
opaque_predicate_vuln_4_x86_O2,always_true,mov_reg_imm ret,0
opaque_predicate_vuln_4_x86_O2,_start,xor_reg_reg mov_reg_reg pop_reg mov_reg_reg and_reg_imm push_reg push_reg xor_reg_reg xor_reg_reg mov_reg_imm call_indirect hlt,0
opaque_predicate_vuln_4_x86_O2,main,cmp_reg_imm jg_imm xor_reg_reg ret sub_reg_imm mov_reg_mem mov_reg_reg call_strcpy xor_reg_reg add_reg_imm ret,0
opaque_predicate_vuln_4_x86_O2,vulnerable,sub_reg_imm mov_reg_reg mov_reg_reg call_strcpy add_reg_imm ret,1
opaque_predicate_vuln_4_x86_O3,always_true,mov_reg_imm ret,0
opaque_predicate_vuln_4_x86_O3,_start,xor_reg_reg mov_reg_reg pop_reg mov_reg_reg and_reg_imm push_reg push_reg xor_reg_reg xor_reg_reg mov_reg_imm call_indirect hlt,0
opaque_predicate_vuln_4_x86_O3,main,cmp_reg_imm jg_imm xor_reg_reg ret sub_reg_imm mov_reg_mem mov_reg_reg call_strcpy xor_reg_reg add_reg_imm ret,0
opaque_predicate_vuln_4_x86_O3,vulnerable,sub_reg_imm mov_reg_reg mov_reg_reg call_strcpy add_reg_imm ret,1
opaque_predicate_vuln_5_x86_O0,always_true,push_reg mov_reg_reg mov_mem_imm mov_reg_mem imul_reg_reg and_reg_imm test_reg_reg je_imm mov_reg_mem imul_reg_reg and_reg_imm test_reg_reg je_imm mov_reg_imm jmp_imm mov_reg_imm pop_reg ret,0
opaque_predicate_vuln_5_x86_O0,_start,xor_reg_reg mov_reg_reg pop_reg mov_reg_reg and_reg_imm push_reg push_reg xor_reg_reg xor_reg_reg mov_reg_imm call_indirect hlt,0
opaque_predicate_vuln_5_x86_O0,main,push_reg mov_reg_reg sub_reg_imm mov_mem_reg mov_mem_reg cmp_mem_imm jle_imm mov_reg_mem add_reg_imm mov_reg_mem mov_reg_reg call_internal mov_reg_imm leave ret,0
opaque_predicate_vuln_5_x86_O0,vulnerable,push_reg mov_reg_reg sub_reg_imm mov_mem_reg call_internal test_reg_reg je_imm mov_reg_mem lea_reg_mem mov_reg_reg mov_reg_reg call_strcpy nop leave ret,1
opaque_predicate_vuln_5_x86_O1,always_true,mov_reg_imm ret,0
opaque_predicate_vuln_5_x86_O1,_start,xor_reg_reg mov_reg_reg pop_reg mov_reg_reg and_reg_imm push_reg push_reg xor_reg_reg xor_reg_reg mov_reg_imm call_indirect hlt,0
opaque_predicate_vuln_5_x86_O1,main,cmp_reg_imm jg_imm mov_reg_imm ret sub_reg_imm mov_reg_mem call_internal mov_reg_imm add_reg_imm ret,0
opaque_predicate_vuln_5_x86_O1,vulnerable,sub_reg_imm mov_reg_reg mov_reg_reg call_strcpy add_reg_imm ret,1
opaque_predicate_vuln_5_x86_O2,always_true,mov_reg_imm ret,0
opaque_predicate_vuln_5_x86_O2,_start,xor_reg_reg mov_reg_reg pop_reg mov_reg_reg and_reg_imm push_reg push_reg xor_reg_reg xor_reg_reg mov_reg_imm call_indirect hlt,0
opaque_predicate_vuln_5_x86_O2,main,cmp_reg_imm jg_imm xor_reg_reg ret sub_reg_imm mov_reg_mem mov_reg_reg call_strcpy xor_reg_reg add_reg_imm ret,0
opaque_predicate_vuln_5_x86_O2,vulnerable,sub_reg_imm mov_reg_reg mov_reg_reg call_strcpy add_reg_imm ret,1
opaque_predicate_vuln_5_x86_O3,always_true,mov_reg_imm ret,0
opaque_predicate_vuln_5_x86_O3,_start,xor_reg_reg mov_reg_reg pop_reg mov_reg_reg and_reg_imm push_reg push_reg xor_reg_reg xor_reg_reg mov_reg_imm call_indirect hlt,0
opaque_predicate_vuln_5_x86_O3,main,cmp_reg_imm jg_imm xor_reg_reg ret sub_reg_imm mov_reg_mem mov_reg_reg call_strcpy xor_reg_reg add_reg_imm ret,0
opaque_predicate_vuln_5_x86_O3,vulnerable,sub_reg_imm mov_reg_reg mov_reg_reg call_strcpy add_reg_imm ret,1
opaque_predicate_vuln_6_x86_O0,always_true,push_reg mov_reg_reg mov_mem_imm mov_reg_mem imul_reg_reg and_reg_imm test_reg_reg je_imm mov_reg_mem imul_reg_reg and_reg_imm test_reg_reg je_imm mov_reg_imm jmp_imm mov_reg_imm pop_reg ret,0
opaque_predicate_vuln_6_x86_O0,_start,xor_reg_reg mov_reg_reg pop_reg mov_reg_reg and_reg_imm push_reg push_reg xor_reg_reg xor_reg_reg mov_reg_imm call_indirect hlt,0
opaque_predicate_vuln_6_x86_O0,main,push_reg mov_reg_reg sub_reg_imm mov_mem_reg mov_mem_reg cmp_mem_imm jle_imm mov_reg_mem add_reg_imm mov_reg_mem mov_reg_reg call_internal mov_reg_imm leave ret,0
opaque_predicate_vuln_6_x86_O0,vulnerable,push_reg mov_reg_reg sub_reg_imm mov_mem_reg call_internal test_reg_reg je_imm mov_reg_mem lea_reg_mem mov_reg_reg mov_reg_reg call_strcpy nop leave ret,1
opaque_predicate_vuln_6_x86_O1,always_true,mov_reg_imm ret,0
opaque_predicate_vuln_6_x86_O1,_start,xor_reg_reg mov_reg_reg pop_reg mov_reg_reg and_reg_imm push_reg push_reg xor_reg_reg xor_reg_reg mov_reg_imm call_indirect hlt,0
opaque_predicate_vuln_6_x86_O1,main,cmp_reg_imm jg_imm mov_reg_imm ret sub_reg_imm mov_reg_mem call_internal mov_reg_imm add_reg_imm ret,0
opaque_predicate_vuln_6_x86_O1,vulnerable,sub_reg_imm mov_reg_reg mov_reg_reg call_strcpy add_reg_imm ret,1
opaque_predicate_vuln_6_x86_O2,always_true,mov_reg_imm ret,0
opaque_predicate_vuln_6_x86_O2,_start,xor_reg_reg mov_reg_reg pop_reg mov_reg_reg and_reg_imm push_reg push_reg xor_reg_reg xor_reg_reg mov_reg_imm call_indirect hlt,0
opaque_predicate_vuln_6_x86_O2,main,cmp_reg_imm jg_imm xor_reg_reg ret sub_reg_imm mov_reg_mem mov_reg_reg call_strcpy xor_reg_reg add_reg_imm ret,0
opaque_predicate_vuln_6_x86_O2,vulnerable,sub_reg_imm mov_reg_reg mov_reg_reg call_strcpy add_reg_imm ret,1
opaque_predicate_vuln_6_x86_O3,always_true,mov_reg_imm ret,0
opaque_predicate_vuln_6_x86_O3,_start,xor_reg_reg mov_reg_reg pop_reg mov_reg_reg and_reg_imm push_reg push_reg xor_reg_reg xor_reg_reg mov_reg_imm call_indirect hlt,0
opaque_predicate_vuln_6_x86_O3,main,cmp_reg_imm jg_imm xor_reg_reg ret sub_reg_imm mov_reg_mem mov_reg_reg call_strcpy xor_reg_reg add_reg_imm ret,0
opaque_predicate_vuln_6_x86_O3,vulnerable,sub_reg_imm mov_reg_reg mov_reg_reg call_strcpy add_reg_imm ret,1
opaque_predicate_vuln_7_x86_O0,always_true,push_reg mov_reg_reg mov_mem_imm mov_reg_mem imul_reg_reg and_reg_imm test_reg_reg je_imm mov_reg_mem imul_reg_reg and_reg_imm test_reg_reg je_imm mov_reg_imm jmp_imm mov_reg_imm pop_reg ret,0
opaque_predicate_vuln_7_x86_O0,_start,xor_reg_reg mov_reg_reg pop_reg mov_reg_reg and_reg_imm push_reg push_reg xor_reg_reg xor_reg_reg mov_reg_imm call_indirect hlt,0
opaque_predicate_vuln_7_x86_O0,main,push_reg mov_reg_reg sub_reg_imm mov_mem_reg mov_mem_reg cmp_mem_imm jle_imm mov_reg_mem add_reg_imm mov_reg_mem mov_reg_reg call_internal mov_reg_imm leave ret,0
opaque_predicate_vuln_7_x86_O0,vulnerable,push_reg mov_reg_reg sub_reg_imm mov_mem_reg call_internal test_reg_reg je_imm mov_reg_mem lea_reg_mem mov_reg_reg mov_reg_reg call_strcpy nop leave ret,1
opaque_predicate_vuln_7_x86_O1,always_true,mov_reg_imm ret,0
opaque_predicate_vuln_7_x86_O1,_start,xor_reg_reg mov_reg_reg pop_reg mov_reg_reg and_reg_imm push_reg push_reg xor_reg_reg xor_reg_reg mov_reg_imm call_indirect hlt,0
opaque_predicate_vuln_7_x86_O1,main,cmp_reg_imm jg_imm mov_reg_imm ret sub_reg_imm mov_reg_mem call_internal mov_reg_imm add_reg_imm ret,0
opaque_predicate_vuln_7_x86_O1,vulnerable,sub_reg_imm mov_reg_reg mov_reg_reg call_strcpy add_reg_imm ret,1
opaque_predicate_vuln_7_x86_O2,always_true,mov_reg_imm ret,0
opaque_predicate_vuln_7_x86_O2,_start,xor_reg_reg mov_reg_reg pop_reg mov_reg_reg and_reg_imm push_reg push_reg xor_reg_reg xor_reg_reg mov_reg_imm call_indirect hlt,0
opaque_predicate_vuln_7_x86_O2,main,cmp_reg_imm jg_imm xor_reg_reg ret sub_reg_imm mov_reg_mem mov_reg_reg call_strcpy xor_reg_reg add_reg_imm ret,0
opaque_predicate_vuln_7_x86_O2,vulnerable,sub_reg_imm mov_reg_reg mov_reg_reg call_strcpy add_reg_imm ret,1
opaque_predicate_vuln_7_x86_O3,always_true,mov_reg_imm ret,0
opaque_predicate_vuln_7_x86_O3,_start,xor_reg_reg mov_reg_reg pop_reg mov_reg_reg and_reg_imm push_reg push_reg xor_reg_reg xor_reg_reg mov_reg_imm call_indirect hlt,0
opaque_predicate_vuln_7_x86_O3,main,cmp_reg_imm jg_imm xor_reg_reg ret sub_reg_imm mov_reg_mem mov_reg_reg call_strcpy xor_reg_reg add_reg_imm ret,0
opaque_predicate_vuln_7_x86_O3,vulnerable,sub_reg_imm mov_reg_reg mov_reg_reg call_strcpy add_reg_imm ret,1
opaque_predicate_vuln_8_x86_O0,always_true,push_reg mov_reg_reg mov_mem_imm mov_reg_mem imul_reg_reg and_reg_imm test_reg_reg je_imm mov_reg_mem imul_reg_reg and_reg_imm test_reg_reg je_imm mov_reg_imm jmp_imm mov_reg_imm pop_reg ret,0
opaque_predicate_vuln_8_x86_O0,_start,xor_reg_reg mov_reg_reg pop_reg mov_reg_reg and_reg_imm push_reg push_reg xor_reg_reg xor_reg_reg mov_reg_imm call_indirect hlt,0
opaque_predicate_vuln_8_x86_O0,main,push_reg mov_reg_reg sub_reg_imm mov_mem_reg mov_mem_reg cmp_mem_imm jle_imm mov_reg_mem add_reg_imm mov_reg_mem mov_reg_reg call_internal mov_reg_imm leave ret,0
opaque_predicate_vuln_8_x86_O0,vulnerable,push_reg mov_reg_reg sub_reg_imm mov_mem_reg call_internal test_reg_reg je_imm mov_reg_mem lea_reg_mem mov_reg_reg mov_reg_reg call_strcpy nop leave ret,1
opaque_predicate_vuln_8_x86_O1,always_true,mov_reg_imm ret,0
opaque_predicate_vuln_8_x86_O1,_start,xor_reg_reg mov_reg_reg pop_reg mov_reg_reg and_reg_imm push_reg push_reg xor_reg_reg xor_reg_reg mov_reg_imm call_indirect hlt,0
opaque_predicate_vuln_8_x86_O1,main,cmp_reg_imm jg_imm mov_reg_imm ret sub_reg_imm mov_reg_mem call_internal mov_reg_imm add_reg_imm ret,0
opaque_predicate_vuln_8_x86_O1,vulnerable,sub_reg_imm mov_reg_reg mov_reg_reg call_strcpy add_reg_imm ret,1
opaque_predicate_vuln_8_x86_O2,always_true,mov_reg_imm ret,0
opaque_predicate_vuln_8_x86_O2,_start,xor_reg_reg mov_reg_reg pop_reg mov_reg_reg and_reg_imm push_reg push_reg xor_reg_reg xor_reg_reg mov_reg_imm call_indirect hlt,0
opaque_predicate_vuln_8_x86_O2,main,cmp_reg_imm jg_imm xor_reg_reg ret sub_reg_imm mov_reg_mem mov_reg_reg call_strcpy xor_reg_reg add_reg_imm ret,0
opaque_predicate_vuln_8_x86_O2,vulnerable,sub_reg_imm mov_reg_reg mov_reg_reg call_strcpy add_reg_imm ret,1
opaque_predicate_vuln_8_x86_O3,always_true,mov_reg_imm ret,0
opaque_predicate_vuln_8_x86_O3,_start,xor_reg_reg mov_reg_reg pop_reg mov_reg_reg and_reg_imm push_reg push_reg xor_reg_reg xor_reg_reg mov_reg_imm call_indirect hlt,0
opaque_predicate_vuln_8_x86_O3,main,cmp_reg_imm jg_imm xor_reg_reg ret sub_reg_imm mov_reg_mem mov_reg_reg call_strcpy xor_reg_reg add_reg_imm ret,0
opaque_predicate_vuln_8_x86_O3,vulnerable,sub_reg_imm mov_reg_reg mov_reg_reg call_strcpy add_reg_imm ret,1
opaque_predicate_vuln_9_x86_O0,always_true,push_reg mov_reg_reg mov_mem_imm mov_reg_mem imul_reg_reg and_reg_imm test_reg_reg je_imm mov_reg_mem imul_reg_reg and_reg_imm test_reg_reg je_imm mov_reg_imm jmp_imm mov_reg_imm pop_reg ret,0
opaque_predicate_vuln_9_x86_O0,_start,xor_reg_reg mov_reg_reg pop_reg mov_reg_reg and_reg_imm push_reg push_reg xor_reg_reg xor_reg_reg mov_reg_imm call_indirect hlt,0
opaque_predicate_vuln_9_x86_O0,main,push_reg mov_reg_reg sub_reg_imm mov_mem_reg mov_mem_reg cmp_mem_imm jle_imm mov_reg_mem add_reg_imm mov_reg_mem mov_reg_reg call_internal mov_reg_imm leave ret,0
opaque_predicate_vuln_9_x86_O0,vulnerable,push_reg mov_reg_reg sub_reg_imm mov_mem_reg call_internal test_reg_reg je_imm mov_reg_mem lea_reg_mem mov_reg_reg mov_reg_reg call_strcpy nop leave ret,1
opaque_predicate_vuln_9_x86_O1,always_true,mov_reg_imm ret,0
opaque_predicate_vuln_9_x86_O1,_start,xor_reg_reg mov_reg_reg pop_reg mov_reg_reg and_reg_imm push_reg push_reg xor_reg_reg xor_reg_reg mov_reg_imm call_indirect hlt,0
opaque_predicate_vuln_9_x86_O1,main,cmp_reg_imm jg_imm mov_reg_imm ret sub_reg_imm mov_reg_mem call_internal mov_reg_imm add_reg_imm ret,0
opaque_predicate_vuln_9_x86_O1,vulnerable,sub_reg_imm mov_reg_reg mov_reg_reg call_strcpy add_reg_imm ret,1
opaque_predicate_vuln_9_x86_O2,always_true,mov_reg_imm ret,0
opaque_predicate_vuln_9_x86_O2,_start,xor_reg_reg mov_reg_reg pop_reg mov_reg_reg and_reg_imm push_reg push_reg xor_reg_reg xor_reg_reg mov_reg_imm call_indirect hlt,0
opaque_predicate_vuln_9_x86_O2,main,cmp_reg_imm jg_imm xor_reg_reg ret sub_reg_imm mov_reg_mem mov_reg_reg call_strcpy xor_reg_reg add_reg_imm ret,0
opaque_predicate_vuln_9_x86_O2,vulnerable,sub_reg_imm mov_reg_reg mov_reg_reg call_strcpy add_reg_imm ret,1
opaque_predicate_vuln_9_x86_O3,always_true,mov_reg_imm ret,0
opaque_predicate_vuln_9_x86_O3,_start,xor_reg_reg mov_reg_reg pop_reg mov_reg_reg and_reg_imm push_reg push_reg xor_reg_reg xor_reg_reg mov_reg_imm call_indirect hlt,0
opaque_predicate_vuln_9_x86_O3,main,cmp_reg_imm jg_imm xor_reg_reg ret sub_reg_imm mov_reg_mem mov_reg_reg call_strcpy xor_reg_reg add_reg_imm ret,0
opaque_predicate_vuln_9_x86_O3,vulnerable,sub_reg_imm mov_reg_reg mov_reg_reg call_strcpy add_reg_imm ret,1
race_safe_0_x86_O0,_start,xor_reg_reg mov_reg_reg pop_reg mov_reg_reg and_reg_imm push_reg push_reg xor_reg_reg xor_reg_reg mov_reg_imm call_indirect hlt,0
race_safe_0_x86_O0,main,push_reg mov_reg_reg sub_reg_imm lea_reg_mem mov_reg_imm mov_reg_reg call_pthread_mutex_init lea_reg_mem lea_reg_mem mov_reg_imm mov_reg_imm mov_reg_reg call_pthread_create lea_reg_mem lea_reg_mem mov_reg_imm mov_reg_imm mov_reg_reg call_pthread_create mov_reg_mem mov_reg_imm mov_reg_reg call_pthread_join mov_reg_mem mov_reg_imm mov_reg_reg call_pthread_join lea_reg_mem mov_reg_reg call_pthread_mutex_destroy mov_reg_imm leave ret,0
race_safe_0_x86_O0,inc,push_reg mov_reg_reg sub_reg_imm mov_mem_reg mov_mem_imm jmp_imm lea_reg_mem mov_reg_reg call_pthread_mutex_lock mov_reg_mem add_reg_imm mov_mem_reg lea_reg_mem mov_reg_reg call_pthread_mutex_unlock add_mem_imm cmp_mem_imm jle_imm mov_reg_imm leave ret,0
race_safe_0_x86_O1,_start,xor_reg_reg mov_reg_reg pop_reg mov_reg_reg and_reg_imm push_reg push_reg xor_reg_reg xor_reg_reg mov_reg_imm call_indirect hlt,0
race_safe_0_x86_O1,main,push_reg push_reg sub_reg_imm lea_reg_mem mov_reg_imm mov_reg_reg call_pthread_mutex_init lea_reg_mem lea_reg_mem mov_reg_imm mov_reg_reg mov_reg_imm call_pthread_create mov_reg_reg mov_reg_imm mov_reg_reg mov_reg_imm call_pthread_create mov_reg_imm mov_reg_mem call_pthread_join mov_reg_imm mov_reg_mem call_pthread_join mov_reg_reg call_pthread_mutex_destroy mov_reg_imm add_reg_imm pop_reg pop_reg ret,0
race_safe_0_x86_O1,inc,push_reg push_reg sub_reg_imm mov_reg_imm lea_reg_mem mov_reg_reg call_pthread_mutex_lock add_mem_imm mov_reg_reg call_pthread_mutex_unlock sub_reg_imm jne_imm mov_reg_imm add_reg_imm pop_reg pop_reg ret,0
race_safe_0_x86_O2,_start,xor_reg_reg mov_reg_reg pop_reg mov_reg_reg and_reg_imm push_reg push_reg xor_reg_reg xor_reg_reg mov_reg_imm call_indirect hlt,0
race_safe_0_x86_O2,main,sub_reg_imm xor_reg_reg lea_reg_mem call_pthread_mutex_init mov_reg_reg xor_reg_reg xor_reg_reg lea_reg_mem call_pthread_create xor_reg_reg lea_reg_mem xor_reg_reg lea_reg_mem call_pthread_create mov_reg_mem xor_reg_reg call_pthread_join mov_reg_mem xor_reg_reg call_pthread_join lea_reg_mem call_pthread_mutex_destroy xor_reg_reg add_reg_imm ret,0
race_safe_0_x86_O2,inc,push_reg mov_reg_imm nop_mem lea_reg_mem call_pthread_mutex_lock lea_reg_mem add_mem_imm call_pthread_mutex_unlock sub_reg_imm jne_imm xor_reg_reg pop_reg ret,0
race_safe_0_x86_O3,_start,xor_reg_reg mov_reg_reg pop_reg mov_reg_reg and_reg_imm push_reg push_reg xor_reg_reg xor_reg_reg mov_reg_imm call_indirect hlt,0
race_safe_0_x86_O3,main,sub_reg_imm xor_reg_reg lea_reg_mem call_pthread_mutex_init mov_reg_reg xor_reg_reg xor_reg_reg lea_reg_mem call_pthread_create xor_reg_reg lea_reg_mem xor_reg_reg lea_reg_mem call_pthread_create mov_reg_mem xor_reg_reg call_pthread_join mov_reg_mem xor_reg_reg call_pthread_join lea_reg_mem call_pthread_mutex_destroy xor_reg_reg add_reg_imm ret,0
race_safe_0_x86_O3,inc,push_reg mov_reg_imm nop_mem lea_reg_mem call_pthread_mutex_lock lea_reg_mem add_mem_imm call_pthread_mutex_unlock sub_reg_imm jne_imm xor_reg_reg pop_reg ret,0
race_safe_1_x86_O0,_start,xor_reg_reg mov_reg_reg pop_reg mov_reg_reg and_reg_imm push_reg push_reg xor_reg_reg xor_reg_reg mov_reg_imm call_indirect hlt,0
race_safe_1_x86_O0,main,push_reg mov_reg_reg sub_reg_imm lea_reg_mem mov_reg_imm mov_reg_reg call_pthread_mutex_init lea_reg_mem lea_reg_mem mov_reg_imm mov_reg_imm mov_reg_reg call_pthread_create lea_reg_mem lea_reg_mem mov_reg_imm mov_reg_imm mov_reg_reg call_pthread_create mov_reg_mem mov_reg_imm mov_reg_reg call_pthread_join mov_reg_mem mov_reg_imm mov_reg_reg call_pthread_join lea_reg_mem mov_reg_reg call_pthread_mutex_destroy mov_reg_imm leave ret,0
race_safe_1_x86_O0,inc,push_reg mov_reg_reg sub_reg_imm mov_mem_reg mov_mem_imm jmp_imm lea_reg_mem mov_reg_reg call_pthread_mutex_lock mov_reg_mem add_reg_imm mov_mem_reg lea_reg_mem mov_reg_reg call_pthread_mutex_unlock add_mem_imm cmp_mem_imm jle_imm mov_reg_imm leave ret,0
race_safe_1_x86_O1,_start,xor_reg_reg mov_reg_reg pop_reg mov_reg_reg and_reg_imm push_reg push_reg xor_reg_reg xor_reg_reg mov_reg_imm call_indirect hlt,0
race_safe_1_x86_O1,main,push_reg push_reg sub_reg_imm lea_reg_mem mov_reg_imm mov_reg_reg call_pthread_mutex_init lea_reg_mem lea_reg_mem mov_reg_imm mov_reg_reg mov_reg_imm call_pthread_create mov_reg_reg mov_reg_imm mov_reg_reg mov_reg_imm call_pthread_create mov_reg_imm mov_reg_mem call_pthread_join mov_reg_imm mov_reg_mem call_pthread_join mov_reg_reg call_pthread_mutex_destroy mov_reg_imm add_reg_imm pop_reg pop_reg ret,0
race_safe_1_x86_O1,inc,push_reg push_reg sub_reg_imm mov_reg_imm lea_reg_mem mov_reg_reg call_pthread_mutex_lock add_mem_imm mov_reg_reg call_pthread_mutex_unlock sub_reg_imm jne_imm mov_reg_imm add_reg_imm pop_reg pop_reg ret,0
race_safe_1_x86_O2,_start,xor_reg_reg mov_reg_reg pop_reg mov_reg_reg and_reg_imm push_reg push_reg xor_reg_reg xor_reg_reg mov_reg_imm call_indirect hlt,0
race_safe_1_x86_O2,main,sub_reg_imm xor_reg_reg lea_reg_mem call_pthread_mutex_init mov_reg_reg xor_reg_reg xor_reg_reg lea_reg_mem call_pthread_create xor_reg_reg lea_reg_mem xor_reg_reg lea_reg_mem call_pthread_create mov_reg_mem xor_reg_reg call_pthread_join mov_reg_mem xor_reg_reg call_pthread_join lea_reg_mem call_pthread_mutex_destroy xor_reg_reg add_reg_imm ret,0
race_safe_1_x86_O2,inc,push_reg mov_reg_imm nop_mem lea_reg_mem call_pthread_mutex_lock lea_reg_mem add_mem_imm call_pthread_mutex_unlock sub_reg_imm jne_imm xor_reg_reg pop_reg ret,0
race_safe_1_x86_O3,_start,xor_reg_reg mov_reg_reg pop_reg mov_reg_reg and_reg_imm push_reg push_reg xor_reg_reg xor_reg_reg mov_reg_imm call_indirect hlt,0
race_safe_1_x86_O3,main,sub_reg_imm xor_reg_reg lea_reg_mem call_pthread_mutex_init mov_reg_reg xor_reg_reg xor_reg_reg lea_reg_mem call_pthread_create xor_reg_reg lea_reg_mem xor_reg_reg lea_reg_mem call_pthread_create mov_reg_mem xor_reg_reg call_pthread_join mov_reg_mem xor_reg_reg call_pthread_join lea_reg_mem call_pthread_mutex_destroy xor_reg_reg add_reg_imm ret,0
race_safe_1_x86_O3,inc,push_reg mov_reg_imm nop_mem lea_reg_mem call_pthread_mutex_lock lea_reg_mem add_mem_imm call_pthread_mutex_unlock sub_reg_imm jne_imm xor_reg_reg pop_reg ret,0
race_safe_2_x86_O0,_start,xor_reg_reg mov_reg_reg pop_reg mov_reg_reg and_reg_imm push_reg push_reg xor_reg_reg xor_reg_reg mov_reg_imm call_indirect hlt,0
race_safe_2_x86_O0,main,push_reg mov_reg_reg sub_reg_imm lea_reg_mem mov_reg_imm mov_reg_reg call_pthread_mutex_init lea_reg_mem lea_reg_mem mov_reg_imm mov_reg_imm mov_reg_reg call_pthread_create lea_reg_mem lea_reg_mem mov_reg_imm mov_reg_imm mov_reg_reg call_pthread_create mov_reg_mem mov_reg_imm mov_reg_reg call_pthread_join mov_reg_mem mov_reg_imm mov_reg_reg call_pthread_join lea_reg_mem mov_reg_reg call_pthread_mutex_destroy mov_reg_imm leave ret,0
race_safe_2_x86_O0,inc,push_reg mov_reg_reg sub_reg_imm mov_mem_reg mov_mem_imm jmp_imm lea_reg_mem mov_reg_reg call_pthread_mutex_lock mov_reg_mem add_reg_imm mov_mem_reg lea_reg_mem mov_reg_reg call_pthread_mutex_unlock add_mem_imm cmp_mem_imm jle_imm mov_reg_imm leave ret,0
race_safe_2_x86_O1,_start,xor_reg_reg mov_reg_reg pop_reg mov_reg_reg and_reg_imm push_reg push_reg xor_reg_reg xor_reg_reg mov_reg_imm call_indirect hlt,0
race_safe_2_x86_O1,main,push_reg push_reg sub_reg_imm lea_reg_mem mov_reg_imm mov_reg_reg call_pthread_mutex_init lea_reg_mem lea_reg_mem mov_reg_imm mov_reg_reg mov_reg_imm call_pthread_create mov_reg_reg mov_reg_imm mov_reg_reg mov_reg_imm call_pthread_create mov_reg_imm mov_reg_mem call_pthread_join mov_reg_imm mov_reg_mem call_pthread_join mov_reg_reg call_pthread_mutex_destroy mov_reg_imm add_reg_imm pop_reg pop_reg ret,0
race_safe_2_x86_O1,inc,push_reg push_reg sub_reg_imm mov_reg_imm lea_reg_mem mov_reg_reg call_pthread_mutex_lock add_mem_imm mov_reg_reg call_pthread_mutex_unlock sub_reg_imm jne_imm mov_reg_imm add_reg_imm pop_reg pop_reg ret,0
race_safe_2_x86_O2,_start,xor_reg_reg mov_reg_reg pop_reg mov_reg_reg and_reg_imm push_reg push_reg xor_reg_reg xor_reg_reg mov_reg_imm call_indirect hlt,0
race_safe_2_x86_O2,main,sub_reg_imm xor_reg_reg lea_reg_mem call_pthread_mutex_init mov_reg_reg xor_reg_reg xor_reg_reg lea_reg_mem call_pthread_create xor_reg_reg lea_reg_mem xor_reg_reg lea_reg_mem call_pthread_create mov_reg_mem xor_reg_reg call_pthread_join mov_reg_mem xor_reg_reg call_pthread_join lea_reg_mem call_pthread_mutex_destroy xor_reg_reg add_reg_imm ret,0
race_safe_2_x86_O2,inc,push_reg mov_reg_imm nop_mem lea_reg_mem call_pthread_mutex_lock lea_reg_mem add_mem_imm call_pthread_mutex_unlock sub_reg_imm jne_imm xor_reg_reg pop_reg ret,0
race_safe_2_x86_O3,_start,xor_reg_reg mov_reg_reg pop_reg mov_reg_reg and_reg_imm push_reg push_reg xor_reg_reg xor_reg_reg mov_reg_imm call_indirect hlt,0
race_safe_2_x86_O3,main,sub_reg_imm xor_reg_reg lea_reg_mem call_pthread_mutex_init mov_reg_reg xor_reg_reg xor_reg_reg lea_reg_mem call_pthread_create xor_reg_reg lea_reg_mem xor_reg_reg lea_reg_mem call_pthread_create mov_reg_mem xor_reg_reg call_pthread_join mov_reg_mem xor_reg_reg call_pthread_join lea_reg_mem call_pthread_mutex_destroy xor_reg_reg add_reg_imm ret,0
race_safe_2_x86_O3,inc,push_reg mov_reg_imm nop_mem lea_reg_mem call_pthread_mutex_lock lea_reg_mem add_mem_imm call_pthread_mutex_unlock sub_reg_imm jne_imm xor_reg_reg pop_reg ret,0
race_safe_3_x86_O0,_start,xor_reg_reg mov_reg_reg pop_reg mov_reg_reg and_reg_imm push_reg push_reg xor_reg_reg xor_reg_reg mov_reg_imm call_indirect hlt,0
race_safe_3_x86_O0,main,push_reg mov_reg_reg sub_reg_imm lea_reg_mem mov_reg_imm mov_reg_reg call_pthread_mutex_init lea_reg_mem lea_reg_mem mov_reg_imm mov_reg_imm mov_reg_reg call_pthread_create lea_reg_mem lea_reg_mem mov_reg_imm mov_reg_imm mov_reg_reg call_pthread_create mov_reg_mem mov_reg_imm mov_reg_reg call_pthread_join mov_reg_mem mov_reg_imm mov_reg_reg call_pthread_join lea_reg_mem mov_reg_reg call_pthread_mutex_destroy mov_reg_imm leave ret,0
race_safe_3_x86_O0,inc,push_reg mov_reg_reg sub_reg_imm mov_mem_reg mov_mem_imm jmp_imm lea_reg_mem mov_reg_reg call_pthread_mutex_lock mov_reg_mem add_reg_imm mov_mem_reg lea_reg_mem mov_reg_reg call_pthread_mutex_unlock add_mem_imm cmp_mem_imm jle_imm mov_reg_imm leave ret,0
race_safe_3_x86_O1,_start,xor_reg_reg mov_reg_reg pop_reg mov_reg_reg and_reg_imm push_reg push_reg xor_reg_reg xor_reg_reg mov_reg_imm call_indirect hlt,0
race_safe_3_x86_O1,main,push_reg push_reg sub_reg_imm lea_reg_mem mov_reg_imm mov_reg_reg call_pthread_mutex_init lea_reg_mem lea_reg_mem mov_reg_imm mov_reg_reg mov_reg_imm call_pthread_create mov_reg_reg mov_reg_imm mov_reg_reg mov_reg_imm call_pthread_create mov_reg_imm mov_reg_mem call_pthread_join mov_reg_imm mov_reg_mem call_pthread_join mov_reg_reg call_pthread_mutex_destroy mov_reg_imm add_reg_imm pop_reg pop_reg ret,0
race_safe_3_x86_O1,inc,push_reg push_reg sub_reg_imm mov_reg_imm lea_reg_mem mov_reg_reg call_pthread_mutex_lock add_mem_imm mov_reg_reg call_pthread_mutex_unlock sub_reg_imm jne_imm mov_reg_imm add_reg_imm pop_reg pop_reg ret,0
race_safe_3_x86_O2,_start,xor_reg_reg mov_reg_reg pop_reg mov_reg_reg and_reg_imm push_reg push_reg xor_reg_reg xor_reg_reg mov_reg_imm call_indirect hlt,0
race_safe_3_x86_O2,main,sub_reg_imm xor_reg_reg lea_reg_mem call_pthread_mutex_init mov_reg_reg xor_reg_reg xor_reg_reg lea_reg_mem call_pthread_create xor_reg_reg lea_reg_mem xor_reg_reg lea_reg_mem call_pthread_create mov_reg_mem xor_reg_reg call_pthread_join mov_reg_mem xor_reg_reg call_pthread_join lea_reg_mem call_pthread_mutex_destroy xor_reg_reg add_reg_imm ret,0
race_safe_3_x86_O2,inc,push_reg mov_reg_imm nop_mem lea_reg_mem call_pthread_mutex_lock lea_reg_mem add_mem_imm call_pthread_mutex_unlock sub_reg_imm jne_imm xor_reg_reg pop_reg ret,0
race_safe_3_x86_O3,_start,xor_reg_reg mov_reg_reg pop_reg mov_reg_reg and_reg_imm push_reg push_reg xor_reg_reg xor_reg_reg mov_reg_imm call_indirect hlt,0
race_safe_3_x86_O3,main,sub_reg_imm xor_reg_reg lea_reg_mem call_pthread_mutex_init mov_reg_reg xor_reg_reg xor_reg_reg lea_reg_mem call_pthread_create xor_reg_reg lea_reg_mem xor_reg_reg lea_reg_mem call_pthread_create mov_reg_mem xor_reg_reg call_pthread_join mov_reg_mem xor_reg_reg call_pthread_join lea_reg_mem call_pthread_mutex_destroy xor_reg_reg add_reg_imm ret,0
race_safe_3_x86_O3,inc,push_reg mov_reg_imm nop_mem lea_reg_mem call_pthread_mutex_lock lea_reg_mem add_mem_imm call_pthread_mutex_unlock sub_reg_imm jne_imm xor_reg_reg pop_reg ret,0
race_safe_4_x86_O0,_start,xor_reg_reg mov_reg_reg pop_reg mov_reg_reg and_reg_imm push_reg push_reg xor_reg_reg xor_reg_reg mov_reg_imm call_indirect hlt,0
race_safe_4_x86_O0,main,push_reg mov_reg_reg sub_reg_imm lea_reg_mem mov_reg_imm mov_reg_reg call_pthread_mutex_init lea_reg_mem lea_reg_mem mov_reg_imm mov_reg_imm mov_reg_reg call_pthread_create lea_reg_mem lea_reg_mem mov_reg_imm mov_reg_imm mov_reg_reg call_pthread_create mov_reg_mem mov_reg_imm mov_reg_reg call_pthread_join mov_reg_mem mov_reg_imm mov_reg_reg call_pthread_join lea_reg_mem mov_reg_reg call_pthread_mutex_destroy mov_reg_imm leave ret,0
race_safe_4_x86_O0,inc,push_reg mov_reg_reg sub_reg_imm mov_mem_reg mov_mem_imm jmp_imm lea_reg_mem mov_reg_reg call_pthread_mutex_lock mov_reg_mem add_reg_imm mov_mem_reg lea_reg_mem mov_reg_reg call_pthread_mutex_unlock add_mem_imm cmp_mem_imm jle_imm mov_reg_imm leave ret,0
race_safe_4_x86_O1,_start,xor_reg_reg mov_reg_reg pop_reg mov_reg_reg and_reg_imm push_reg push_reg xor_reg_reg xor_reg_reg mov_reg_imm call_indirect hlt,0
race_safe_4_x86_O1,main,push_reg push_reg sub_reg_imm lea_reg_mem mov_reg_imm mov_reg_reg call_pthread_mutex_init lea_reg_mem lea_reg_mem mov_reg_imm mov_reg_reg mov_reg_imm call_pthread_create mov_reg_reg mov_reg_imm mov_reg_reg mov_reg_imm call_pthread_create mov_reg_imm mov_reg_mem call_pthread_join mov_reg_imm mov_reg_mem call_pthread_join mov_reg_reg call_pthread_mutex_destroy mov_reg_imm add_reg_imm pop_reg pop_reg ret,0
race_safe_4_x86_O1,inc,push_reg push_reg sub_reg_imm mov_reg_imm lea_reg_mem mov_reg_reg call_pthread_mutex_lock add_mem_imm mov_reg_reg call_pthread_mutex_unlock sub_reg_imm jne_imm mov_reg_imm add_reg_imm pop_reg pop_reg ret,0
race_safe_4_x86_O2,_start,xor_reg_reg mov_reg_reg pop_reg mov_reg_reg and_reg_imm push_reg push_reg xor_reg_reg xor_reg_reg mov_reg_imm call_indirect hlt,0
race_safe_4_x86_O2,main,sub_reg_imm xor_reg_reg lea_reg_mem call_pthread_mutex_init mov_reg_reg xor_reg_reg xor_reg_reg lea_reg_mem call_pthread_create xor_reg_reg lea_reg_mem xor_reg_reg lea_reg_mem call_pthread_create mov_reg_mem xor_reg_reg call_pthread_join mov_reg_mem xor_reg_reg call_pthread_join lea_reg_mem call_pthread_mutex_destroy xor_reg_reg add_reg_imm ret,0
race_safe_4_x86_O2,inc,push_reg mov_reg_imm nop_mem lea_reg_mem call_pthread_mutex_lock lea_reg_mem add_mem_imm call_pthread_mutex_unlock sub_reg_imm jne_imm xor_reg_reg pop_reg ret,0
race_safe_4_x86_O3,_start,xor_reg_reg mov_reg_reg pop_reg mov_reg_reg and_reg_imm push_reg push_reg xor_reg_reg xor_reg_reg mov_reg_imm call_indirect hlt,0
race_safe_4_x86_O3,main,sub_reg_imm xor_reg_reg lea_reg_mem call_pthread_mutex_init mov_reg_reg xor_reg_reg xor_reg_reg lea_reg_mem call_pthread_create xor_reg_reg lea_reg_mem xor_reg_reg lea_reg_mem call_pthread_create mov_reg_mem xor_reg_reg call_pthread_join mov_reg_mem xor_reg_reg call_pthread_join lea_reg_mem call_pthread_mutex_destroy xor_reg_reg add_reg_imm ret,0
race_safe_4_x86_O3,inc,push_reg mov_reg_imm nop_mem lea_reg_mem call_pthread_mutex_lock lea_reg_mem add_mem_imm call_pthread_mutex_unlock sub_reg_imm jne_imm xor_reg_reg pop_reg ret,0
race_safe_5_x86_O0,_start,xor_reg_reg mov_reg_reg pop_reg mov_reg_reg and_reg_imm push_reg push_reg xor_reg_reg xor_reg_reg mov_reg_imm call_indirect hlt,0
race_safe_5_x86_O0,main,push_reg mov_reg_reg sub_reg_imm lea_reg_mem mov_reg_imm mov_reg_reg call_pthread_mutex_init lea_reg_mem lea_reg_mem mov_reg_imm mov_reg_imm mov_reg_reg call_pthread_create lea_reg_mem lea_reg_mem mov_reg_imm mov_reg_imm mov_reg_reg call_pthread_create mov_reg_mem mov_reg_imm mov_reg_reg call_pthread_join mov_reg_mem mov_reg_imm mov_reg_reg call_pthread_join lea_reg_mem mov_reg_reg call_pthread_mutex_destroy mov_reg_imm leave ret,0
race_safe_5_x86_O0,inc,push_reg mov_reg_reg sub_reg_imm mov_mem_reg mov_mem_imm jmp_imm lea_reg_mem mov_reg_reg call_pthread_mutex_lock mov_reg_mem add_reg_imm mov_mem_reg lea_reg_mem mov_reg_reg call_pthread_mutex_unlock add_mem_imm cmp_mem_imm jle_imm mov_reg_imm leave ret,0
race_safe_5_x86_O1,_start,xor_reg_reg mov_reg_reg pop_reg mov_reg_reg and_reg_imm push_reg push_reg xor_reg_reg xor_reg_reg mov_reg_imm call_indirect hlt,0
race_safe_5_x86_O1,main,push_reg push_reg sub_reg_imm lea_reg_mem mov_reg_imm mov_reg_reg call_pthread_mutex_init lea_reg_mem lea_reg_mem mov_reg_imm mov_reg_reg mov_reg_imm call_pthread_create mov_reg_reg mov_reg_imm mov_reg_reg mov_reg_imm call_pthread_create mov_reg_imm mov_reg_mem call_pthread_join mov_reg_imm mov_reg_mem call_pthread_join mov_reg_reg call_pthread_mutex_destroy mov_reg_imm add_reg_imm pop_reg pop_reg ret,0
race_safe_5_x86_O1,inc,push_reg push_reg sub_reg_imm mov_reg_imm lea_reg_mem mov_reg_reg call_pthread_mutex_lock add_mem_imm mov_reg_reg call_pthread_mutex_unlock sub_reg_imm jne_imm mov_reg_imm add_reg_imm pop_reg pop_reg ret,0
race_safe_5_x86_O2,_start,xor_reg_reg mov_reg_reg pop_reg mov_reg_reg and_reg_imm push_reg push_reg xor_reg_reg xor_reg_reg mov_reg_imm call_indirect hlt,0
race_safe_5_x86_O2,main,sub_reg_imm xor_reg_reg lea_reg_mem call_pthread_mutex_init mov_reg_reg xor_reg_reg xor_reg_reg lea_reg_mem call_pthread_create xor_reg_reg lea_reg_mem xor_reg_reg lea_reg_mem call_pthread_create mov_reg_mem xor_reg_reg call_pthread_join mov_reg_mem xor_reg_reg call_pthread_join lea_reg_mem call_pthread_mutex_destroy xor_reg_reg add_reg_imm ret,0
race_safe_5_x86_O2,inc,push_reg mov_reg_imm nop_mem lea_reg_mem call_pthread_mutex_lock lea_reg_mem add_mem_imm call_pthread_mutex_unlock sub_reg_imm jne_imm xor_reg_reg pop_reg ret,0
race_safe_5_x86_O3,_start,xor_reg_reg mov_reg_reg pop_reg mov_reg_reg and_reg_imm push_reg push_reg xor_reg_reg xor_reg_reg mov_reg_imm call_indirect hlt,0
race_safe_5_x86_O3,main,sub_reg_imm xor_reg_reg lea_reg_mem call_pthread_mutex_init mov_reg_reg xor_reg_reg xor_reg_reg lea_reg_mem call_pthread_create xor_reg_reg lea_reg_mem xor_reg_reg lea_reg_mem call_pthread_create mov_reg_mem xor_reg_reg call_pthread_join mov_reg_mem xor_reg_reg call_pthread_join lea_reg_mem call_pthread_mutex_destroy xor_reg_reg add_reg_imm ret,0
race_safe_5_x86_O3,inc,push_reg mov_reg_imm nop_mem lea_reg_mem call_pthread_mutex_lock lea_reg_mem add_mem_imm call_pthread_mutex_unlock sub_reg_imm jne_imm xor_reg_reg pop_reg ret,0
race_safe_6_x86_O0,_start,xor_reg_reg mov_reg_reg pop_reg mov_reg_reg and_reg_imm push_reg push_reg xor_reg_reg xor_reg_reg mov_reg_imm call_indirect hlt,0
race_safe_6_x86_O0,main,push_reg mov_reg_reg sub_reg_imm lea_reg_mem mov_reg_imm mov_reg_reg call_pthread_mutex_init lea_reg_mem lea_reg_mem mov_reg_imm mov_reg_imm mov_reg_reg call_pthread_create lea_reg_mem lea_reg_mem mov_reg_imm mov_reg_imm mov_reg_reg call_pthread_create mov_reg_mem mov_reg_imm mov_reg_reg call_pthread_join mov_reg_mem mov_reg_imm mov_reg_reg call_pthread_join lea_reg_mem mov_reg_reg call_pthread_mutex_destroy mov_reg_imm leave ret,0
race_safe_6_x86_O0,inc,push_reg mov_reg_reg sub_reg_imm mov_mem_reg mov_mem_imm jmp_imm lea_reg_mem mov_reg_reg call_pthread_mutex_lock mov_reg_mem add_reg_imm mov_mem_reg lea_reg_mem mov_reg_reg call_pthread_mutex_unlock add_mem_imm cmp_mem_imm jle_imm mov_reg_imm leave ret,0
race_safe_6_x86_O1,_start,xor_reg_reg mov_reg_reg pop_reg mov_reg_reg and_reg_imm push_reg push_reg xor_reg_reg xor_reg_reg mov_reg_imm call_indirect hlt,0
race_safe_6_x86_O1,main,push_reg push_reg sub_reg_imm lea_reg_mem mov_reg_imm mov_reg_reg call_pthread_mutex_init lea_reg_mem lea_reg_mem mov_reg_imm mov_reg_reg mov_reg_imm call_pthread_create mov_reg_reg mov_reg_imm mov_reg_reg mov_reg_imm call_pthread_create mov_reg_imm mov_reg_mem call_pthread_join mov_reg_imm mov_reg_mem call_pthread_join mov_reg_reg call_pthread_mutex_destroy mov_reg_imm add_reg_imm pop_reg pop_reg ret,0
race_safe_6_x86_O1,inc,push_reg push_reg sub_reg_imm mov_reg_imm lea_reg_mem mov_reg_reg call_pthread_mutex_lock add_mem_imm mov_reg_reg call_pthread_mutex_unlock sub_reg_imm jne_imm mov_reg_imm add_reg_imm pop_reg pop_reg ret,0
race_safe_6_x86_O2,_start,xor_reg_reg mov_reg_reg pop_reg mov_reg_reg and_reg_imm push_reg push_reg xor_reg_reg xor_reg_reg mov_reg_imm call_indirect hlt,0
race_safe_6_x86_O2,main,sub_reg_imm xor_reg_reg lea_reg_mem call_pthread_mutex_init mov_reg_reg xor_reg_reg xor_reg_reg lea_reg_mem call_pthread_create xor_reg_reg lea_reg_mem xor_reg_reg lea_reg_mem call_pthread_create mov_reg_mem xor_reg_reg call_pthread_join mov_reg_mem xor_reg_reg call_pthread_join lea_reg_mem call_pthread_mutex_destroy xor_reg_reg add_reg_imm ret,0
race_safe_6_x86_O2,inc,push_reg mov_reg_imm nop_mem lea_reg_mem call_pthread_mutex_lock lea_reg_mem add_mem_imm call_pthread_mutex_unlock sub_reg_imm jne_imm xor_reg_reg pop_reg ret,0
race_safe_6_x86_O3,_start,xor_reg_reg mov_reg_reg pop_reg mov_reg_reg and_reg_imm push_reg push_reg xor_reg_reg xor_reg_reg mov_reg_imm call_indirect hlt,0
race_safe_6_x86_O3,main,sub_reg_imm xor_reg_reg lea_reg_mem call_pthread_mutex_init mov_reg_reg xor_reg_reg xor_reg_reg lea_reg_mem call_pthread_create xor_reg_reg lea_reg_mem xor_reg_reg lea_reg_mem call_pthread_create mov_reg_mem xor_reg_reg call_pthread_join mov_reg_mem xor_reg_reg call_pthread_join lea_reg_mem call_pthread_mutex_destroy xor_reg_reg add_reg_imm ret,0
race_safe_6_x86_O3,inc,push_reg mov_reg_imm nop_mem lea_reg_mem call_pthread_mutex_lock lea_reg_mem add_mem_imm call_pthread_mutex_unlock sub_reg_imm jne_imm xor_reg_reg pop_reg ret,0
race_safe_7_x86_O0,_start,xor_reg_reg mov_reg_reg pop_reg mov_reg_reg and_reg_imm push_reg push_reg xor_reg_reg xor_reg_reg mov_reg_imm call_indirect hlt,0
race_safe_7_x86_O0,main,push_reg mov_reg_reg sub_reg_imm lea_reg_mem mov_reg_imm mov_reg_reg call_pthread_mutex_init lea_reg_mem lea_reg_mem mov_reg_imm mov_reg_imm mov_reg_reg call_pthread_create lea_reg_mem lea_reg_mem mov_reg_imm mov_reg_imm mov_reg_reg call_pthread_create mov_reg_mem mov_reg_imm mov_reg_reg call_pthread_join mov_reg_mem mov_reg_imm mov_reg_reg call_pthread_join lea_reg_mem mov_reg_reg call_pthread_mutex_destroy mov_reg_imm leave ret,0
race_safe_7_x86_O0,inc,push_reg mov_reg_reg sub_reg_imm mov_mem_reg mov_mem_imm jmp_imm lea_reg_mem mov_reg_reg call_pthread_mutex_lock mov_reg_mem add_reg_imm mov_mem_reg lea_reg_mem mov_reg_reg call_pthread_mutex_unlock add_mem_imm cmp_mem_imm jle_imm mov_reg_imm leave ret,0
race_safe_7_x86_O1,_start,xor_reg_reg mov_reg_reg pop_reg mov_reg_reg and_reg_imm push_reg push_reg xor_reg_reg xor_reg_reg mov_reg_imm call_indirect hlt,0
race_safe_7_x86_O1,main,push_reg push_reg sub_reg_imm lea_reg_mem mov_reg_imm mov_reg_reg call_pthread_mutex_init lea_reg_mem lea_reg_mem mov_reg_imm mov_reg_reg mov_reg_imm call_pthread_create mov_reg_reg mov_reg_imm mov_reg_reg mov_reg_imm call_pthread_create mov_reg_imm mov_reg_mem call_pthread_join mov_reg_imm mov_reg_mem call_pthread_join mov_reg_reg call_pthread_mutex_destroy mov_reg_imm add_reg_imm pop_reg pop_reg ret,0
race_safe_7_x86_O1,inc,push_reg push_reg sub_reg_imm mov_reg_imm lea_reg_mem mov_reg_reg call_pthread_mutex_lock add_mem_imm mov_reg_reg call_pthread_mutex_unlock sub_reg_imm jne_imm mov_reg_imm add_reg_imm pop_reg pop_reg ret,0
race_safe_7_x86_O2,_start,xor_reg_reg mov_reg_reg pop_reg mov_reg_reg and_reg_imm push_reg push_reg xor_reg_reg xor_reg_reg mov_reg_imm call_indirect hlt,0
race_safe_7_x86_O2,main,sub_reg_imm xor_reg_reg lea_reg_mem call_pthread_mutex_init mov_reg_reg xor_reg_reg xor_reg_reg lea_reg_mem call_pthread_create xor_reg_reg lea_reg_mem xor_reg_reg lea_reg_mem call_pthread_create mov_reg_mem xor_reg_reg call_pthread_join mov_reg_mem xor_reg_reg call_pthread_join lea_reg_mem call_pthread_mutex_destroy xor_reg_reg add_reg_imm ret,0
race_safe_7_x86_O2,inc,push_reg mov_reg_imm nop_mem lea_reg_mem call_pthread_mutex_lock lea_reg_mem add_mem_imm call_pthread_mutex_unlock sub_reg_imm jne_imm xor_reg_reg pop_reg ret,0
race_safe_7_x86_O3,_start,xor_reg_reg mov_reg_reg pop_reg mov_reg_reg and_reg_imm push_reg push_reg xor_reg_reg xor_reg_reg mov_reg_imm call_indirect hlt,0
race_safe_7_x86_O3,main,sub_reg_imm xor_reg_reg lea_reg_mem call_pthread_mutex_init mov_reg_reg xor_reg_reg xor_reg_reg lea_reg_mem call_pthread_create xor_reg_reg lea_reg_mem xor_reg_reg lea_reg_mem call_pthread_create mov_reg_mem xor_reg_reg call_pthread_join mov_reg_mem xor_reg_reg call_pthread_join lea_reg_mem call_pthread_mutex_destroy xor_reg_reg add_reg_imm ret,0
race_safe_7_x86_O3,inc,push_reg mov_reg_imm nop_mem lea_reg_mem call_pthread_mutex_lock lea_reg_mem add_mem_imm call_pthread_mutex_unlock sub_reg_imm jne_imm xor_reg_reg pop_reg ret,0
race_safe_8_x86_O0,_start,xor_reg_reg mov_reg_reg pop_reg mov_reg_reg and_reg_imm push_reg push_reg xor_reg_reg xor_reg_reg mov_reg_imm call_indirect hlt,0
race_safe_8_x86_O0,main,push_reg mov_reg_reg sub_reg_imm lea_reg_mem mov_reg_imm mov_reg_reg call_pthread_mutex_init lea_reg_mem lea_reg_mem mov_reg_imm mov_reg_imm mov_reg_reg call_pthread_create lea_reg_mem lea_reg_mem mov_reg_imm mov_reg_imm mov_reg_reg call_pthread_create mov_reg_mem mov_reg_imm mov_reg_reg call_pthread_join mov_reg_mem mov_reg_imm mov_reg_reg call_pthread_join lea_reg_mem mov_reg_reg call_pthread_mutex_destroy mov_reg_imm leave ret,0
race_safe_8_x86_O0,inc,push_reg mov_reg_reg sub_reg_imm mov_mem_reg mov_mem_imm jmp_imm lea_reg_mem mov_reg_reg call_pthread_mutex_lock mov_reg_mem add_reg_imm mov_mem_reg lea_reg_mem mov_reg_reg call_pthread_mutex_unlock add_mem_imm cmp_mem_imm jle_imm mov_reg_imm leave ret,0
race_safe_8_x86_O1,_start,xor_reg_reg mov_reg_reg pop_reg mov_reg_reg and_reg_imm push_reg push_reg xor_reg_reg xor_reg_reg mov_reg_imm call_indirect hlt,0
race_safe_8_x86_O1,main,push_reg push_reg sub_reg_imm lea_reg_mem mov_reg_imm mov_reg_reg call_pthread_mutex_init lea_reg_mem lea_reg_mem mov_reg_imm mov_reg_reg mov_reg_imm call_pthread_create mov_reg_reg mov_reg_imm mov_reg_reg mov_reg_imm call_pthread_create mov_reg_imm mov_reg_mem call_pthread_join mov_reg_imm mov_reg_mem call_pthread_join mov_reg_reg call_pthread_mutex_destroy mov_reg_imm add_reg_imm pop_reg pop_reg ret,0
race_safe_8_x86_O1,inc,push_reg push_reg sub_reg_imm mov_reg_imm lea_reg_mem mov_reg_reg call_pthread_mutex_lock add_mem_imm mov_reg_reg call_pthread_mutex_unlock sub_reg_imm jne_imm mov_reg_imm add_reg_imm pop_reg pop_reg ret,0
race_safe_8_x86_O2,_start,xor_reg_reg mov_reg_reg pop_reg mov_reg_reg and_reg_imm push_reg push_reg xor_reg_reg xor_reg_reg mov_reg_imm call_indirect hlt,0
race_safe_8_x86_O2,main,sub_reg_imm xor_reg_reg lea_reg_mem call_pthread_mutex_init mov_reg_reg xor_reg_reg xor_reg_reg lea_reg_mem call_pthread_create xor_reg_reg lea_reg_mem xor_reg_reg lea_reg_mem call_pthread_create mov_reg_mem xor_reg_reg call_pthread_join mov_reg_mem xor_reg_reg call_pthread_join lea_reg_mem call_pthread_mutex_destroy xor_reg_reg add_reg_imm ret,0
race_safe_8_x86_O2,inc,push_reg mov_reg_imm nop_mem lea_reg_mem call_pthread_mutex_lock lea_reg_mem add_mem_imm call_pthread_mutex_unlock sub_reg_imm jne_imm xor_reg_reg pop_reg ret,0
race_safe_8_x86_O3,_start,xor_reg_reg mov_reg_reg pop_reg mov_reg_reg and_reg_imm push_reg push_reg xor_reg_reg xor_reg_reg mov_reg_imm call_indirect hlt,0
race_safe_8_x86_O3,main,sub_reg_imm xor_reg_reg lea_reg_mem call_pthread_mutex_init mov_reg_reg xor_reg_reg xor_reg_reg lea_reg_mem call_pthread_create xor_reg_reg lea_reg_mem xor_reg_reg lea_reg_mem call_pthread_create mov_reg_mem xor_reg_reg call_pthread_join mov_reg_mem xor_reg_reg call_pthread_join lea_reg_mem call_pthread_mutex_destroy xor_reg_reg add_reg_imm ret,0
race_safe_8_x86_O3,inc,push_reg mov_reg_imm nop_mem lea_reg_mem call_pthread_mutex_lock lea_reg_mem add_mem_imm call_pthread_mutex_unlock sub_reg_imm jne_imm xor_reg_reg pop_reg ret,0
race_safe_9_x86_O0,_start,xor_reg_reg mov_reg_reg pop_reg mov_reg_reg and_reg_imm push_reg push_reg xor_reg_reg xor_reg_reg mov_reg_imm call_indirect hlt,0
race_safe_9_x86_O0,main,push_reg mov_reg_reg sub_reg_imm lea_reg_mem mov_reg_imm mov_reg_reg call_pthread_mutex_init lea_reg_mem lea_reg_mem mov_reg_imm mov_reg_imm mov_reg_reg call_pthread_create lea_reg_mem lea_reg_mem mov_reg_imm mov_reg_imm mov_reg_reg call_pthread_create mov_reg_mem mov_reg_imm mov_reg_reg call_pthread_join mov_reg_mem mov_reg_imm mov_reg_reg call_pthread_join lea_reg_mem mov_reg_reg call_pthread_mutex_destroy mov_reg_imm leave ret,0
race_safe_9_x86_O0,inc,push_reg mov_reg_reg sub_reg_imm mov_mem_reg mov_mem_imm jmp_imm lea_reg_mem mov_reg_reg call_pthread_mutex_lock mov_reg_mem add_reg_imm mov_mem_reg lea_reg_mem mov_reg_reg call_pthread_mutex_unlock add_mem_imm cmp_mem_imm jle_imm mov_reg_imm leave ret,0
race_safe_9_x86_O1,_start,xor_reg_reg mov_reg_reg pop_reg mov_reg_reg and_reg_imm push_reg push_reg xor_reg_reg xor_reg_reg mov_reg_imm call_indirect hlt,0
race_safe_9_x86_O1,main,push_reg push_reg sub_reg_imm lea_reg_mem mov_reg_imm mov_reg_reg call_pthread_mutex_init lea_reg_mem lea_reg_mem mov_reg_imm mov_reg_reg mov_reg_imm call_pthread_create mov_reg_reg mov_reg_imm mov_reg_reg mov_reg_imm call_pthread_create mov_reg_imm mov_reg_mem call_pthread_join mov_reg_imm mov_reg_mem call_pthread_join mov_reg_reg call_pthread_mutex_destroy mov_reg_imm add_reg_imm pop_reg pop_reg ret,0
race_safe_9_x86_O1,inc,push_reg push_reg sub_reg_imm mov_reg_imm lea_reg_mem mov_reg_reg call_pthread_mutex_lock add_mem_imm mov_reg_reg call_pthread_mutex_unlock sub_reg_imm jne_imm mov_reg_imm add_reg_imm pop_reg pop_reg ret,0
race_safe_9_x86_O2,_start,xor_reg_reg mov_reg_reg pop_reg mov_reg_reg and_reg_imm push_reg push_reg xor_reg_reg xor_reg_reg mov_reg_imm call_indirect hlt,0
race_safe_9_x86_O2,main,sub_reg_imm xor_reg_reg lea_reg_mem call_pthread_mutex_init mov_reg_reg xor_reg_reg xor_reg_reg lea_reg_mem call_pthread_create xor_reg_reg lea_reg_mem xor_reg_reg lea_reg_mem call_pthread_create mov_reg_mem xor_reg_reg call_pthread_join mov_reg_mem xor_reg_reg call_pthread_join lea_reg_mem call_pthread_mutex_destroy xor_reg_reg add_reg_imm ret,0
race_safe_9_x86_O2,inc,push_reg mov_reg_imm nop_mem lea_reg_mem call_pthread_mutex_lock lea_reg_mem add_mem_imm call_pthread_mutex_unlock sub_reg_imm jne_imm xor_reg_reg pop_reg ret,0
race_safe_9_x86_O3,_start,xor_reg_reg mov_reg_reg pop_reg mov_reg_reg and_reg_imm push_reg push_reg xor_reg_reg xor_reg_reg mov_reg_imm call_indirect hlt,0
race_safe_9_x86_O3,main,sub_reg_imm xor_reg_reg lea_reg_mem call_pthread_mutex_init mov_reg_reg xor_reg_reg xor_reg_reg lea_reg_mem call_pthread_create xor_reg_reg lea_reg_mem xor_reg_reg lea_reg_mem call_pthread_create mov_reg_mem xor_reg_reg call_pthread_join mov_reg_mem xor_reg_reg call_pthread_join lea_reg_mem call_pthread_mutex_destroy xor_reg_reg add_reg_imm ret,0
race_safe_9_x86_O3,inc,push_reg mov_reg_imm nop_mem lea_reg_mem call_pthread_mutex_lock lea_reg_mem add_mem_imm call_pthread_mutex_unlock sub_reg_imm jne_imm xor_reg_reg pop_reg ret,0
race_vuln_0_x86_O0,_start,xor_reg_reg mov_reg_reg pop_reg mov_reg_reg and_reg_imm push_reg push_reg xor_reg_reg xor_reg_reg mov_reg_imm call_indirect hlt,0
race_vuln_0_x86_O0,main,push_reg mov_reg_reg sub_reg_imm lea_reg_mem lea_reg_mem mov_reg_imm mov_reg_imm mov_reg_reg call_pthread_create lea_reg_mem lea_reg_mem mov_reg_imm mov_reg_imm mov_reg_reg call_pthread_create mov_reg_mem mov_reg_imm mov_reg_reg call_pthread_join mov_reg_mem mov_reg_imm mov_reg_reg call_pthread_join mov_reg_imm leave ret,0
race_vuln_0_x86_O0,inc,push_reg mov_reg_reg mov_mem_reg mov_mem_imm jmp_imm mov_reg_mem add_reg_imm mov_mem_reg add_mem_imm cmp_mem_imm jle_imm mov_reg_imm pop_reg ret,0
race_vuln_0_x86_O1,_start,xor_reg_reg mov_reg_reg pop_reg mov_reg_reg and_reg_imm push_reg push_reg xor_reg_reg xor_reg_reg mov_reg_imm call_indirect hlt,0
race_vuln_0_x86_O1,main,push_reg sub_reg_imm lea_reg_mem lea_reg_mem mov_reg_imm mov_reg_reg mov_reg_imm call_pthread_create mov_reg_reg mov_reg_imm mov_reg_reg mov_reg_imm call_pthread_create mov_reg_imm mov_reg_mem call_pthread_join mov_reg_imm mov_reg_mem call_pthread_join mov_reg_imm add_reg_imm pop_reg ret,0
race_vuln_0_x86_O1,inc,mov_reg_mem lea_reg_mem add_reg_imm nop mov_reg_reg add_reg_imm cmp_reg_reg jne_imm mov_mem_reg mov_reg_imm ret,0
race_vuln_0_x86_O2,_start,xor_reg_reg mov_reg_reg pop_reg mov_reg_reg and_reg_imm push_reg push_reg xor_reg_reg xor_reg_reg mov_reg_imm call_indirect hlt,0
race_vuln_0_x86_O2,main,sub_reg_imm xor_reg_reg lea_reg_mem xor_reg_reg mov_reg_reg call_pthread_create lea_reg_mem xor_reg_reg xor_reg_reg lea_reg_mem call_pthread_create mov_reg_mem xor_reg_reg call_pthread_join mov_reg_mem xor_reg_reg call_pthread_join xor_reg_reg add_reg_imm ret,0
race_vuln_0_x86_O2,inc,add_mem_imm xor_reg_reg ret,0
race_vuln_0_x86_O3,_start,xor_reg_reg mov_reg_reg pop_reg mov_reg_reg and_reg_imm push_reg push_reg xor_reg_reg xor_reg_reg mov_reg_imm call_indirect hlt,0
race_vuln_0_x86_O3,main,sub_reg_imm xor_reg_reg lea_reg_mem xor_reg_reg mov_reg_reg call_pthread_create lea_reg_mem xor_reg_reg xor_reg_reg lea_reg_mem call_pthread_create mov_reg_mem xor_reg_reg call_pthread_join mov_reg_mem xor_reg_reg call_pthread_join xor_reg_reg add_reg_imm ret,0
race_vuln_0_x86_O3,inc,add_mem_imm xor_reg_reg ret,0
race_vuln_1_x86_O0,_start,xor_reg_reg mov_reg_reg pop_reg mov_reg_reg and_reg_imm push_reg push_reg xor_reg_reg xor_reg_reg mov_reg_imm call_indirect hlt,0
race_vuln_1_x86_O0,main,push_reg mov_reg_reg sub_reg_imm lea_reg_mem lea_reg_mem mov_reg_imm mov_reg_imm mov_reg_reg call_pthread_create lea_reg_mem lea_reg_mem mov_reg_imm mov_reg_imm mov_reg_reg call_pthread_create mov_reg_mem mov_reg_imm mov_reg_reg call_pthread_join mov_reg_mem mov_reg_imm mov_reg_reg call_pthread_join mov_reg_imm leave ret,0
race_vuln_1_x86_O0,inc,push_reg mov_reg_reg mov_mem_reg mov_mem_imm jmp_imm mov_reg_mem add_reg_imm mov_mem_reg add_mem_imm cmp_mem_imm jle_imm mov_reg_imm pop_reg ret,0
race_vuln_1_x86_O1,_start,xor_reg_reg mov_reg_reg pop_reg mov_reg_reg and_reg_imm push_reg push_reg xor_reg_reg xor_reg_reg mov_reg_imm call_indirect hlt,0
race_vuln_1_x86_O1,main,push_reg sub_reg_imm lea_reg_mem lea_reg_mem mov_reg_imm mov_reg_reg mov_reg_imm call_pthread_create mov_reg_reg mov_reg_imm mov_reg_reg mov_reg_imm call_pthread_create mov_reg_imm mov_reg_mem call_pthread_join mov_reg_imm mov_reg_mem call_pthread_join mov_reg_imm add_reg_imm pop_reg ret,0
race_vuln_1_x86_O1,inc,mov_reg_mem lea_reg_mem add_reg_imm nop mov_reg_reg add_reg_imm cmp_reg_reg jne_imm mov_mem_reg mov_reg_imm ret,0
race_vuln_1_x86_O2,_start,xor_reg_reg mov_reg_reg pop_reg mov_reg_reg and_reg_imm push_reg push_reg xor_reg_reg xor_reg_reg mov_reg_imm call_indirect hlt,0
race_vuln_1_x86_O2,main,sub_reg_imm xor_reg_reg lea_reg_mem xor_reg_reg mov_reg_reg call_pthread_create lea_reg_mem xor_reg_reg xor_reg_reg lea_reg_mem call_pthread_create mov_reg_mem xor_reg_reg call_pthread_join mov_reg_mem xor_reg_reg call_pthread_join xor_reg_reg add_reg_imm ret,0
race_vuln_1_x86_O2,inc,add_mem_imm xor_reg_reg ret,0
race_vuln_1_x86_O3,_start,xor_reg_reg mov_reg_reg pop_reg mov_reg_reg and_reg_imm push_reg push_reg xor_reg_reg xor_reg_reg mov_reg_imm call_indirect hlt,0
race_vuln_1_x86_O3,main,sub_reg_imm xor_reg_reg lea_reg_mem xor_reg_reg mov_reg_reg call_pthread_create lea_reg_mem xor_reg_reg xor_reg_reg lea_reg_mem call_pthread_create mov_reg_mem xor_reg_reg call_pthread_join mov_reg_mem xor_reg_reg call_pthread_join xor_reg_reg add_reg_imm ret,0
race_vuln_1_x86_O3,inc,add_mem_imm xor_reg_reg ret,0
race_vuln_2_x86_O0,_start,xor_reg_reg mov_reg_reg pop_reg mov_reg_reg and_reg_imm push_reg push_reg xor_reg_reg xor_reg_reg mov_reg_imm call_indirect hlt,0
race_vuln_2_x86_O0,main,push_reg mov_reg_reg sub_reg_imm lea_reg_mem lea_reg_mem mov_reg_imm mov_reg_imm mov_reg_reg call_pthread_create lea_reg_mem lea_reg_mem mov_reg_imm mov_reg_imm mov_reg_reg call_pthread_create mov_reg_mem mov_reg_imm mov_reg_reg call_pthread_join mov_reg_mem mov_reg_imm mov_reg_reg call_pthread_join mov_reg_imm leave ret,0
race_vuln_2_x86_O0,inc,push_reg mov_reg_reg mov_mem_reg mov_mem_imm jmp_imm mov_reg_mem add_reg_imm mov_mem_reg add_mem_imm cmp_mem_imm jle_imm mov_reg_imm pop_reg ret,0
race_vuln_2_x86_O1,_start,xor_reg_reg mov_reg_reg pop_reg mov_reg_reg and_reg_imm push_reg push_reg xor_reg_reg xor_reg_reg mov_reg_imm call_indirect hlt,0
race_vuln_2_x86_O1,main,push_reg sub_reg_imm lea_reg_mem lea_reg_mem mov_reg_imm mov_reg_reg mov_reg_imm call_pthread_create mov_reg_reg mov_reg_imm mov_reg_reg mov_reg_imm call_pthread_create mov_reg_imm mov_reg_mem call_pthread_join mov_reg_imm mov_reg_mem call_pthread_join mov_reg_imm add_reg_imm pop_reg ret,0
race_vuln_2_x86_O1,inc,mov_reg_mem lea_reg_mem add_reg_imm nop mov_reg_reg add_reg_imm cmp_reg_reg jne_imm mov_mem_reg mov_reg_imm ret,0
race_vuln_2_x86_O2,_start,xor_reg_reg mov_reg_reg pop_reg mov_reg_reg and_reg_imm push_reg push_reg xor_reg_reg xor_reg_reg mov_reg_imm call_indirect hlt,0
race_vuln_2_x86_O2,main,sub_reg_imm xor_reg_reg lea_reg_mem xor_reg_reg mov_reg_reg call_pthread_create lea_reg_mem xor_reg_reg xor_reg_reg lea_reg_mem call_pthread_create mov_reg_mem xor_reg_reg call_pthread_join mov_reg_mem xor_reg_reg call_pthread_join xor_reg_reg add_reg_imm ret,0
race_vuln_2_x86_O2,inc,add_mem_imm xor_reg_reg ret,0
race_vuln_2_x86_O3,_start,xor_reg_reg mov_reg_reg pop_reg mov_reg_reg and_reg_imm push_reg push_reg xor_reg_reg xor_reg_reg mov_reg_imm call_indirect hlt,0
race_vuln_2_x86_O3,main,sub_reg_imm xor_reg_reg lea_reg_mem xor_reg_reg mov_reg_reg call_pthread_create lea_reg_mem xor_reg_reg xor_reg_reg lea_reg_mem call_pthread_create mov_reg_mem xor_reg_reg call_pthread_join mov_reg_mem xor_reg_reg call_pthread_join xor_reg_reg add_reg_imm ret,0
race_vuln_2_x86_O3,inc,add_mem_imm xor_reg_reg ret,0
race_vuln_3_x86_O0,_start,xor_reg_reg mov_reg_reg pop_reg mov_reg_reg and_reg_imm push_reg push_reg xor_reg_reg xor_reg_reg mov_reg_imm call_indirect hlt,0
race_vuln_3_x86_O0,main,push_reg mov_reg_reg sub_reg_imm lea_reg_mem lea_reg_mem mov_reg_imm mov_reg_imm mov_reg_reg call_pthread_create lea_reg_mem lea_reg_mem mov_reg_imm mov_reg_imm mov_reg_reg call_pthread_create mov_reg_mem mov_reg_imm mov_reg_reg call_pthread_join mov_reg_mem mov_reg_imm mov_reg_reg call_pthread_join mov_reg_imm leave ret,0
race_vuln_3_x86_O0,inc,push_reg mov_reg_reg mov_mem_reg mov_mem_imm jmp_imm mov_reg_mem add_reg_imm mov_mem_reg add_mem_imm cmp_mem_imm jle_imm mov_reg_imm pop_reg ret,0
race_vuln_3_x86_O1,_start,xor_reg_reg mov_reg_reg pop_reg mov_reg_reg and_reg_imm push_reg push_reg xor_reg_reg xor_reg_reg mov_reg_imm call_indirect hlt,0
race_vuln_3_x86_O1,main,push_reg sub_reg_imm lea_reg_mem lea_reg_mem mov_reg_imm mov_reg_reg mov_reg_imm call_pthread_create mov_reg_reg mov_reg_imm mov_reg_reg mov_reg_imm call_pthread_create mov_reg_imm mov_reg_mem call_pthread_join mov_reg_imm mov_reg_mem call_pthread_join mov_reg_imm add_reg_imm pop_reg ret,0
race_vuln_3_x86_O1,inc,mov_reg_mem lea_reg_mem add_reg_imm nop mov_reg_reg add_reg_imm cmp_reg_reg jne_imm mov_mem_reg mov_reg_imm ret,0
race_vuln_3_x86_O2,_start,xor_reg_reg mov_reg_reg pop_reg mov_reg_reg and_reg_imm push_reg push_reg xor_reg_reg xor_reg_reg mov_reg_imm call_indirect hlt,0
race_vuln_3_x86_O2,main,sub_reg_imm xor_reg_reg lea_reg_mem xor_reg_reg mov_reg_reg call_pthread_create lea_reg_mem xor_reg_reg xor_reg_reg lea_reg_mem call_pthread_create mov_reg_mem xor_reg_reg call_pthread_join mov_reg_mem xor_reg_reg call_pthread_join xor_reg_reg add_reg_imm ret,0
race_vuln_3_x86_O2,inc,add_mem_imm xor_reg_reg ret,0
race_vuln_3_x86_O3,_start,xor_reg_reg mov_reg_reg pop_reg mov_reg_reg and_reg_imm push_reg push_reg xor_reg_reg xor_reg_reg mov_reg_imm call_indirect hlt,0
race_vuln_3_x86_O3,main,sub_reg_imm xor_reg_reg lea_reg_mem xor_reg_reg mov_reg_reg call_pthread_create lea_reg_mem xor_reg_reg xor_reg_reg lea_reg_mem call_pthread_create mov_reg_mem xor_reg_reg call_pthread_join mov_reg_mem xor_reg_reg call_pthread_join xor_reg_reg add_reg_imm ret,0
race_vuln_3_x86_O3,inc,add_mem_imm xor_reg_reg ret,0
race_vuln_4_x86_O0,_start,xor_reg_reg mov_reg_reg pop_reg mov_reg_reg and_reg_imm push_reg push_reg xor_reg_reg xor_reg_reg mov_reg_imm call_indirect hlt,0
race_vuln_4_x86_O0,main,push_reg mov_reg_reg sub_reg_imm lea_reg_mem lea_reg_mem mov_reg_imm mov_reg_imm mov_reg_reg call_pthread_create lea_reg_mem lea_reg_mem mov_reg_imm mov_reg_imm mov_reg_reg call_pthread_create mov_reg_mem mov_reg_imm mov_reg_reg call_pthread_join mov_reg_mem mov_reg_imm mov_reg_reg call_pthread_join mov_reg_imm leave ret,0
race_vuln_4_x86_O0,inc,push_reg mov_reg_reg mov_mem_reg mov_mem_imm jmp_imm mov_reg_mem add_reg_imm mov_mem_reg add_mem_imm cmp_mem_imm jle_imm mov_reg_imm pop_reg ret,0
race_vuln_4_x86_O1,_start,xor_reg_reg mov_reg_reg pop_reg mov_reg_reg and_reg_imm push_reg push_reg xor_reg_reg xor_reg_reg mov_reg_imm call_indirect hlt,0
race_vuln_4_x86_O1,main,push_reg sub_reg_imm lea_reg_mem lea_reg_mem mov_reg_imm mov_reg_reg mov_reg_imm call_pthread_create mov_reg_reg mov_reg_imm mov_reg_reg mov_reg_imm call_pthread_create mov_reg_imm mov_reg_mem call_pthread_join mov_reg_imm mov_reg_mem call_pthread_join mov_reg_imm add_reg_imm pop_reg ret,0
race_vuln_4_x86_O1,inc,mov_reg_mem lea_reg_mem add_reg_imm nop mov_reg_reg add_reg_imm cmp_reg_reg jne_imm mov_mem_reg mov_reg_imm ret,0
race_vuln_4_x86_O2,_start,xor_reg_reg mov_reg_reg pop_reg mov_reg_reg and_reg_imm push_reg push_reg xor_reg_reg xor_reg_reg mov_reg_imm call_indirect hlt,0
race_vuln_4_x86_O2,main,sub_reg_imm xor_reg_reg lea_reg_mem xor_reg_reg mov_reg_reg call_pthread_create lea_reg_mem xor_reg_reg xor_reg_reg lea_reg_mem call_pthread_create mov_reg_mem xor_reg_reg call_pthread_join mov_reg_mem xor_reg_reg call_pthread_join xor_reg_reg add_reg_imm ret,0
race_vuln_4_x86_O2,inc,add_mem_imm xor_reg_reg ret,0
race_vuln_4_x86_O3,_start,xor_reg_reg mov_reg_reg pop_reg mov_reg_reg and_reg_imm push_reg push_reg xor_reg_reg xor_reg_reg mov_reg_imm call_indirect hlt,0
race_vuln_4_x86_O3,main,sub_reg_imm xor_reg_reg lea_reg_mem xor_reg_reg mov_reg_reg call_pthread_create lea_reg_mem xor_reg_reg xor_reg_reg lea_reg_mem call_pthread_create mov_reg_mem xor_reg_reg call_pthread_join mov_reg_mem xor_reg_reg call_pthread_join xor_reg_reg add_reg_imm ret,0
race_vuln_4_x86_O3,inc,add_mem_imm xor_reg_reg ret,0
race_vuln_5_x86_O0,_start,xor_reg_reg mov_reg_reg pop_reg mov_reg_reg and_reg_imm push_reg push_reg xor_reg_reg xor_reg_reg mov_reg_imm call_indirect hlt,0
race_vuln_5_x86_O0,main,push_reg mov_reg_reg sub_reg_imm lea_reg_mem lea_reg_mem mov_reg_imm mov_reg_imm mov_reg_reg call_pthread_create lea_reg_mem lea_reg_mem mov_reg_imm mov_reg_imm mov_reg_reg call_pthread_create mov_reg_mem mov_reg_imm mov_reg_reg call_pthread_join mov_reg_mem mov_reg_imm mov_reg_reg call_pthread_join mov_reg_imm leave ret,0
race_vuln_5_x86_O0,inc,push_reg mov_reg_reg mov_mem_reg mov_mem_imm jmp_imm mov_reg_mem add_reg_imm mov_mem_reg add_mem_imm cmp_mem_imm jle_imm mov_reg_imm pop_reg ret,0
race_vuln_5_x86_O1,_start,xor_reg_reg mov_reg_reg pop_reg mov_reg_reg and_reg_imm push_reg push_reg xor_reg_reg xor_reg_reg mov_reg_imm call_indirect hlt,0
race_vuln_5_x86_O1,main,push_reg sub_reg_imm lea_reg_mem lea_reg_mem mov_reg_imm mov_reg_reg mov_reg_imm call_pthread_create mov_reg_reg mov_reg_imm mov_reg_reg mov_reg_imm call_pthread_create mov_reg_imm mov_reg_mem call_pthread_join mov_reg_imm mov_reg_mem call_pthread_join mov_reg_imm add_reg_imm pop_reg ret,0
race_vuln_5_x86_O1,inc,mov_reg_mem lea_reg_mem add_reg_imm nop mov_reg_reg add_reg_imm cmp_reg_reg jne_imm mov_mem_reg mov_reg_imm ret,0
race_vuln_5_x86_O2,_start,xor_reg_reg mov_reg_reg pop_reg mov_reg_reg and_reg_imm push_reg push_reg xor_reg_reg xor_reg_reg mov_reg_imm call_indirect hlt,0
race_vuln_5_x86_O2,main,sub_reg_imm xor_reg_reg lea_reg_mem xor_reg_reg mov_reg_reg call_pthread_create lea_reg_mem xor_reg_reg xor_reg_reg lea_reg_mem call_pthread_create mov_reg_mem xor_reg_reg call_pthread_join mov_reg_mem xor_reg_reg call_pthread_join xor_reg_reg add_reg_imm ret,0
race_vuln_5_x86_O2,inc,add_mem_imm xor_reg_reg ret,0
race_vuln_5_x86_O3,_start,xor_reg_reg mov_reg_reg pop_reg mov_reg_reg and_reg_imm push_reg push_reg xor_reg_reg xor_reg_reg mov_reg_imm call_indirect hlt,0
race_vuln_5_x86_O3,main,sub_reg_imm xor_reg_reg lea_reg_mem xor_reg_reg mov_reg_reg call_pthread_create lea_reg_mem xor_reg_reg xor_reg_reg lea_reg_mem call_pthread_create mov_reg_mem xor_reg_reg call_pthread_join mov_reg_mem xor_reg_reg call_pthread_join xor_reg_reg add_reg_imm ret,0
race_vuln_5_x86_O3,inc,add_mem_imm xor_reg_reg ret,0
race_vuln_6_x86_O0,_start,xor_reg_reg mov_reg_reg pop_reg mov_reg_reg and_reg_imm push_reg push_reg xor_reg_reg xor_reg_reg mov_reg_imm call_indirect hlt,0
race_vuln_6_x86_O0,main,push_reg mov_reg_reg sub_reg_imm lea_reg_mem lea_reg_mem mov_reg_imm mov_reg_imm mov_reg_reg call_pthread_create lea_reg_mem lea_reg_mem mov_reg_imm mov_reg_imm mov_reg_reg call_pthread_create mov_reg_mem mov_reg_imm mov_reg_reg call_pthread_join mov_reg_mem mov_reg_imm mov_reg_reg call_pthread_join mov_reg_imm leave ret,0
race_vuln_6_x86_O0,inc,push_reg mov_reg_reg mov_mem_reg mov_mem_imm jmp_imm mov_reg_mem add_reg_imm mov_mem_reg add_mem_imm cmp_mem_imm jle_imm mov_reg_imm pop_reg ret,0
race_vuln_6_x86_O1,_start,xor_reg_reg mov_reg_reg pop_reg mov_reg_reg and_reg_imm push_reg push_reg xor_reg_reg xor_reg_reg mov_reg_imm call_indirect hlt,0
race_vuln_6_x86_O1,main,push_reg sub_reg_imm lea_reg_mem lea_reg_mem mov_reg_imm mov_reg_reg mov_reg_imm call_pthread_create mov_reg_reg mov_reg_imm mov_reg_reg mov_reg_imm call_pthread_create mov_reg_imm mov_reg_mem call_pthread_join mov_reg_imm mov_reg_mem call_pthread_join mov_reg_imm add_reg_imm pop_reg ret,0
race_vuln_6_x86_O1,inc,mov_reg_mem lea_reg_mem add_reg_imm nop mov_reg_reg add_reg_imm cmp_reg_reg jne_imm mov_mem_reg mov_reg_imm ret,0
race_vuln_6_x86_O2,_start,xor_reg_reg mov_reg_reg pop_reg mov_reg_reg and_reg_imm push_reg push_reg xor_reg_reg xor_reg_reg mov_reg_imm call_indirect hlt,0
race_vuln_6_x86_O2,main,sub_reg_imm xor_reg_reg lea_reg_mem xor_reg_reg mov_reg_reg call_pthread_create lea_reg_mem xor_reg_reg xor_reg_reg lea_reg_mem call_pthread_create mov_reg_mem xor_reg_reg call_pthread_join mov_reg_mem xor_reg_reg call_pthread_join xor_reg_reg add_reg_imm ret,0
race_vuln_6_x86_O2,inc,add_mem_imm xor_reg_reg ret,0
race_vuln_6_x86_O3,_start,xor_reg_reg mov_reg_reg pop_reg mov_reg_reg and_reg_imm push_reg push_reg xor_reg_reg xor_reg_reg mov_reg_imm call_indirect hlt,0
race_vuln_6_x86_O3,main,sub_reg_imm xor_reg_reg lea_reg_mem xor_reg_reg mov_reg_reg call_pthread_create lea_reg_mem xor_reg_reg xor_reg_reg lea_reg_mem call_pthread_create mov_reg_mem xor_reg_reg call_pthread_join mov_reg_mem xor_reg_reg call_pthread_join xor_reg_reg add_reg_imm ret,0
race_vuln_6_x86_O3,inc,add_mem_imm xor_reg_reg ret,0
race_vuln_7_x86_O0,_start,xor_reg_reg mov_reg_reg pop_reg mov_reg_reg and_reg_imm push_reg push_reg xor_reg_reg xor_reg_reg mov_reg_imm call_indirect hlt,0
race_vuln_7_x86_O0,main,push_reg mov_reg_reg sub_reg_imm lea_reg_mem lea_reg_mem mov_reg_imm mov_reg_imm mov_reg_reg call_pthread_create lea_reg_mem lea_reg_mem mov_reg_imm mov_reg_imm mov_reg_reg call_pthread_create mov_reg_mem mov_reg_imm mov_reg_reg call_pthread_join mov_reg_mem mov_reg_imm mov_reg_reg call_pthread_join mov_reg_imm leave ret,0
race_vuln_7_x86_O0,inc,push_reg mov_reg_reg mov_mem_reg mov_mem_imm jmp_imm mov_reg_mem add_reg_imm mov_mem_reg add_mem_imm cmp_mem_imm jle_imm mov_reg_imm pop_reg ret,0
race_vuln_7_x86_O1,_start,xor_reg_reg mov_reg_reg pop_reg mov_reg_reg and_reg_imm push_reg push_reg xor_reg_reg xor_reg_reg mov_reg_imm call_indirect hlt,0
race_vuln_7_x86_O1,main,push_reg sub_reg_imm lea_reg_mem lea_reg_mem mov_reg_imm mov_reg_reg mov_reg_imm call_pthread_create mov_reg_reg mov_reg_imm mov_reg_reg mov_reg_imm call_pthread_create mov_reg_imm mov_reg_mem call_pthread_join mov_reg_imm mov_reg_mem call_pthread_join mov_reg_imm add_reg_imm pop_reg ret,0
race_vuln_7_x86_O1,inc,mov_reg_mem lea_reg_mem add_reg_imm nop mov_reg_reg add_reg_imm cmp_reg_reg jne_imm mov_mem_reg mov_reg_imm ret,0
race_vuln_7_x86_O2,_start,xor_reg_reg mov_reg_reg pop_reg mov_reg_reg and_reg_imm push_reg push_reg xor_reg_reg xor_reg_reg mov_reg_imm call_indirect hlt,0
race_vuln_7_x86_O2,main,sub_reg_imm xor_reg_reg lea_reg_mem xor_reg_reg mov_reg_reg call_pthread_create lea_reg_mem xor_reg_reg xor_reg_reg lea_reg_mem call_pthread_create mov_reg_mem xor_reg_reg call_pthread_join mov_reg_mem xor_reg_reg call_pthread_join xor_reg_reg add_reg_imm ret,0
race_vuln_7_x86_O2,inc,add_mem_imm xor_reg_reg ret,0
race_vuln_7_x86_O3,_start,xor_reg_reg mov_reg_reg pop_reg mov_reg_reg and_reg_imm push_reg push_reg xor_reg_reg xor_reg_reg mov_reg_imm call_indirect hlt,0
race_vuln_7_x86_O3,main,sub_reg_imm xor_reg_reg lea_reg_mem xor_reg_reg mov_reg_reg call_pthread_create lea_reg_mem xor_reg_reg xor_reg_reg lea_reg_mem call_pthread_create mov_reg_mem xor_reg_reg call_pthread_join mov_reg_mem xor_reg_reg call_pthread_join xor_reg_reg add_reg_imm ret,0
race_vuln_7_x86_O3,inc,add_mem_imm xor_reg_reg ret,0
race_vuln_8_x86_O0,_start,xor_reg_reg mov_reg_reg pop_reg mov_reg_reg and_reg_imm push_reg push_reg xor_reg_reg xor_reg_reg mov_reg_imm call_indirect hlt,0
race_vuln_8_x86_O0,main,push_reg mov_reg_reg sub_reg_imm lea_reg_mem lea_reg_mem mov_reg_imm mov_reg_imm mov_reg_reg call_pthread_create lea_reg_mem lea_reg_mem mov_reg_imm mov_reg_imm mov_reg_reg call_pthread_create mov_reg_mem mov_reg_imm mov_reg_reg call_pthread_join mov_reg_mem mov_reg_imm mov_reg_reg call_pthread_join mov_reg_imm leave ret,0
race_vuln_8_x86_O0,inc,push_reg mov_reg_reg mov_mem_reg mov_mem_imm jmp_imm mov_reg_mem add_reg_imm mov_mem_reg add_mem_imm cmp_mem_imm jle_imm mov_reg_imm pop_reg ret,0
race_vuln_8_x86_O1,_start,xor_reg_reg mov_reg_reg pop_reg mov_reg_reg and_reg_imm push_reg push_reg xor_reg_reg xor_reg_reg mov_reg_imm call_indirect hlt,0
race_vuln_8_x86_O1,main,push_reg sub_reg_imm lea_reg_mem lea_reg_mem mov_reg_imm mov_reg_reg mov_reg_imm call_pthread_create mov_reg_reg mov_reg_imm mov_reg_reg mov_reg_imm call_pthread_create mov_reg_imm mov_reg_mem call_pthread_join mov_reg_imm mov_reg_mem call_pthread_join mov_reg_imm add_reg_imm pop_reg ret,0
race_vuln_8_x86_O1,inc,mov_reg_mem lea_reg_mem add_reg_imm nop mov_reg_reg add_reg_imm cmp_reg_reg jne_imm mov_mem_reg mov_reg_imm ret,0
race_vuln_8_x86_O2,_start,xor_reg_reg mov_reg_reg pop_reg mov_reg_reg and_reg_imm push_reg push_reg xor_reg_reg xor_reg_reg mov_reg_imm call_indirect hlt,0
race_vuln_8_x86_O2,main,sub_reg_imm xor_reg_reg lea_reg_mem xor_reg_reg mov_reg_reg call_pthread_create lea_reg_mem xor_reg_reg xor_reg_reg lea_reg_mem call_pthread_create mov_reg_mem xor_reg_reg call_pthread_join mov_reg_mem xor_reg_reg call_pthread_join xor_reg_reg add_reg_imm ret,0
race_vuln_8_x86_O2,inc,add_mem_imm xor_reg_reg ret,0
race_vuln_8_x86_O3,_start,xor_reg_reg mov_reg_reg pop_reg mov_reg_reg and_reg_imm push_reg push_reg xor_reg_reg xor_reg_reg mov_reg_imm call_indirect hlt,0
race_vuln_8_x86_O3,main,sub_reg_imm xor_reg_reg lea_reg_mem xor_reg_reg mov_reg_reg call_pthread_create lea_reg_mem xor_reg_reg xor_reg_reg lea_reg_mem call_pthread_create mov_reg_mem xor_reg_reg call_pthread_join mov_reg_mem xor_reg_reg call_pthread_join xor_reg_reg add_reg_imm ret,0
race_vuln_8_x86_O3,inc,add_mem_imm xor_reg_reg ret,0
race_vuln_9_x86_O0,_start,xor_reg_reg mov_reg_reg pop_reg mov_reg_reg and_reg_imm push_reg push_reg xor_reg_reg xor_reg_reg mov_reg_imm call_indirect hlt,0
race_vuln_9_x86_O0,main,push_reg mov_reg_reg sub_reg_imm lea_reg_mem lea_reg_mem mov_reg_imm mov_reg_imm mov_reg_reg call_pthread_create lea_reg_mem lea_reg_mem mov_reg_imm mov_reg_imm mov_reg_reg call_pthread_create mov_reg_mem mov_reg_imm mov_reg_reg call_pthread_join mov_reg_mem mov_reg_imm mov_reg_reg call_pthread_join mov_reg_imm leave ret,0
race_vuln_9_x86_O0,inc,push_reg mov_reg_reg mov_mem_reg mov_mem_imm jmp_imm mov_reg_mem add_reg_imm mov_mem_reg add_mem_imm cmp_mem_imm jle_imm mov_reg_imm pop_reg ret,0
race_vuln_9_x86_O1,_start,xor_reg_reg mov_reg_reg pop_reg mov_reg_reg and_reg_imm push_reg push_reg xor_reg_reg xor_reg_reg mov_reg_imm call_indirect hlt,0
race_vuln_9_x86_O1,main,push_reg sub_reg_imm lea_reg_mem lea_reg_mem mov_reg_imm mov_reg_reg mov_reg_imm call_pthread_create mov_reg_reg mov_reg_imm mov_reg_reg mov_reg_imm call_pthread_create mov_reg_imm mov_reg_mem call_pthread_join mov_reg_imm mov_reg_mem call_pthread_join mov_reg_imm add_reg_imm pop_reg ret,0
race_vuln_9_x86_O1,inc,mov_reg_mem lea_reg_mem add_reg_imm nop mov_reg_reg add_reg_imm cmp_reg_reg jne_imm mov_mem_reg mov_reg_imm ret,0
race_vuln_9_x86_O2,_start,xor_reg_reg mov_reg_reg pop_reg mov_reg_reg and_reg_imm push_reg push_reg xor_reg_reg xor_reg_reg mov_reg_imm call_indirect hlt,0
race_vuln_9_x86_O2,main,sub_reg_imm xor_reg_reg lea_reg_mem xor_reg_reg mov_reg_reg call_pthread_create lea_reg_mem xor_reg_reg xor_reg_reg lea_reg_mem call_pthread_create mov_reg_mem xor_reg_reg call_pthread_join mov_reg_mem xor_reg_reg call_pthread_join xor_reg_reg add_reg_imm ret,0
race_vuln_9_x86_O2,inc,add_mem_imm xor_reg_reg ret,0
race_vuln_9_x86_O3,_start,xor_reg_reg mov_reg_reg pop_reg mov_reg_reg and_reg_imm push_reg push_reg xor_reg_reg xor_reg_reg mov_reg_imm call_indirect hlt,0
race_vuln_9_x86_O3,main,sub_reg_imm xor_reg_reg lea_reg_mem xor_reg_reg mov_reg_reg call_pthread_create lea_reg_mem xor_reg_reg xor_reg_reg lea_reg_mem call_pthread_create mov_reg_mem xor_reg_reg call_pthread_join mov_reg_mem xor_reg_reg call_pthread_join xor_reg_reg add_reg_imm ret,0
race_vuln_9_x86_O3,inc,add_mem_imm xor_reg_reg ret,0
stack_overflow_vuln_0_x86_O0,vuln,push_reg mov_reg_reg sub_reg_imm mov_mem_reg mov_reg_mem lea_reg_mem mov_reg_reg mov_reg_reg call_strcpy nop leave ret,1
stack_overflow_vuln_0_x86_O0,_start,xor_reg_reg mov_reg_reg pop_reg mov_reg_reg and_reg_imm push_reg push_reg xor_reg_reg xor_reg_reg mov_reg_imm call_indirect hlt,0
stack_overflow_vuln_0_x86_O0,main,push_reg mov_reg_reg sub_reg_imm mov_mem_reg mov_mem_reg cmp_mem_imm jle_imm mov_reg_mem add_reg_imm mov_reg_mem mov_reg_reg call_internal mov_reg_imm leave ret,0
stack_overflow_vuln_0_x86_O1,vuln,sub_reg_imm mov_reg_reg mov_reg_reg call_strcpy add_reg_imm ret,1
stack_overflow_vuln_0_x86_O1,_start,xor_reg_reg mov_reg_reg pop_reg mov_reg_reg and_reg_imm push_reg push_reg xor_reg_reg xor_reg_reg mov_reg_imm call_indirect hlt,0
stack_overflow_vuln_0_x86_O1,main,cmp_reg_imm jg_imm mov_reg_imm ret sub_reg_imm mov_reg_mem call_internal mov_reg_imm add_reg_imm ret,0
stack_overflow_vuln_0_x86_O2,vuln,sub_reg_imm mov_reg_reg mov_reg_reg call_strcpy add_reg_imm ret,1
stack_overflow_vuln_0_x86_O2,_start,xor_reg_reg mov_reg_reg pop_reg mov_reg_reg and_reg_imm push_reg push_reg xor_reg_reg xor_reg_reg mov_reg_imm call_indirect hlt,0
stack_overflow_vuln_0_x86_O2,main,cmp_reg_imm jg_imm xor_reg_reg ret sub_reg_imm mov_reg_mem mov_reg_reg call_strcpy xor_reg_reg add_reg_imm ret,0
stack_overflow_vuln_0_x86_O3,vuln,sub_reg_imm mov_reg_reg mov_reg_reg call_strcpy add_reg_imm ret,1
stack_overflow_vuln_0_x86_O3,_start,xor_reg_reg mov_reg_reg pop_reg mov_reg_reg and_reg_imm push_reg push_reg xor_reg_reg xor_reg_reg mov_reg_imm call_indirect hlt,0
stack_overflow_vuln_0_x86_O3,main,cmp_reg_imm jg_imm xor_reg_reg ret sub_reg_imm mov_reg_mem mov_reg_reg call_strcpy xor_reg_reg add_reg_imm ret,0
stack_overflow_vuln_1_x86_O0,vuln,push_reg mov_reg_reg sub_reg_imm mov_mem_reg mov_reg_mem lea_reg_mem mov_reg_reg mov_reg_reg call_strcpy nop leave ret,1
stack_overflow_vuln_1_x86_O0,_start,xor_reg_reg mov_reg_reg pop_reg mov_reg_reg and_reg_imm push_reg push_reg xor_reg_reg xor_reg_reg mov_reg_imm call_indirect hlt,0
stack_overflow_vuln_1_x86_O0,main,push_reg mov_reg_reg sub_reg_imm mov_mem_reg mov_mem_reg cmp_mem_imm jle_imm mov_reg_mem add_reg_imm mov_reg_mem mov_reg_reg call_internal mov_reg_imm leave ret,0
stack_overflow_vuln_1_x86_O1,vuln,sub_reg_imm mov_reg_reg mov_reg_reg call_strcpy add_reg_imm ret,1
stack_overflow_vuln_1_x86_O1,_start,xor_reg_reg mov_reg_reg pop_reg mov_reg_reg and_reg_imm push_reg push_reg xor_reg_reg xor_reg_reg mov_reg_imm call_indirect hlt,0
stack_overflow_vuln_1_x86_O1,main,cmp_reg_imm jg_imm mov_reg_imm ret sub_reg_imm mov_reg_mem call_internal mov_reg_imm add_reg_imm ret,0
stack_overflow_vuln_1_x86_O2,vuln,sub_reg_imm mov_reg_reg mov_reg_reg call_strcpy add_reg_imm ret,1
stack_overflow_vuln_1_x86_O2,_start,xor_reg_reg mov_reg_reg pop_reg mov_reg_reg and_reg_imm push_reg push_reg xor_reg_reg xor_reg_reg mov_reg_imm call_indirect hlt,0
stack_overflow_vuln_1_x86_O2,main,cmp_reg_imm jg_imm xor_reg_reg ret sub_reg_imm mov_reg_mem mov_reg_reg call_strcpy xor_reg_reg add_reg_imm ret,0
stack_overflow_vuln_1_x86_O3,vuln,sub_reg_imm mov_reg_reg mov_reg_reg call_strcpy add_reg_imm ret,1
stack_overflow_vuln_1_x86_O3,_start,xor_reg_reg mov_reg_reg pop_reg mov_reg_reg and_reg_imm push_reg push_reg xor_reg_reg xor_reg_reg mov_reg_imm call_indirect hlt,0
stack_overflow_vuln_1_x86_O3,main,cmp_reg_imm jg_imm xor_reg_reg ret sub_reg_imm mov_reg_mem mov_reg_reg call_strcpy xor_reg_reg add_reg_imm ret,0
stack_overflow_vuln_2_x86_O0,vuln,push_reg mov_reg_reg sub_reg_imm mov_mem_reg mov_reg_mem lea_reg_mem mov_reg_reg mov_reg_reg call_strcpy nop leave ret,1
stack_overflow_vuln_2_x86_O0,_start,xor_reg_reg mov_reg_reg pop_reg mov_reg_reg and_reg_imm push_reg push_reg xor_reg_reg xor_reg_reg mov_reg_imm call_indirect hlt,0
stack_overflow_vuln_2_x86_O0,main,push_reg mov_reg_reg sub_reg_imm mov_mem_reg mov_mem_reg cmp_mem_imm jle_imm mov_reg_mem add_reg_imm mov_reg_mem mov_reg_reg call_internal mov_reg_imm leave ret,0
stack_overflow_vuln_2_x86_O1,vuln,sub_reg_imm mov_reg_reg mov_reg_reg call_strcpy add_reg_imm ret,1
stack_overflow_vuln_2_x86_O1,_start,xor_reg_reg mov_reg_reg pop_reg mov_reg_reg and_reg_imm push_reg push_reg xor_reg_reg xor_reg_reg mov_reg_imm call_indirect hlt,0
stack_overflow_vuln_2_x86_O1,main,cmp_reg_imm jg_imm mov_reg_imm ret sub_reg_imm mov_reg_mem call_internal mov_reg_imm add_reg_imm ret,0
stack_overflow_vuln_2_x86_O2,vuln,sub_reg_imm mov_reg_reg mov_reg_reg call_strcpy add_reg_imm ret,1
stack_overflow_vuln_2_x86_O2,_start,xor_reg_reg mov_reg_reg pop_reg mov_reg_reg and_reg_imm push_reg push_reg xor_reg_reg xor_reg_reg mov_reg_imm call_indirect hlt,0
stack_overflow_vuln_2_x86_O2,main,cmp_reg_imm jg_imm xor_reg_reg ret sub_reg_imm mov_reg_mem mov_reg_reg call_strcpy xor_reg_reg add_reg_imm ret,0
stack_overflow_vuln_2_x86_O3,vuln,sub_reg_imm mov_reg_reg mov_reg_reg call_strcpy add_reg_imm ret,1
stack_overflow_vuln_2_x86_O3,_start,xor_reg_reg mov_reg_reg pop_reg mov_reg_reg and_reg_imm push_reg push_reg xor_reg_reg xor_reg_reg mov_reg_imm call_indirect hlt,0
stack_overflow_vuln_2_x86_O3,main,cmp_reg_imm jg_imm xor_reg_reg ret sub_reg_imm mov_reg_mem mov_reg_reg call_strcpy xor_reg_reg add_reg_imm ret,0
stack_overflow_vuln_3_x86_O0,vuln,push_reg mov_reg_reg sub_reg_imm mov_mem_reg mov_reg_mem lea_reg_mem mov_reg_reg mov_reg_reg call_strcpy nop leave ret,1
stack_overflow_vuln_3_x86_O0,_start,xor_reg_reg mov_reg_reg pop_reg mov_reg_reg and_reg_imm push_reg push_reg xor_reg_reg xor_reg_reg mov_reg_imm call_indirect hlt,0
stack_overflow_vuln_3_x86_O0,main,push_reg mov_reg_reg sub_reg_imm mov_mem_reg mov_mem_reg cmp_mem_imm jle_imm mov_reg_mem add_reg_imm mov_reg_mem mov_reg_reg call_internal mov_reg_imm leave ret,0
stack_overflow_vuln_3_x86_O1,vuln,sub_reg_imm mov_reg_reg mov_reg_reg call_strcpy add_reg_imm ret,1
stack_overflow_vuln_3_x86_O1,_start,xor_reg_reg mov_reg_reg pop_reg mov_reg_reg and_reg_imm push_reg push_reg xor_reg_reg xor_reg_reg mov_reg_imm call_indirect hlt,0
stack_overflow_vuln_3_x86_O1,main,cmp_reg_imm jg_imm mov_reg_imm ret sub_reg_imm mov_reg_mem call_internal mov_reg_imm add_reg_imm ret,0
stack_overflow_vuln_3_x86_O2,vuln,sub_reg_imm mov_reg_reg mov_reg_reg call_strcpy add_reg_imm ret,1
stack_overflow_vuln_3_x86_O2,_start,xor_reg_reg mov_reg_reg pop_reg mov_reg_reg and_reg_imm push_reg push_reg xor_reg_reg xor_reg_reg mov_reg_imm call_indirect hlt,0
stack_overflow_vuln_3_x86_O2,main,cmp_reg_imm jg_imm xor_reg_reg ret sub_reg_imm mov_reg_mem mov_reg_reg call_strcpy xor_reg_reg add_reg_imm ret,0
stack_overflow_vuln_3_x86_O3,vuln,sub_reg_imm mov_reg_reg mov_reg_reg call_strcpy add_reg_imm ret,1
stack_overflow_vuln_3_x86_O3,_start,xor_reg_reg mov_reg_reg pop_reg mov_reg_reg and_reg_imm push_reg push_reg xor_reg_reg xor_reg_reg mov_reg_imm call_indirect hlt,0
stack_overflow_vuln_3_x86_O3,main,cmp_reg_imm jg_imm xor_reg_reg ret sub_reg_imm mov_reg_mem mov_reg_reg call_strcpy xor_reg_reg add_reg_imm ret,0
stack_overflow_vuln_4_x86_O0,vuln,push_reg mov_reg_reg sub_reg_imm mov_mem_reg mov_reg_mem lea_reg_mem mov_reg_reg mov_reg_reg call_strcpy nop leave ret,1
stack_overflow_vuln_4_x86_O0,_start,xor_reg_reg mov_reg_reg pop_reg mov_reg_reg and_reg_imm push_reg push_reg xor_reg_reg xor_reg_reg mov_reg_imm call_indirect hlt,0
stack_overflow_vuln_4_x86_O0,main,push_reg mov_reg_reg sub_reg_imm mov_mem_reg mov_mem_reg cmp_mem_imm jle_imm mov_reg_mem add_reg_imm mov_reg_mem mov_reg_reg call_internal mov_reg_imm leave ret,0
stack_overflow_vuln_4_x86_O1,vuln,sub_reg_imm mov_reg_reg mov_reg_reg call_strcpy add_reg_imm ret,1
stack_overflow_vuln_4_x86_O1,_start,xor_reg_reg mov_reg_reg pop_reg mov_reg_reg and_reg_imm push_reg push_reg xor_reg_reg xor_reg_reg mov_reg_imm call_indirect hlt,0
stack_overflow_vuln_4_x86_O1,main,cmp_reg_imm jg_imm mov_reg_imm ret sub_reg_imm mov_reg_mem call_internal mov_reg_imm add_reg_imm ret,0
stack_overflow_vuln_4_x86_O2,vuln,sub_reg_imm mov_reg_reg mov_reg_reg call_strcpy add_reg_imm ret,1
stack_overflow_vuln_4_x86_O2,_start,xor_reg_reg mov_reg_reg pop_reg mov_reg_reg and_reg_imm push_reg push_reg xor_reg_reg xor_reg_reg mov_reg_imm call_indirect hlt,0
stack_overflow_vuln_4_x86_O2,main,cmp_reg_imm jg_imm xor_reg_reg ret sub_reg_imm mov_reg_mem mov_reg_reg call_strcpy xor_reg_reg add_reg_imm ret,0
stack_overflow_vuln_4_x86_O3,vuln,sub_reg_imm mov_reg_reg mov_reg_reg call_strcpy add_reg_imm ret,1
stack_overflow_vuln_4_x86_O3,_start,xor_reg_reg mov_reg_reg pop_reg mov_reg_reg and_reg_imm push_reg push_reg xor_reg_reg xor_reg_reg mov_reg_imm call_indirect hlt,0
stack_overflow_vuln_4_x86_O3,main,cmp_reg_imm jg_imm xor_reg_reg ret sub_reg_imm mov_reg_mem mov_reg_reg call_strcpy xor_reg_reg add_reg_imm ret,0
stack_overflow_vuln_5_x86_O0,vuln,push_reg mov_reg_reg sub_reg_imm mov_mem_reg mov_reg_mem lea_reg_mem mov_reg_reg mov_reg_reg call_strcpy nop leave ret,1
stack_overflow_vuln_5_x86_O0,_start,xor_reg_reg mov_reg_reg pop_reg mov_reg_reg and_reg_imm push_reg push_reg xor_reg_reg xor_reg_reg mov_reg_imm call_indirect hlt,0
stack_overflow_vuln_5_x86_O0,main,push_reg mov_reg_reg sub_reg_imm mov_mem_reg mov_mem_reg cmp_mem_imm jle_imm mov_reg_mem add_reg_imm mov_reg_mem mov_reg_reg call_internal mov_reg_imm leave ret,0
stack_overflow_vuln_5_x86_O1,vuln,sub_reg_imm mov_reg_reg mov_reg_reg call_strcpy add_reg_imm ret,1
stack_overflow_vuln_5_x86_O1,_start,xor_reg_reg mov_reg_reg pop_reg mov_reg_reg and_reg_imm push_reg push_reg xor_reg_reg xor_reg_reg mov_reg_imm call_indirect hlt,0
stack_overflow_vuln_5_x86_O1,main,cmp_reg_imm jg_imm mov_reg_imm ret sub_reg_imm mov_reg_mem call_internal mov_reg_imm add_reg_imm ret,0
stack_overflow_vuln_5_x86_O2,vuln,sub_reg_imm mov_reg_reg mov_reg_reg call_strcpy add_reg_imm ret,1
stack_overflow_vuln_5_x86_O2,_start,xor_reg_reg mov_reg_reg pop_reg mov_reg_reg and_reg_imm push_reg push_reg xor_reg_reg xor_reg_reg mov_reg_imm call_indirect hlt,0
stack_overflow_vuln_5_x86_O2,main,cmp_reg_imm jg_imm xor_reg_reg ret sub_reg_imm mov_reg_mem mov_reg_reg call_strcpy xor_reg_reg add_reg_imm ret,0
stack_overflow_vuln_5_x86_O3,vuln,sub_reg_imm mov_reg_reg mov_reg_reg call_strcpy add_reg_imm ret,1
stack_overflow_vuln_5_x86_O3,_start,xor_reg_reg mov_reg_reg pop_reg mov_reg_reg and_reg_imm push_reg push_reg xor_reg_reg xor_reg_reg mov_reg_imm call_indirect hlt,0
stack_overflow_vuln_5_x86_O3,main,cmp_reg_imm jg_imm xor_reg_reg ret sub_reg_imm mov_reg_mem mov_reg_reg call_strcpy xor_reg_reg add_reg_imm ret,0
stack_overflow_vuln_6_x86_O0,vuln,push_reg mov_reg_reg sub_reg_imm mov_mem_reg mov_reg_mem lea_reg_mem mov_reg_reg mov_reg_reg call_strcpy nop leave ret,1
stack_overflow_vuln_6_x86_O0,_start,xor_reg_reg mov_reg_reg pop_reg mov_reg_reg and_reg_imm push_reg push_reg xor_reg_reg xor_reg_reg mov_reg_imm call_indirect hlt,0
stack_overflow_vuln_6_x86_O0,main,push_reg mov_reg_reg sub_reg_imm mov_mem_reg mov_mem_reg cmp_mem_imm jle_imm mov_reg_mem add_reg_imm mov_reg_mem mov_reg_reg call_internal mov_reg_imm leave ret,0
stack_overflow_vuln_6_x86_O1,vuln,sub_reg_imm mov_reg_reg mov_reg_reg call_strcpy add_reg_imm ret,1
stack_overflow_vuln_6_x86_O1,_start,xor_reg_reg mov_reg_reg pop_reg mov_reg_reg and_reg_imm push_reg push_reg xor_reg_reg xor_reg_reg mov_reg_imm call_indirect hlt,0
stack_overflow_vuln_6_x86_O1,main,cmp_reg_imm jg_imm mov_reg_imm ret sub_reg_imm mov_reg_mem call_internal mov_reg_imm add_reg_imm ret,0
stack_overflow_vuln_6_x86_O2,vuln,sub_reg_imm mov_reg_reg mov_reg_reg call_strcpy add_reg_imm ret,1
stack_overflow_vuln_6_x86_O2,_start,xor_reg_reg mov_reg_reg pop_reg mov_reg_reg and_reg_imm push_reg push_reg xor_reg_reg xor_reg_reg mov_reg_imm call_indirect hlt,0
stack_overflow_vuln_6_x86_O2,main,cmp_reg_imm jg_imm xor_reg_reg ret sub_reg_imm mov_reg_mem mov_reg_reg call_strcpy xor_reg_reg add_reg_imm ret,0
stack_overflow_vuln_6_x86_O3,vuln,sub_reg_imm mov_reg_reg mov_reg_reg call_strcpy add_reg_imm ret,1
stack_overflow_vuln_6_x86_O3,_start,xor_reg_reg mov_reg_reg pop_reg mov_reg_reg and_reg_imm push_reg push_reg xor_reg_reg xor_reg_reg mov_reg_imm call_indirect hlt,0
stack_overflow_vuln_6_x86_O3,main,cmp_reg_imm jg_imm xor_reg_reg ret sub_reg_imm mov_reg_mem mov_reg_reg call_strcpy xor_reg_reg add_reg_imm ret,0
stack_overflow_vuln_7_x86_O0,vuln,push_reg mov_reg_reg sub_reg_imm mov_mem_reg mov_reg_mem lea_reg_mem mov_reg_reg mov_reg_reg call_strcpy nop leave ret,1
stack_overflow_vuln_7_x86_O0,_start,xor_reg_reg mov_reg_reg pop_reg mov_reg_reg and_reg_imm push_reg push_reg xor_reg_reg xor_reg_reg mov_reg_imm call_indirect hlt,0
stack_overflow_vuln_7_x86_O0,main,push_reg mov_reg_reg sub_reg_imm mov_mem_reg mov_mem_reg cmp_mem_imm jle_imm mov_reg_mem add_reg_imm mov_reg_mem mov_reg_reg call_internal mov_reg_imm leave ret,0
stack_overflow_vuln_7_x86_O1,vuln,sub_reg_imm mov_reg_reg mov_reg_reg call_strcpy add_reg_imm ret,1
stack_overflow_vuln_7_x86_O1,_start,xor_reg_reg mov_reg_reg pop_reg mov_reg_reg and_reg_imm push_reg push_reg xor_reg_reg xor_reg_reg mov_reg_imm call_indirect hlt,0
stack_overflow_vuln_7_x86_O1,main,cmp_reg_imm jg_imm mov_reg_imm ret sub_reg_imm mov_reg_mem call_internal mov_reg_imm add_reg_imm ret,0
stack_overflow_vuln_7_x86_O2,vuln,sub_reg_imm mov_reg_reg mov_reg_reg call_strcpy add_reg_imm ret,1
stack_overflow_vuln_7_x86_O2,_start,xor_reg_reg mov_reg_reg pop_reg mov_reg_reg and_reg_imm push_reg push_reg xor_reg_reg xor_reg_reg mov_reg_imm call_indirect hlt,0
stack_overflow_vuln_7_x86_O2,main,cmp_reg_imm jg_imm xor_reg_reg ret sub_reg_imm mov_reg_mem mov_reg_reg call_strcpy xor_reg_reg add_reg_imm ret,0
stack_overflow_vuln_7_x86_O3,vuln,sub_reg_imm mov_reg_reg mov_reg_reg call_strcpy add_reg_imm ret,1
stack_overflow_vuln_7_x86_O3,_start,xor_reg_reg mov_reg_reg pop_reg mov_reg_reg and_reg_imm push_reg push_reg xor_reg_reg xor_reg_reg mov_reg_imm call_indirect hlt,0
stack_overflow_vuln_7_x86_O3,main,cmp_reg_imm jg_imm xor_reg_reg ret sub_reg_imm mov_reg_mem mov_reg_reg call_strcpy xor_reg_reg add_reg_imm ret,0
stack_overflow_vuln_8_x86_O0,vuln,push_reg mov_reg_reg sub_reg_imm mov_mem_reg mov_reg_mem lea_reg_mem mov_reg_reg mov_reg_reg call_strcpy nop leave ret,1
stack_overflow_vuln_8_x86_O0,_start,xor_reg_reg mov_reg_reg pop_reg mov_reg_reg and_reg_imm push_reg push_reg xor_reg_reg xor_reg_reg mov_reg_imm call_indirect hlt,0
stack_overflow_vuln_8_x86_O0,main,push_reg mov_reg_reg sub_reg_imm mov_mem_reg mov_mem_reg cmp_mem_imm jle_imm mov_reg_mem add_reg_imm mov_reg_mem mov_reg_reg call_internal mov_reg_imm leave ret,0
stack_overflow_vuln_8_x86_O1,vuln,sub_reg_imm mov_reg_reg mov_reg_reg call_strcpy add_reg_imm ret,1
stack_overflow_vuln_8_x86_O1,_start,xor_reg_reg mov_reg_reg pop_reg mov_reg_reg and_reg_imm push_reg push_reg xor_reg_reg xor_reg_reg mov_reg_imm call_indirect hlt,0
stack_overflow_vuln_8_x86_O1,main,cmp_reg_imm jg_imm mov_reg_imm ret sub_reg_imm mov_reg_mem call_internal mov_reg_imm add_reg_imm ret,0
stack_overflow_vuln_8_x86_O2,vuln,sub_reg_imm mov_reg_reg mov_reg_reg call_strcpy add_reg_imm ret,1
stack_overflow_vuln_8_x86_O2,_start,xor_reg_reg mov_reg_reg pop_reg mov_reg_reg and_reg_imm push_reg push_reg xor_reg_reg xor_reg_reg mov_reg_imm call_indirect hlt,0
stack_overflow_vuln_8_x86_O2,main,cmp_reg_imm jg_imm xor_reg_reg ret sub_reg_imm mov_reg_mem mov_reg_reg call_strcpy xor_reg_reg add_reg_imm ret,0
stack_overflow_vuln_8_x86_O3,vuln,sub_reg_imm mov_reg_reg mov_reg_reg call_strcpy add_reg_imm ret,1
stack_overflow_vuln_8_x86_O3,_start,xor_reg_reg mov_reg_reg pop_reg mov_reg_reg and_reg_imm push_reg push_reg xor_reg_reg xor_reg_reg mov_reg_imm call_indirect hlt,0
stack_overflow_vuln_8_x86_O3,main,cmp_reg_imm jg_imm xor_reg_reg ret sub_reg_imm mov_reg_mem mov_reg_reg call_strcpy xor_reg_reg add_reg_imm ret,0
stack_overflow_vuln_9_x86_O0,vuln,push_reg mov_reg_reg sub_reg_imm mov_mem_reg mov_reg_mem lea_reg_mem mov_reg_reg mov_reg_reg call_strcpy nop leave ret,1
stack_overflow_vuln_9_x86_O0,_start,xor_reg_reg mov_reg_reg pop_reg mov_reg_reg and_reg_imm push_reg push_reg xor_reg_reg xor_reg_reg mov_reg_imm call_indirect hlt,0
stack_overflow_vuln_9_x86_O0,main,push_reg mov_reg_reg sub_reg_imm mov_mem_reg mov_mem_reg cmp_mem_imm jle_imm mov_reg_mem add_reg_imm mov_reg_mem mov_reg_reg call_internal mov_reg_imm leave ret,0
stack_overflow_vuln_9_x86_O1,vuln,sub_reg_imm mov_reg_reg mov_reg_reg call_strcpy add_reg_imm ret,1
stack_overflow_vuln_9_x86_O1,_start,xor_reg_reg mov_reg_reg pop_reg mov_reg_reg and_reg_imm push_reg push_reg xor_reg_reg xor_reg_reg mov_reg_imm call_indirect hlt,0
stack_overflow_vuln_9_x86_O1,main,cmp_reg_imm jg_imm mov_reg_imm ret sub_reg_imm mov_reg_mem call_internal mov_reg_imm add_reg_imm ret,0
stack_overflow_vuln_9_x86_O2,vuln,sub_reg_imm mov_reg_reg mov_reg_reg call_strcpy add_reg_imm ret,1
stack_overflow_vuln_9_x86_O2,_start,xor_reg_reg mov_reg_reg pop_reg mov_reg_reg and_reg_imm push_reg push_reg xor_reg_reg xor_reg_reg mov_reg_imm call_indirect hlt,0
stack_overflow_vuln_9_x86_O2,main,cmp_reg_imm jg_imm xor_reg_reg ret sub_reg_imm mov_reg_mem mov_reg_reg call_strcpy xor_reg_reg add_reg_imm ret,0
stack_overflow_vuln_9_x86_O3,vuln,sub_reg_imm mov_reg_reg mov_reg_reg call_strcpy add_reg_imm ret,1
stack_overflow_vuln_9_x86_O3,_start,xor_reg_reg mov_reg_reg pop_reg mov_reg_reg and_reg_imm push_reg push_reg xor_reg_reg xor_reg_reg mov_reg_imm call_indirect hlt,0
stack_overflow_vuln_9_x86_O3,main,cmp_reg_imm jg_imm xor_reg_reg ret sub_reg_imm mov_reg_mem mov_reg_reg call_strcpy xor_reg_reg add_reg_imm ret,0
stack_safe_0_x86_O0,safe,push_reg mov_reg_reg sub_reg_imm mov_mem_reg mov_reg_mem lea_reg_mem mov_reg_imm mov_reg_reg mov_reg_reg call_strncpy mov_mem_imm nop leave ret,0
stack_safe_0_x86_O0,_start,xor_reg_reg mov_reg_reg pop_reg mov_reg_reg and_reg_imm push_reg push_reg xor_reg_reg xor_reg_reg mov_reg_imm call_indirect hlt,0
stack_safe_0_x86_O0,main,push_reg mov_reg_reg sub_reg_imm mov_mem_reg mov_mem_reg cmp_mem_imm jle_imm mov_reg_mem add_reg_imm mov_reg_mem mov_reg_reg call_internal mov_reg_imm leave ret,0
stack_safe_0_x86_O1,_start,xor_reg_reg mov_reg_reg pop_reg mov_reg_reg and_reg_imm push_reg push_reg xor_reg_reg xor_reg_reg mov_reg_imm call_indirect hlt,0
stack_safe_0_x86_O1,main,mov_reg_imm ret,0
stack_safe_0_x86_O2,_start,xor_reg_reg mov_reg_reg pop_reg mov_reg_reg and_reg_imm push_reg push_reg xor_reg_reg xor_reg_reg mov_reg_imm call_indirect hlt,0
stack_safe_0_x86_O3,_start,xor_reg_reg mov_reg_reg pop_reg mov_reg_reg and_reg_imm push_reg push_reg xor_reg_reg xor_reg_reg mov_reg_imm call_indirect hlt,0
stack_safe_1_x86_O0,safe,push_reg mov_reg_reg sub_reg_imm mov_mem_reg mov_reg_mem lea_reg_mem mov_reg_imm mov_reg_reg mov_reg_reg call_strncpy mov_mem_imm nop leave ret,0
stack_safe_1_x86_O0,_start,xor_reg_reg mov_reg_reg pop_reg mov_reg_reg and_reg_imm push_reg push_reg xor_reg_reg xor_reg_reg mov_reg_imm call_indirect hlt,0
stack_safe_1_x86_O0,main,push_reg mov_reg_reg sub_reg_imm mov_mem_reg mov_mem_reg cmp_mem_imm jle_imm mov_reg_mem add_reg_imm mov_reg_mem mov_reg_reg call_internal mov_reg_imm leave ret,0
stack_safe_1_x86_O1,_start,xor_reg_reg mov_reg_reg pop_reg mov_reg_reg and_reg_imm push_reg push_reg xor_reg_reg xor_reg_reg mov_reg_imm call_indirect hlt,0
stack_safe_1_x86_O1,main,mov_reg_imm ret,0
stack_safe_1_x86_O2,_start,xor_reg_reg mov_reg_reg pop_reg mov_reg_reg and_reg_imm push_reg push_reg xor_reg_reg xor_reg_reg mov_reg_imm call_indirect hlt,0
stack_safe_1_x86_O3,_start,xor_reg_reg mov_reg_reg pop_reg mov_reg_reg and_reg_imm push_reg push_reg xor_reg_reg xor_reg_reg mov_reg_imm call_indirect hlt,0
stack_safe_2_x86_O0,safe,push_reg mov_reg_reg sub_reg_imm mov_mem_reg mov_reg_mem lea_reg_mem mov_reg_imm mov_reg_reg mov_reg_reg call_strncpy mov_mem_imm nop leave ret,0
stack_safe_2_x86_O0,_start,xor_reg_reg mov_reg_reg pop_reg mov_reg_reg and_reg_imm push_reg push_reg xor_reg_reg xor_reg_reg mov_reg_imm call_indirect hlt,0
stack_safe_2_x86_O0,main,push_reg mov_reg_reg sub_reg_imm mov_mem_reg mov_mem_reg cmp_mem_imm jle_imm mov_reg_mem add_reg_imm mov_reg_mem mov_reg_reg call_internal mov_reg_imm leave ret,0
stack_safe_2_x86_O1,_start,xor_reg_reg mov_reg_reg pop_reg mov_reg_reg and_reg_imm push_reg push_reg xor_reg_reg xor_reg_reg mov_reg_imm call_indirect hlt,0
stack_safe_2_x86_O1,main,mov_reg_imm ret,0
stack_safe_2_x86_O2,_start,xor_reg_reg mov_reg_reg pop_reg mov_reg_reg and_reg_imm push_reg push_reg xor_reg_reg xor_reg_reg mov_reg_imm call_indirect hlt,0
stack_safe_2_x86_O3,_start,xor_reg_reg mov_reg_reg pop_reg mov_reg_reg and_reg_imm push_reg push_reg xor_reg_reg xor_reg_reg mov_reg_imm call_indirect hlt,0
stack_safe_3_x86_O0,safe,push_reg mov_reg_reg sub_reg_imm mov_mem_reg mov_reg_mem lea_reg_mem mov_reg_imm mov_reg_reg mov_reg_reg call_strncpy mov_mem_imm nop leave ret,0
stack_safe_3_x86_O0,_start,xor_reg_reg mov_reg_reg pop_reg mov_reg_reg and_reg_imm push_reg push_reg xor_reg_reg xor_reg_reg mov_reg_imm call_indirect hlt,0
stack_safe_3_x86_O0,main,push_reg mov_reg_reg sub_reg_imm mov_mem_reg mov_mem_reg cmp_mem_imm jle_imm mov_reg_mem add_reg_imm mov_reg_mem mov_reg_reg call_internal mov_reg_imm leave ret,0
stack_safe_3_x86_O1,_start,xor_reg_reg mov_reg_reg pop_reg mov_reg_reg and_reg_imm push_reg push_reg xor_reg_reg xor_reg_reg mov_reg_imm call_indirect hlt,0
stack_safe_3_x86_O1,main,mov_reg_imm ret,0
stack_safe_3_x86_O2,_start,xor_reg_reg mov_reg_reg pop_reg mov_reg_reg and_reg_imm push_reg push_reg xor_reg_reg xor_reg_reg mov_reg_imm call_indirect hlt,0
stack_safe_3_x86_O3,_start,xor_reg_reg mov_reg_reg pop_reg mov_reg_reg and_reg_imm push_reg push_reg xor_reg_reg xor_reg_reg mov_reg_imm call_indirect hlt,0
stack_safe_4_x86_O0,safe,push_reg mov_reg_reg sub_reg_imm mov_mem_reg mov_reg_mem lea_reg_mem mov_reg_imm mov_reg_reg mov_reg_reg call_strncpy mov_mem_imm nop leave ret,0
stack_safe_4_x86_O0,_start,xor_reg_reg mov_reg_reg pop_reg mov_reg_reg and_reg_imm push_reg push_reg xor_reg_reg xor_reg_reg mov_reg_imm call_indirect hlt,0
stack_safe_4_x86_O0,main,push_reg mov_reg_reg sub_reg_imm mov_mem_reg mov_mem_reg cmp_mem_imm jle_imm mov_reg_mem add_reg_imm mov_reg_mem mov_reg_reg call_internal mov_reg_imm leave ret,0
stack_safe_4_x86_O1,_start,xor_reg_reg mov_reg_reg pop_reg mov_reg_reg and_reg_imm push_reg push_reg xor_reg_reg xor_reg_reg mov_reg_imm call_indirect hlt,0
stack_safe_4_x86_O1,main,mov_reg_imm ret,0
stack_safe_4_x86_O2,_start,xor_reg_reg mov_reg_reg pop_reg mov_reg_reg and_reg_imm push_reg push_reg xor_reg_reg xor_reg_reg mov_reg_imm call_indirect hlt,0
stack_safe_4_x86_O3,_start,xor_reg_reg mov_reg_reg pop_reg mov_reg_reg and_reg_imm push_reg push_reg xor_reg_reg xor_reg_reg mov_reg_imm call_indirect hlt,0
stack_safe_5_x86_O0,safe,push_reg mov_reg_reg sub_reg_imm mov_mem_reg mov_reg_mem lea_reg_mem mov_reg_imm mov_reg_reg mov_reg_reg call_strncpy mov_mem_imm nop leave ret,0
stack_safe_5_x86_O0,_start,xor_reg_reg mov_reg_reg pop_reg mov_reg_reg and_reg_imm push_reg push_reg xor_reg_reg xor_reg_reg mov_reg_imm call_indirect hlt,0
stack_safe_5_x86_O0,main,push_reg mov_reg_reg sub_reg_imm mov_mem_reg mov_mem_reg cmp_mem_imm jle_imm mov_reg_mem add_reg_imm mov_reg_mem mov_reg_reg call_internal mov_reg_imm leave ret,0
stack_safe_5_x86_O1,_start,xor_reg_reg mov_reg_reg pop_reg mov_reg_reg and_reg_imm push_reg push_reg xor_reg_reg xor_reg_reg mov_reg_imm call_indirect hlt,0
stack_safe_5_x86_O1,main,mov_reg_imm ret,0
stack_safe_5_x86_O2,_start,xor_reg_reg mov_reg_reg pop_reg mov_reg_reg and_reg_imm push_reg push_reg xor_reg_reg xor_reg_reg mov_reg_imm call_indirect hlt,0
stack_safe_5_x86_O3,_start,xor_reg_reg mov_reg_reg pop_reg mov_reg_reg and_reg_imm push_reg push_reg xor_reg_reg xor_reg_reg mov_reg_imm call_indirect hlt,0
stack_safe_6_x86_O0,safe,push_reg mov_reg_reg sub_reg_imm mov_mem_reg mov_reg_mem lea_reg_mem mov_reg_imm mov_reg_reg mov_reg_reg call_strncpy mov_mem_imm nop leave ret,0
stack_safe_6_x86_O0,_start,xor_reg_reg mov_reg_reg pop_reg mov_reg_reg and_reg_imm push_reg push_reg xor_reg_reg xor_reg_reg mov_reg_imm call_indirect hlt,0
stack_safe_6_x86_O0,main,push_reg mov_reg_reg sub_reg_imm mov_mem_reg mov_mem_reg cmp_mem_imm jle_imm mov_reg_mem add_reg_imm mov_reg_mem mov_reg_reg call_internal mov_reg_imm leave ret,0
stack_safe_6_x86_O1,_start,xor_reg_reg mov_reg_reg pop_reg mov_reg_reg and_reg_imm push_reg push_reg xor_reg_reg xor_reg_reg mov_reg_imm call_indirect hlt,0
stack_safe_6_x86_O1,main,mov_reg_imm ret,0
stack_safe_6_x86_O2,_start,xor_reg_reg mov_reg_reg pop_reg mov_reg_reg and_reg_imm push_reg push_reg xor_reg_reg xor_reg_reg mov_reg_imm call_indirect hlt,0
stack_safe_6_x86_O3,_start,xor_reg_reg mov_reg_reg pop_reg mov_reg_reg and_reg_imm push_reg push_reg xor_reg_reg xor_reg_reg mov_reg_imm call_indirect hlt,0
stack_safe_7_x86_O0,safe,push_reg mov_reg_reg sub_reg_imm mov_mem_reg mov_reg_mem lea_reg_mem mov_reg_imm mov_reg_reg mov_reg_reg call_strncpy mov_mem_imm nop leave ret,0
stack_safe_7_x86_O0,_start,xor_reg_reg mov_reg_reg pop_reg mov_reg_reg and_reg_imm push_reg push_reg xor_reg_reg xor_reg_reg mov_reg_imm call_indirect hlt,0
stack_safe_7_x86_O0,main,push_reg mov_reg_reg sub_reg_imm mov_mem_reg mov_mem_reg cmp_mem_imm jle_imm mov_reg_mem add_reg_imm mov_reg_mem mov_reg_reg call_internal mov_reg_imm leave ret,0
stack_safe_7_x86_O1,_start,xor_reg_reg mov_reg_reg pop_reg mov_reg_reg and_reg_imm push_reg push_reg xor_reg_reg xor_reg_reg mov_reg_imm call_indirect hlt,0
stack_safe_7_x86_O1,main,mov_reg_imm ret,0
stack_safe_7_x86_O2,_start,xor_reg_reg mov_reg_reg pop_reg mov_reg_reg and_reg_imm push_reg push_reg xor_reg_reg xor_reg_reg mov_reg_imm call_indirect hlt,0
stack_safe_7_x86_O3,_start,xor_reg_reg mov_reg_reg pop_reg mov_reg_reg and_reg_imm push_reg push_reg xor_reg_reg xor_reg_reg mov_reg_imm call_indirect hlt,0
stack_safe_8_x86_O0,safe,push_reg mov_reg_reg sub_reg_imm mov_mem_reg mov_reg_mem lea_reg_mem mov_reg_imm mov_reg_reg mov_reg_reg call_strncpy mov_mem_imm nop leave ret,0
stack_safe_8_x86_O0,_start,xor_reg_reg mov_reg_reg pop_reg mov_reg_reg and_reg_imm push_reg push_reg xor_reg_reg xor_reg_reg mov_reg_imm call_indirect hlt,0
stack_safe_8_x86_O0,main,push_reg mov_reg_reg sub_reg_imm mov_mem_reg mov_mem_reg cmp_mem_imm jle_imm mov_reg_mem add_reg_imm mov_reg_mem mov_reg_reg call_internal mov_reg_imm leave ret,0
stack_safe_8_x86_O1,_start,xor_reg_reg mov_reg_reg pop_reg mov_reg_reg and_reg_imm push_reg push_reg xor_reg_reg xor_reg_reg mov_reg_imm call_indirect hlt,0
stack_safe_8_x86_O1,main,mov_reg_imm ret,0
stack_safe_8_x86_O2,_start,xor_reg_reg mov_reg_reg pop_reg mov_reg_reg and_reg_imm push_reg push_reg xor_reg_reg xor_reg_reg mov_reg_imm call_indirect hlt,0
stack_safe_8_x86_O3,_start,xor_reg_reg mov_reg_reg pop_reg mov_reg_reg and_reg_imm push_reg push_reg xor_reg_reg xor_reg_reg mov_reg_imm call_indirect hlt,0
stack_safe_9_x86_O0,safe,push_reg mov_reg_reg sub_reg_imm mov_mem_reg mov_reg_mem lea_reg_mem mov_reg_imm mov_reg_reg mov_reg_reg call_strncpy mov_mem_imm nop leave ret,0
stack_safe_9_x86_O0,_start,xor_reg_reg mov_reg_reg pop_reg mov_reg_reg and_reg_imm push_reg push_reg xor_reg_reg xor_reg_reg mov_reg_imm call_indirect hlt,0
stack_safe_9_x86_O0,main,push_reg mov_reg_reg sub_reg_imm mov_mem_reg mov_mem_reg cmp_mem_imm jle_imm mov_reg_mem add_reg_imm mov_reg_mem mov_reg_reg call_internal mov_reg_imm leave ret,0
stack_safe_9_x86_O1,_start,xor_reg_reg mov_reg_reg pop_reg mov_reg_reg and_reg_imm push_reg push_reg xor_reg_reg xor_reg_reg mov_reg_imm call_indirect hlt,0
stack_safe_9_x86_O1,main,mov_reg_imm ret,0
stack_safe_9_x86_O2,_start,xor_reg_reg mov_reg_reg pop_reg mov_reg_reg and_reg_imm push_reg push_reg xor_reg_reg xor_reg_reg mov_reg_imm call_indirect hlt,0
stack_safe_9_x86_O3,_start,xor_reg_reg mov_reg_reg pop_reg mov_reg_reg and_reg_imm push_reg push_reg xor_reg_reg xor_reg_reg mov_reg_imm call_indirect hlt,0
use_after_free_safe_0_x86_O0,_start,xor_reg_reg mov_reg_reg pop_reg mov_reg_reg and_reg_imm push_reg push_reg xor_reg_reg xor_reg_reg mov_reg_imm call_indirect hlt,0
use_after_free_safe_0_x86_O0,main,push_reg mov_reg_reg sub_reg_imm mov_reg_imm call_malloc mov_mem_reg mov_reg_mem mov_reg_reg call_free mov_mem_imm mov_reg_imm leave ret,0
use_after_free_safe_0_x86_O1,_start,xor_reg_reg mov_reg_reg pop_reg mov_reg_reg and_reg_imm push_reg push_reg xor_reg_reg xor_reg_reg mov_reg_imm call_indirect hlt,0
use_after_free_safe_0_x86_O1,main,mov_reg_imm ret,0
use_after_free_safe_0_x86_O2,_start,xor_reg_reg mov_reg_reg pop_reg mov_reg_reg and_reg_imm push_reg push_reg xor_reg_reg xor_reg_reg mov_reg_imm call_indirect hlt,0
use_after_free_safe_0_x86_O3,_start,xor_reg_reg mov_reg_reg pop_reg mov_reg_reg and_reg_imm push_reg push_reg xor_reg_reg xor_reg_reg mov_reg_imm call_indirect hlt,0
use_after_free_safe_1_x86_O0,_start,xor_reg_reg mov_reg_reg pop_reg mov_reg_reg and_reg_imm push_reg push_reg xor_reg_reg xor_reg_reg mov_reg_imm call_indirect hlt,0
use_after_free_safe_1_x86_O0,main,push_reg mov_reg_reg sub_reg_imm mov_reg_imm call_malloc mov_mem_reg mov_reg_mem mov_reg_reg call_free mov_mem_imm mov_reg_imm leave ret,0
use_after_free_safe_1_x86_O1,_start,xor_reg_reg mov_reg_reg pop_reg mov_reg_reg and_reg_imm push_reg push_reg xor_reg_reg xor_reg_reg mov_reg_imm call_indirect hlt,0
use_after_free_safe_1_x86_O1,main,mov_reg_imm ret,0
use_after_free_safe_1_x86_O2,_start,xor_reg_reg mov_reg_reg pop_reg mov_reg_reg and_reg_imm push_reg push_reg xor_reg_reg xor_reg_reg mov_reg_imm call_indirect hlt,0
use_after_free_safe_1_x86_O3,_start,xor_reg_reg mov_reg_reg pop_reg mov_reg_reg and_reg_imm push_reg push_reg xor_reg_reg xor_reg_reg mov_reg_imm call_indirect hlt,0
use_after_free_safe_2_x86_O0,_start,xor_reg_reg mov_reg_reg pop_reg mov_reg_reg and_reg_imm push_reg push_reg xor_reg_reg xor_reg_reg mov_reg_imm call_indirect hlt,0
use_after_free_safe_2_x86_O0,main,push_reg mov_reg_reg sub_reg_imm mov_reg_imm call_malloc mov_mem_reg mov_reg_mem mov_reg_reg call_free mov_mem_imm mov_reg_imm leave ret,0
use_after_free_safe_2_x86_O1,_start,xor_reg_reg mov_reg_reg pop_reg mov_reg_reg and_reg_imm push_reg push_reg xor_reg_reg xor_reg_reg mov_reg_imm call_indirect hlt,0
use_after_free_safe_2_x86_O1,main,mov_reg_imm ret,0
use_after_free_safe_2_x86_O2,_start,xor_reg_reg mov_reg_reg pop_reg mov_reg_reg and_reg_imm push_reg push_reg xor_reg_reg xor_reg_reg mov_reg_imm call_indirect hlt,0
use_after_free_safe_2_x86_O3,_start,xor_reg_reg mov_reg_reg pop_reg mov_reg_reg and_reg_imm push_reg push_reg xor_reg_reg xor_reg_reg mov_reg_imm call_indirect hlt,0
use_after_free_safe_3_x86_O0,_start,xor_reg_reg mov_reg_reg pop_reg mov_reg_reg and_reg_imm push_reg push_reg xor_reg_reg xor_reg_reg mov_reg_imm call_indirect hlt,0
use_after_free_safe_3_x86_O0,main,push_reg mov_reg_reg sub_reg_imm mov_reg_imm call_malloc mov_mem_reg mov_reg_mem mov_reg_reg call_free mov_mem_imm mov_reg_imm leave ret,0
use_after_free_safe_3_x86_O1,_start,xor_reg_reg mov_reg_reg pop_reg mov_reg_reg and_reg_imm push_reg push_reg xor_reg_reg xor_reg_reg mov_reg_imm call_indirect hlt,0
use_after_free_safe_3_x86_O1,main,mov_reg_imm ret,0
use_after_free_safe_3_x86_O2,_start,xor_reg_reg mov_reg_reg pop_reg mov_reg_reg and_reg_imm push_reg push_reg xor_reg_reg xor_reg_reg mov_reg_imm call_indirect hlt,0
use_after_free_safe_3_x86_O3,_start,xor_reg_reg mov_reg_reg pop_reg mov_reg_reg and_reg_imm push_reg push_reg xor_reg_reg xor_reg_reg mov_reg_imm call_indirect hlt,0
use_after_free_safe_4_x86_O0,_start,xor_reg_reg mov_reg_reg pop_reg mov_reg_reg and_reg_imm push_reg push_reg xor_reg_reg xor_reg_reg mov_reg_imm call_indirect hlt,0
use_after_free_safe_4_x86_O0,main,push_reg mov_reg_reg sub_reg_imm mov_reg_imm call_malloc mov_mem_reg mov_reg_mem mov_reg_reg call_free mov_mem_imm mov_reg_imm leave ret,0
use_after_free_safe_4_x86_O1,_start,xor_reg_reg mov_reg_reg pop_reg mov_reg_reg and_reg_imm push_reg push_reg xor_reg_reg xor_reg_reg mov_reg_imm call_indirect hlt,0
use_after_free_safe_4_x86_O1,main,mov_reg_imm ret,0
use_after_free_safe_4_x86_O2,_start,xor_reg_reg mov_reg_reg pop_reg mov_reg_reg and_reg_imm push_reg push_reg xor_reg_reg xor_reg_reg mov_reg_imm call_indirect hlt,0
use_after_free_safe_4_x86_O3,_start,xor_reg_reg mov_reg_reg pop_reg mov_reg_reg and_reg_imm push_reg push_reg xor_reg_reg xor_reg_reg mov_reg_imm call_indirect hlt,0
use_after_free_safe_5_x86_O0,_start,xor_reg_reg mov_reg_reg pop_reg mov_reg_reg and_reg_imm push_reg push_reg xor_reg_reg xor_reg_reg mov_reg_imm call_indirect hlt,0
use_after_free_safe_5_x86_O0,main,push_reg mov_reg_reg sub_reg_imm mov_reg_imm call_malloc mov_mem_reg mov_reg_mem mov_reg_reg call_free mov_mem_imm mov_reg_imm leave ret,0
use_after_free_safe_5_x86_O1,_start,xor_reg_reg mov_reg_reg pop_reg mov_reg_reg and_reg_imm push_reg push_reg xor_reg_reg xor_reg_reg mov_reg_imm call_indirect hlt,0
use_after_free_safe_5_x86_O1,main,mov_reg_imm ret,0
use_after_free_safe_5_x86_O2,_start,xor_reg_reg mov_reg_reg pop_reg mov_reg_reg and_reg_imm push_reg push_reg xor_reg_reg xor_reg_reg mov_reg_imm call_indirect hlt,0
use_after_free_safe_5_x86_O3,_start,xor_reg_reg mov_reg_reg pop_reg mov_reg_reg and_reg_imm push_reg push_reg xor_reg_reg xor_reg_reg mov_reg_imm call_indirect hlt,0
use_after_free_safe_6_x86_O0,_start,xor_reg_reg mov_reg_reg pop_reg mov_reg_reg and_reg_imm push_reg push_reg xor_reg_reg xor_reg_reg mov_reg_imm call_indirect hlt,0
use_after_free_safe_6_x86_O0,main,push_reg mov_reg_reg sub_reg_imm mov_reg_imm call_malloc mov_mem_reg mov_reg_mem mov_reg_reg call_free mov_mem_imm mov_reg_imm leave ret,0
use_after_free_safe_6_x86_O1,_start,xor_reg_reg mov_reg_reg pop_reg mov_reg_reg and_reg_imm push_reg push_reg xor_reg_reg xor_reg_reg mov_reg_imm call_indirect hlt,0
use_after_free_safe_6_x86_O1,main,mov_reg_imm ret,0
use_after_free_safe_6_x86_O2,_start,xor_reg_reg mov_reg_reg pop_reg mov_reg_reg and_reg_imm push_reg push_reg xor_reg_reg xor_reg_reg mov_reg_imm call_indirect hlt,0
use_after_free_safe_6_x86_O3,_start,xor_reg_reg mov_reg_reg pop_reg mov_reg_reg and_reg_imm push_reg push_reg xor_reg_reg xor_reg_reg mov_reg_imm call_indirect hlt,0
use_after_free_safe_7_x86_O0,_start,xor_reg_reg mov_reg_reg pop_reg mov_reg_reg and_reg_imm push_reg push_reg xor_reg_reg xor_reg_reg mov_reg_imm call_indirect hlt,0
use_after_free_safe_7_x86_O0,main,push_reg mov_reg_reg sub_reg_imm mov_reg_imm call_malloc mov_mem_reg mov_reg_mem mov_reg_reg call_free mov_mem_imm mov_reg_imm leave ret,0
use_after_free_safe_7_x86_O1,_start,xor_reg_reg mov_reg_reg pop_reg mov_reg_reg and_reg_imm push_reg push_reg xor_reg_reg xor_reg_reg mov_reg_imm call_indirect hlt,0
use_after_free_safe_7_x86_O1,main,mov_reg_imm ret,0
use_after_free_safe_7_x86_O2,_start,xor_reg_reg mov_reg_reg pop_reg mov_reg_reg and_reg_imm push_reg push_reg xor_reg_reg xor_reg_reg mov_reg_imm call_indirect hlt,0
use_after_free_safe_7_x86_O3,_start,xor_reg_reg mov_reg_reg pop_reg mov_reg_reg and_reg_imm push_reg push_reg xor_reg_reg xor_reg_reg mov_reg_imm call_indirect hlt,0
use_after_free_safe_8_x86_O0,_start,xor_reg_reg mov_reg_reg pop_reg mov_reg_reg and_reg_imm push_reg push_reg xor_reg_reg xor_reg_reg mov_reg_imm call_indirect hlt,0
use_after_free_safe_8_x86_O0,main,push_reg mov_reg_reg sub_reg_imm mov_reg_imm call_malloc mov_mem_reg mov_reg_mem mov_reg_reg call_free mov_mem_imm mov_reg_imm leave ret,0
use_after_free_safe_8_x86_O1,_start,xor_reg_reg mov_reg_reg pop_reg mov_reg_reg and_reg_imm push_reg push_reg xor_reg_reg xor_reg_reg mov_reg_imm call_indirect hlt,0
use_after_free_safe_8_x86_O1,main,mov_reg_imm ret,0
use_after_free_safe_8_x86_O2,_start,xor_reg_reg mov_reg_reg pop_reg mov_reg_reg and_reg_imm push_reg push_reg xor_reg_reg xor_reg_reg mov_reg_imm call_indirect hlt,0
use_after_free_safe_8_x86_O3,_start,xor_reg_reg mov_reg_reg pop_reg mov_reg_reg and_reg_imm push_reg push_reg xor_reg_reg xor_reg_reg mov_reg_imm call_indirect hlt,0
use_after_free_safe_9_x86_O0,_start,xor_reg_reg mov_reg_reg pop_reg mov_reg_reg and_reg_imm push_reg push_reg xor_reg_reg xor_reg_reg mov_reg_imm call_indirect hlt,0
use_after_free_safe_9_x86_O0,main,push_reg mov_reg_reg sub_reg_imm mov_reg_imm call_malloc mov_mem_reg mov_reg_mem mov_reg_reg call_free mov_mem_imm mov_reg_imm leave ret,0
use_after_free_safe_9_x86_O1,_start,xor_reg_reg mov_reg_reg pop_reg mov_reg_reg and_reg_imm push_reg push_reg xor_reg_reg xor_reg_reg mov_reg_imm call_indirect hlt,0
use_after_free_safe_9_x86_O1,main,mov_reg_imm ret,0
use_after_free_safe_9_x86_O2,_start,xor_reg_reg mov_reg_reg pop_reg mov_reg_reg and_reg_imm push_reg push_reg xor_reg_reg xor_reg_reg mov_reg_imm call_indirect hlt,0
use_after_free_safe_9_x86_O3,_start,xor_reg_reg mov_reg_reg pop_reg mov_reg_reg and_reg_imm push_reg push_reg xor_reg_reg xor_reg_reg mov_reg_imm call_indirect hlt,0
use_after_free_vuln_0_x86_O0,_start,xor_reg_reg mov_reg_reg pop_reg mov_reg_reg and_reg_imm push_reg push_reg xor_reg_reg xor_reg_reg mov_reg_imm call_indirect hlt,0
use_after_free_vuln_0_x86_O0,main,push_reg mov_reg_reg sub_reg_imm mov_reg_imm call_malloc mov_mem_reg mov_reg_mem mov_mem_imm mov_reg_mem mov_reg_reg call_free mov_reg_mem mov_reg_mem lea_reg_mem mov_reg_reg mov_reg_reg mov_reg_imm call_printf mov_reg_imm leave ret,0
use_after_free_vuln_0_x86_O1,_start,xor_reg_reg mov_reg_reg pop_reg mov_reg_reg and_reg_imm push_reg push_reg xor_reg_reg xor_reg_reg mov_reg_imm call_indirect hlt,0
use_after_free_vuln_0_x86_O1,main,push_reg mov_reg_imm call_malloc mov_reg_reg mov_reg_reg call_free mov_reg_mem lea_reg_mem mov_reg_imm call_printf mov_reg_imm pop_reg ret,0
use_after_free_vuln_0_x86_O2,_start,xor_reg_reg mov_reg_reg pop_reg mov_reg_reg and_reg_imm push_reg push_reg xor_reg_reg xor_reg_reg mov_reg_imm call_indirect hlt,0
use_after_free_vuln_0_x86_O2,main,push_reg mov_reg_imm call_malloc mov_reg_reg mov_reg_reg call_free mov_reg_mem lea_reg_mem xor_reg_reg call_printf xor_reg_reg pop_reg ret,0
use_after_free_vuln_0_x86_O3,_start,xor_reg_reg mov_reg_reg pop_reg mov_reg_reg and_reg_imm push_reg push_reg xor_reg_reg xor_reg_reg mov_reg_imm call_indirect hlt,0
use_after_free_vuln_0_x86_O3,main,push_reg mov_reg_imm call_malloc mov_reg_reg mov_reg_reg call_free mov_reg_mem lea_reg_mem xor_reg_reg call_printf xor_reg_reg pop_reg ret,0
use_after_free_vuln_1_x86_O0,_start,xor_reg_reg mov_reg_reg pop_reg mov_reg_reg and_reg_imm push_reg push_reg xor_reg_reg xor_reg_reg mov_reg_imm call_indirect hlt,0
use_after_free_vuln_1_x86_O0,main,push_reg mov_reg_reg sub_reg_imm mov_reg_imm call_malloc mov_mem_reg mov_reg_mem mov_mem_imm mov_reg_mem mov_reg_reg call_free mov_reg_mem mov_reg_mem lea_reg_mem mov_reg_reg mov_reg_reg mov_reg_imm call_printf mov_reg_imm leave ret,0
use_after_free_vuln_1_x86_O1,_start,xor_reg_reg mov_reg_reg pop_reg mov_reg_reg and_reg_imm push_reg push_reg xor_reg_reg xor_reg_reg mov_reg_imm call_indirect hlt,0
use_after_free_vuln_1_x86_O1,main,push_reg mov_reg_imm call_malloc mov_reg_reg mov_reg_reg call_free mov_reg_mem lea_reg_mem mov_reg_imm call_printf mov_reg_imm pop_reg ret,0
use_after_free_vuln_1_x86_O2,_start,xor_reg_reg mov_reg_reg pop_reg mov_reg_reg and_reg_imm push_reg push_reg xor_reg_reg xor_reg_reg mov_reg_imm call_indirect hlt,0
use_after_free_vuln_1_x86_O2,main,push_reg mov_reg_imm call_malloc mov_reg_reg mov_reg_reg call_free mov_reg_mem lea_reg_mem xor_reg_reg call_printf xor_reg_reg pop_reg ret,0
use_after_free_vuln_1_x86_O3,_start,xor_reg_reg mov_reg_reg pop_reg mov_reg_reg and_reg_imm push_reg push_reg xor_reg_reg xor_reg_reg mov_reg_imm call_indirect hlt,0
use_after_free_vuln_1_x86_O3,main,push_reg mov_reg_imm call_malloc mov_reg_reg mov_reg_reg call_free mov_reg_mem lea_reg_mem xor_reg_reg call_printf xor_reg_reg pop_reg ret,0
use_after_free_vuln_2_x86_O0,_start,xor_reg_reg mov_reg_reg pop_reg mov_reg_reg and_reg_imm push_reg push_reg xor_reg_reg xor_reg_reg mov_reg_imm call_indirect hlt,0
use_after_free_vuln_2_x86_O0,main,push_reg mov_reg_reg sub_reg_imm mov_reg_imm call_malloc mov_mem_reg mov_reg_mem mov_mem_imm mov_reg_mem mov_reg_reg call_free mov_reg_mem mov_reg_mem lea_reg_mem mov_reg_reg mov_reg_reg mov_reg_imm call_printf mov_reg_imm leave ret,0
use_after_free_vuln_2_x86_O1,_start,xor_reg_reg mov_reg_reg pop_reg mov_reg_reg and_reg_imm push_reg push_reg xor_reg_reg xor_reg_reg mov_reg_imm call_indirect hlt,0
use_after_free_vuln_2_x86_O1,main,push_reg mov_reg_imm call_malloc mov_reg_reg mov_reg_reg call_free mov_reg_mem lea_reg_mem mov_reg_imm call_printf mov_reg_imm pop_reg ret,0
use_after_free_vuln_2_x86_O2,_start,xor_reg_reg mov_reg_reg pop_reg mov_reg_reg and_reg_imm push_reg push_reg xor_reg_reg xor_reg_reg mov_reg_imm call_indirect hlt,0
use_after_free_vuln_2_x86_O2,main,push_reg mov_reg_imm call_malloc mov_reg_reg mov_reg_reg call_free mov_reg_mem lea_reg_mem xor_reg_reg call_printf xor_reg_reg pop_reg ret,0
use_after_free_vuln_2_x86_O3,_start,xor_reg_reg mov_reg_reg pop_reg mov_reg_reg and_reg_imm push_reg push_reg xor_reg_reg xor_reg_reg mov_reg_imm call_indirect hlt,0
use_after_free_vuln_2_x86_O3,main,push_reg mov_reg_imm call_malloc mov_reg_reg mov_reg_reg call_free mov_reg_mem lea_reg_mem xor_reg_reg call_printf xor_reg_reg pop_reg ret,0
use_after_free_vuln_3_x86_O0,_start,xor_reg_reg mov_reg_reg pop_reg mov_reg_reg and_reg_imm push_reg push_reg xor_reg_reg xor_reg_reg mov_reg_imm call_indirect hlt,0
use_after_free_vuln_3_x86_O0,main,push_reg mov_reg_reg sub_reg_imm mov_reg_imm call_malloc mov_mem_reg mov_reg_mem mov_mem_imm mov_reg_mem mov_reg_reg call_free mov_reg_mem mov_reg_mem lea_reg_mem mov_reg_reg mov_reg_reg mov_reg_imm call_printf mov_reg_imm leave ret,0
use_after_free_vuln_3_x86_O1,_start,xor_reg_reg mov_reg_reg pop_reg mov_reg_reg and_reg_imm push_reg push_reg xor_reg_reg xor_reg_reg mov_reg_imm call_indirect hlt,0
use_after_free_vuln_3_x86_O1,main,push_reg mov_reg_imm call_malloc mov_reg_reg mov_reg_reg call_free mov_reg_mem lea_reg_mem mov_reg_imm call_printf mov_reg_imm pop_reg ret,0
use_after_free_vuln_3_x86_O2,_start,xor_reg_reg mov_reg_reg pop_reg mov_reg_reg and_reg_imm push_reg push_reg xor_reg_reg xor_reg_reg mov_reg_imm call_indirect hlt,0
use_after_free_vuln_3_x86_O2,main,push_reg mov_reg_imm call_malloc mov_reg_reg mov_reg_reg call_free mov_reg_mem lea_reg_mem xor_reg_reg call_printf xor_reg_reg pop_reg ret,0
use_after_free_vuln_3_x86_O3,_start,xor_reg_reg mov_reg_reg pop_reg mov_reg_reg and_reg_imm push_reg push_reg xor_reg_reg xor_reg_reg mov_reg_imm call_indirect hlt,0
use_after_free_vuln_3_x86_O3,main,push_reg mov_reg_imm call_malloc mov_reg_reg mov_reg_reg call_free mov_reg_mem lea_reg_mem xor_reg_reg call_printf xor_reg_reg pop_reg ret,0
use_after_free_vuln_4_x86_O0,_start,xor_reg_reg mov_reg_reg pop_reg mov_reg_reg and_reg_imm push_reg push_reg xor_reg_reg xor_reg_reg mov_reg_imm call_indirect hlt,0
use_after_free_vuln_4_x86_O0,main,push_reg mov_reg_reg sub_reg_imm mov_reg_imm call_malloc mov_mem_reg mov_reg_mem mov_mem_imm mov_reg_mem mov_reg_reg call_free mov_reg_mem mov_reg_mem lea_reg_mem mov_reg_reg mov_reg_reg mov_reg_imm call_printf mov_reg_imm leave ret,0
use_after_free_vuln_4_x86_O1,_start,xor_reg_reg mov_reg_reg pop_reg mov_reg_reg and_reg_imm push_reg push_reg xor_reg_reg xor_reg_reg mov_reg_imm call_indirect hlt,0
use_after_free_vuln_4_x86_O1,main,push_reg mov_reg_imm call_malloc mov_reg_reg mov_reg_reg call_free mov_reg_mem lea_reg_mem mov_reg_imm call_printf mov_reg_imm pop_reg ret,0
use_after_free_vuln_4_x86_O2,_start,xor_reg_reg mov_reg_reg pop_reg mov_reg_reg and_reg_imm push_reg push_reg xor_reg_reg xor_reg_reg mov_reg_imm call_indirect hlt,0
use_after_free_vuln_4_x86_O2,main,push_reg mov_reg_imm call_malloc mov_reg_reg mov_reg_reg call_free mov_reg_mem lea_reg_mem xor_reg_reg call_printf xor_reg_reg pop_reg ret,0
use_after_free_vuln_4_x86_O3,_start,xor_reg_reg mov_reg_reg pop_reg mov_reg_reg and_reg_imm push_reg push_reg xor_reg_reg xor_reg_reg mov_reg_imm call_indirect hlt,0
use_after_free_vuln_4_x86_O3,main,push_reg mov_reg_imm call_malloc mov_reg_reg mov_reg_reg call_free mov_reg_mem lea_reg_mem xor_reg_reg call_printf xor_reg_reg pop_reg ret,0
use_after_free_vuln_5_x86_O0,_start,xor_reg_reg mov_reg_reg pop_reg mov_reg_reg and_reg_imm push_reg push_reg xor_reg_reg xor_reg_reg mov_reg_imm call_indirect hlt,0
use_after_free_vuln_5_x86_O0,main,push_reg mov_reg_reg sub_reg_imm mov_reg_imm call_malloc mov_mem_reg mov_reg_mem mov_mem_imm mov_reg_mem mov_reg_reg call_free mov_reg_mem mov_reg_mem lea_reg_mem mov_reg_reg mov_reg_reg mov_reg_imm call_printf mov_reg_imm leave ret,0
use_after_free_vuln_5_x86_O1,_start,xor_reg_reg mov_reg_reg pop_reg mov_reg_reg and_reg_imm push_reg push_reg xor_reg_reg xor_reg_reg mov_reg_imm call_indirect hlt,0
use_after_free_vuln_5_x86_O1,main,push_reg mov_reg_imm call_malloc mov_reg_reg mov_reg_reg call_free mov_reg_mem lea_reg_mem mov_reg_imm call_printf mov_reg_imm pop_reg ret,0
use_after_free_vuln_5_x86_O2,_start,xor_reg_reg mov_reg_reg pop_reg mov_reg_reg and_reg_imm push_reg push_reg xor_reg_reg xor_reg_reg mov_reg_imm call_indirect hlt,0
use_after_free_vuln_5_x86_O2,main,push_reg mov_reg_imm call_malloc mov_reg_reg mov_reg_reg call_free mov_reg_mem lea_reg_mem xor_reg_reg call_printf xor_reg_reg pop_reg ret,0
use_after_free_vuln_5_x86_O3,_start,xor_reg_reg mov_reg_reg pop_reg mov_reg_reg and_reg_imm push_reg push_reg xor_reg_reg xor_reg_reg mov_reg_imm call_indirect hlt,0
use_after_free_vuln_5_x86_O3,main,push_reg mov_reg_imm call_malloc mov_reg_reg mov_reg_reg call_free mov_reg_mem lea_reg_mem xor_reg_reg call_printf xor_reg_reg pop_reg ret,0
use_after_free_vuln_6_x86_O0,_start,xor_reg_reg mov_reg_reg pop_reg mov_reg_reg and_reg_imm push_reg push_reg xor_reg_reg xor_reg_reg mov_reg_imm call_indirect hlt,0
use_after_free_vuln_6_x86_O0,main,push_reg mov_reg_reg sub_reg_imm mov_reg_imm call_malloc mov_mem_reg mov_reg_mem mov_mem_imm mov_reg_mem mov_reg_reg call_free mov_reg_mem mov_reg_mem lea_reg_mem mov_reg_reg mov_reg_reg mov_reg_imm call_printf mov_reg_imm leave ret,0
use_after_free_vuln_6_x86_O1,_start,xor_reg_reg mov_reg_reg pop_reg mov_reg_reg and_reg_imm push_reg push_reg xor_reg_reg xor_reg_reg mov_reg_imm call_indirect hlt,0
use_after_free_vuln_6_x86_O1,main,push_reg mov_reg_imm call_malloc mov_reg_reg mov_reg_reg call_free mov_reg_mem lea_reg_mem mov_reg_imm call_printf mov_reg_imm pop_reg ret,0
use_after_free_vuln_6_x86_O2,_start,xor_reg_reg mov_reg_reg pop_reg mov_reg_reg and_reg_imm push_reg push_reg xor_reg_reg xor_reg_reg mov_reg_imm call_indirect hlt,0
use_after_free_vuln_6_x86_O2,main,push_reg mov_reg_imm call_malloc mov_reg_reg mov_reg_reg call_free mov_reg_mem lea_reg_mem xor_reg_reg call_printf xor_reg_reg pop_reg ret,0
use_after_free_vuln_6_x86_O3,_start,xor_reg_reg mov_reg_reg pop_reg mov_reg_reg and_reg_imm push_reg push_reg xor_reg_reg xor_reg_reg mov_reg_imm call_indirect hlt,0
use_after_free_vuln_6_x86_O3,main,push_reg mov_reg_imm call_malloc mov_reg_reg mov_reg_reg call_free mov_reg_mem lea_reg_mem xor_reg_reg call_printf xor_reg_reg pop_reg ret,0
use_after_free_vuln_7_x86_O0,_start,xor_reg_reg mov_reg_reg pop_reg mov_reg_reg and_reg_imm push_reg push_reg xor_reg_reg xor_reg_reg mov_reg_imm call_indirect hlt,0
use_after_free_vuln_7_x86_O0,main,push_reg mov_reg_reg sub_reg_imm mov_reg_imm call_malloc mov_mem_reg mov_reg_mem mov_mem_imm mov_reg_mem mov_reg_reg call_free mov_reg_mem mov_reg_mem lea_reg_mem mov_reg_reg mov_reg_reg mov_reg_imm call_printf mov_reg_imm leave ret,0
use_after_free_vuln_7_x86_O1,_start,xor_reg_reg mov_reg_reg pop_reg mov_reg_reg and_reg_imm push_reg push_reg xor_reg_reg xor_reg_reg mov_reg_imm call_indirect hlt,0
use_after_free_vuln_7_x86_O1,main,push_reg mov_reg_imm call_malloc mov_reg_reg mov_reg_reg call_free mov_reg_mem lea_reg_mem mov_reg_imm call_printf mov_reg_imm pop_reg ret,0
use_after_free_vuln_7_x86_O2,_start,xor_reg_reg mov_reg_reg pop_reg mov_reg_reg and_reg_imm push_reg push_reg xor_reg_reg xor_reg_reg mov_reg_imm call_indirect hlt,0
use_after_free_vuln_7_x86_O2,main,push_reg mov_reg_imm call_malloc mov_reg_reg mov_reg_reg call_free mov_reg_mem lea_reg_mem xor_reg_reg call_printf xor_reg_reg pop_reg ret,0
use_after_free_vuln_7_x86_O3,_start,xor_reg_reg mov_reg_reg pop_reg mov_reg_reg and_reg_imm push_reg push_reg xor_reg_reg xor_reg_reg mov_reg_imm call_indirect hlt,0
use_after_free_vuln_7_x86_O3,main,push_reg mov_reg_imm call_malloc mov_reg_reg mov_reg_reg call_free mov_reg_mem lea_reg_mem xor_reg_reg call_printf xor_reg_reg pop_reg ret,0
use_after_free_vuln_8_x86_O0,_start,xor_reg_reg mov_reg_reg pop_reg mov_reg_reg and_reg_imm push_reg push_reg xor_reg_reg xor_reg_reg mov_reg_imm call_indirect hlt,0
use_after_free_vuln_8_x86_O0,main,push_reg mov_reg_reg sub_reg_imm mov_reg_imm call_malloc mov_mem_reg mov_reg_mem mov_mem_imm mov_reg_mem mov_reg_reg call_free mov_reg_mem mov_reg_mem lea_reg_mem mov_reg_reg mov_reg_reg mov_reg_imm call_printf mov_reg_imm leave ret,0
use_after_free_vuln_8_x86_O1,_start,xor_reg_reg mov_reg_reg pop_reg mov_reg_reg and_reg_imm push_reg push_reg xor_reg_reg xor_reg_reg mov_reg_imm call_indirect hlt,0
use_after_free_vuln_8_x86_O1,main,push_reg mov_reg_imm call_malloc mov_reg_reg mov_reg_reg call_free mov_reg_mem lea_reg_mem mov_reg_imm call_printf mov_reg_imm pop_reg ret,0
use_after_free_vuln_8_x86_O2,_start,xor_reg_reg mov_reg_reg pop_reg mov_reg_reg and_reg_imm push_reg push_reg xor_reg_reg xor_reg_reg mov_reg_imm call_indirect hlt,0
use_after_free_vuln_8_x86_O2,main,push_reg mov_reg_imm call_malloc mov_reg_reg mov_reg_reg call_free mov_reg_mem lea_reg_mem xor_reg_reg call_printf xor_reg_reg pop_reg ret,0
use_after_free_vuln_8_x86_O3,_start,xor_reg_reg mov_reg_reg pop_reg mov_reg_reg and_reg_imm push_reg push_reg xor_reg_reg xor_reg_reg mov_reg_imm call_indirect hlt,0
use_after_free_vuln_8_x86_O3,main,push_reg mov_reg_imm call_malloc mov_reg_reg mov_reg_reg call_free mov_reg_mem lea_reg_mem xor_reg_reg call_printf xor_reg_reg pop_reg ret,0
use_after_free_vuln_9_x86_O0,_start,xor_reg_reg mov_reg_reg pop_reg mov_reg_reg and_reg_imm push_reg push_reg xor_reg_reg xor_reg_reg mov_reg_imm call_indirect hlt,0
use_after_free_vuln_9_x86_O0,main,push_reg mov_reg_reg sub_reg_imm mov_reg_imm call_malloc mov_mem_reg mov_reg_mem mov_mem_imm mov_reg_mem mov_reg_reg call_free mov_reg_mem mov_reg_mem lea_reg_mem mov_reg_reg mov_reg_reg mov_reg_imm call_printf mov_reg_imm leave ret,0
use_after_free_vuln_9_x86_O1,_start,xor_reg_reg mov_reg_reg pop_reg mov_reg_reg and_reg_imm push_reg push_reg xor_reg_reg xor_reg_reg mov_reg_imm call_indirect hlt,0
use_after_free_vuln_9_x86_O1,main,push_reg mov_reg_imm call_malloc mov_reg_reg mov_reg_reg call_free mov_reg_mem lea_reg_mem mov_reg_imm call_printf mov_reg_imm pop_reg ret,0
use_after_free_vuln_9_x86_O2,_start,xor_reg_reg mov_reg_reg pop_reg mov_reg_reg and_reg_imm push_reg push_reg xor_reg_reg xor_reg_reg mov_reg_imm call_indirect hlt,0
use_after_free_vuln_9_x86_O2,main,push_reg mov_reg_imm call_malloc mov_reg_reg mov_reg_reg call_free mov_reg_mem lea_reg_mem xor_reg_reg call_printf xor_reg_reg pop_reg ret,0
use_after_free_vuln_9_x86_O3,_start,xor_reg_reg mov_reg_reg pop_reg mov_reg_reg and_reg_imm push_reg push_reg xor_reg_reg xor_reg_reg mov_reg_imm call_indirect hlt,0
use_after_free_vuln_9_x86_O3,main,push_reg mov_reg_imm call_malloc mov_reg_reg mov_reg_reg call_free mov_reg_mem lea_reg_mem xor_reg_reg call_printf xor_reg_reg pop_reg ret,0
